ImageId,class_1,class_2,class_3,class_4,has_defect
438caa473.jpg,0,0,0,0,0
a1b3fa11b.jpg,1,0,0,0,1
a5f52444d.jpg,0,0,0,0,0
13f563a54.jpg,0,0,0,0,0
e9d0de676.jpg,0,0,1,0,1
b494c20d6.jpg,0,0,0,0,0
4429c5e55.jpg,0,0,0,0,0
bf24a03ac.jpg,0,0,1,0,1
e74522431.jpg,0,0,0,0,0
927ba7fc4.jpg,0,0,0,0,0
820a86bdd.jpg,0,0,0,1,1
0ff2850a2.jpg,0,0,1,0,1
380c01646.jpg,1,0,0,0,1
551b840d2.jpg,0,0,1,0,1
f33e7fc05.jpg,0,0,1,0,1
0d7afc7a6.jpg,0,0,0,0,0
6e34351b6.jpg,0,0,1,0,1
d5345c3da.jpg,0,0,1,0,1
ebcfa79fd.jpg,0,0,1,0,1
6ac1c730f.jpg,0,0,1,0,1
c6cb040ad.jpg,0,0,1,0,1
59c00ad1f.jpg,0,0,1,0,1
7be8a27c8.jpg,1,0,0,0,1
87f167395.jpg,0,0,0,0,0
81137ae8b.jpg,0,0,1,0,1
40b90abe8.jpg,0,0,1,0,1
3e9882356.jpg,0,0,0,0,0
a5006914c.jpg,0,0,1,0,1
4e2e1bdb7.jpg,0,0,1,0,1
537e66c26.jpg,1,0,0,0,1
c38ded308.jpg,0,0,0,0,0
ae2c96c4e.jpg,0,0,1,0,1
d8cc693b1.jpg,0,0,0,0,0
1ef276277.jpg,0,0,1,0,1
05396b495.jpg,0,0,1,0,1
7c6880fc1.jpg,0,0,0,0,0
78b5bc846.jpg,0,1,0,0,1
6550a2b76.jpg,0,0,0,0,0
b4a2c233f.jpg,0,0,0,0,0
68e9a1ae8.jpg,0,0,0,0,0
95a319375.jpg,0,0,0,0,0
3adb7c36d.jpg,0,0,1,0,1
524015c26.jpg,0,0,0,0,0
fc9f88417.jpg,0,0,1,0,1
ed60642e0.jpg,0,0,0,0,0
c5ee627e2.jpg,0,0,1,0,1
ded5c87e8.jpg,0,0,1,0,1
28eea1b0a.jpg,0,0,0,0,0
a7655a8d3.jpg,0,0,1,0,1
ea69073bd.jpg,0,0,1,0,1
8a28acf4e.jpg,0,0,0,0,0
3bd3c2a95.jpg,0,0,0,0,0
6e30e4696.jpg,0,0,1,0,1
6a81d86ab.jpg,0,0,0,0,0
badc586ae.jpg,0,0,1,0,1
8040474f4.jpg,0,0,0,0,0
c2b446019.jpg,0,0,1,0,1
03ba7286b.jpg,0,0,0,0,0
b3af1181e.jpg,0,0,0,0,0
5a96ebdcf.jpg,0,0,1,0,1
17840def7.jpg,0,0,0,0,0
57461a858.jpg,0,0,0,0,0
82add8f46.jpg,0,0,0,0,0
09a3a5730.jpg,0,0,0,0,0
c303505d3.jpg,0,0,0,0,0
d4af6d206.jpg,0,0,1,0,1
cd914e3f8.jpg,0,0,0,0,0
65e2c4248.jpg,0,0,0,0,0
207d87ea7.jpg,0,0,1,0,1
9ea0fe458.jpg,0,0,0,0,0
446b81b06.jpg,0,0,0,0,0
bacfd8fc8.jpg,0,0,1,0,1
bfa249587.jpg,0,0,1,0,1
c5054fd93.jpg,0,0,1,0,1
e1560e1d0.jpg,0,0,1,0,1
bcda255e8.jpg,0,0,0,0,0
a17df17bd.jpg,0,0,0,0,0
57258d636.jpg,0,0,0,0,0
9364ef68b.jpg,0,0,0,0,0
a4cef60d1.jpg,0,0,1,0,1
7095dc41e.jpg,0,0,1,0,1
fe6065792.jpg,0,0,0,0,0
23b06f857.jpg,0,0,0,1,1
97d7de56a.jpg,0,0,0,0,0
5f11a4623.jpg,1,0,1,0,1
bae6afeb1.jpg,0,0,0,0,0
94c910b08.jpg,0,0,1,0,1
2c405a793.jpg,0,0,0,0,0
8bba1760b.jpg,0,0,0,0,0
6143631ab.jpg,0,0,1,0,1
6ce9bf7f7.jpg,0,0,1,0,1
d9efa06f0.jpg,0,0,0,0,0
871f864ef.jpg,0,0,0,0,0
4c13a35f4.jpg,0,0,0,0,0
4d872dfd7.jpg,0,0,0,0,0
5d2fe9f45.jpg,1,0,0,0,1
f7911bc46.jpg,0,0,0,0,0
fe01b0ce0.jpg,0,0,1,0,1
748dffce7.jpg,0,0,1,0,1
6e6f0e760.jpg,0,0,1,0,1
dd939d22f.jpg,0,0,0,0,0
c5a43f4e1.jpg,0,0,1,0,1
2745ecf6b.jpg,0,0,1,0,1
10120e148.jpg,0,0,0,0,0
2db969d6b.jpg,0,0,1,0,1
000a4bcdd.jpg,1,0,0,0,1
a56476e8b.jpg,0,0,0,0,0
6cbc3708d.jpg,0,0,1,0,1
4d4dd1754.jpg,0,0,1,0,1
1ec98acac.jpg,0,0,1,0,1
914cf1f65.jpg,0,0,0,0,0
a7942bafe.jpg,0,0,1,0,1
c7370d3be.jpg,0,0,0,0,0
340364e5b.jpg,0,0,0,0,0
ef6febf17.jpg,0,0,0,0,0
f25c52683.jpg,0,0,0,0,0
ee63f3e1e.jpg,0,0,0,0,0
346458b63.jpg,0,0,0,0,0
a01c8ce20.jpg,0,0,1,0,1
4687087d5.jpg,0,0,0,0,0
5ba43097d.jpg,0,0,1,0,1
ed992aa5a.jpg,0,0,0,0,0
30fd94c0e.jpg,0,0,0,0,0
b197ca6e6.jpg,0,0,0,0,0
190190a6f.jpg,0,0,0,1,1
af7a5f3e7.jpg,0,0,0,0,0
cdd6cac95.jpg,0,0,1,0,1
8a06952d6.jpg,0,0,0,0,0
cb9991b64.jpg,0,0,0,0,0
9ddbb8f42.jpg,0,0,1,0,1
76601163a.jpg,0,0,0,0,0
ac47aefbc.jpg,0,0,0,1,1
a434d334f.jpg,0,0,1,0,1
739f32100.jpg,0,0,1,0,1
5a2a644d9.jpg,0,0,1,0,1
301fc5e57.jpg,0,0,1,0,1
c8330f9d9.jpg,0,0,0,0,0
62cf0b008.jpg,0,0,0,0,0
71f687e7d.jpg,0,0,1,0,1
a8c34c3ee.jpg,0,0,0,0,0
1b6743f6e.jpg,0,0,1,0,1
6377c76ee.jpg,0,0,0,0,0
3c0b48018.jpg,0,0,0,0,0
2c5094bf8.jpg,0,0,0,0,0
c6ee10d49.jpg,0,0,0,0,0
b7d19b506.jpg,1,0,0,0,1
77dc1cea6.jpg,0,0,1,0,1
fa6a65776.jpg,0,0,0,0,0
69f290a7f.jpg,1,0,1,0,1
3b3cdf141.jpg,0,0,0,0,0
e8aacce9c.jpg,0,0,1,0,1
01cfacf80.jpg,0,0,1,1,1
f6091ef22.jpg,0,0,1,0,1
3a2f71136.jpg,0,0,1,0,1
1cb27ff90.jpg,0,0,1,0,1
650fa0a7a.jpg,0,0,1,0,1
386e34822.jpg,0,0,0,0,0
64b61a1b3.jpg,0,0,1,0,1
08f5d5a29.jpg,0,0,0,0,0
26c156283.jpg,1,0,0,0,1
d2f07a8db.jpg,1,0,0,0,1
3f4cb099f.jpg,0,0,0,0,0
a17bb5212.jpg,0,0,0,0,0
c169ffecd.jpg,0,0,0,0,0
b646b6038.jpg,0,0,0,1,1
476efaa3d.jpg,0,0,1,1,1
ddb6adb93.jpg,0,0,0,0,0
5e08ca8ee.jpg,0,0,0,0,0
9078fb095.jpg,0,0,1,0,1
5dc613459.jpg,0,0,0,0,0
4e10c8425.jpg,0,0,0,0,0
4fda927f8.jpg,0,0,0,0,0
65d3d7a0c.jpg,0,0,1,0,1
74661f8d7.jpg,0,0,1,0,1
bbbfc8375.jpg,0,0,0,0,0
7249ae1f4.jpg,0,0,1,0,1
ff4ddccf9.jpg,0,0,1,0,1
478dc217a.jpg,0,0,0,0,0
4c03cad47.jpg,0,0,1,0,1
c33c289a5.jpg,0,0,0,0,0
e2c3eb1ff.jpg,0,0,0,0,0
bbd5080f6.jpg,0,0,0,0,0
c838e1ba6.jpg,0,0,0,0,0
f1becb8a5.jpg,0,0,1,1,1
c18e129a3.jpg,0,0,1,0,1
4a83765e1.jpg,0,0,0,0,0
719519f07.jpg,1,0,0,0,1
29a47d219.jpg,0,0,0,0,0
e07c94229.jpg,0,0,1,0,1
f383950e8.jpg,0,0,1,1,1
c0d04c74f.jpg,0,0,1,0,1
303f25bee.jpg,0,0,0,1,1
66c5ec0b4.jpg,0,0,0,0,0
8d84eea51.jpg,0,0,1,0,1
a05708135.jpg,0,0,1,0,1
2eea8fb3c.jpg,0,0,0,0,0
91222b4c9.jpg,0,0,1,0,1
1f4f2cbae.jpg,0,0,0,0,0
4ee32c458.jpg,0,0,1,0,1
b6f5f2414.jpg,0,0,1,0,1
5c3e81694.jpg,1,0,0,0,1
38f68bc1c.jpg,0,0,0,0,0
3c7e032fc.jpg,0,0,1,0,1
6d38f43aa.jpg,0,0,0,0,0
0b1235e38.jpg,0,0,1,0,1
b52d1fcd8.jpg,0,0,0,0,0
362513350.jpg,0,0,0,0,0
36c07efbe.jpg,0,0,1,0,1
ed8678cea.jpg,1,0,0,0,1
f1bf46783.jpg,0,0,1,0,1
1483bc52d.jpg,0,0,1,0,1
8ef5515f7.jpg,0,0,0,0,0
a2554a434.jpg,0,0,0,0,0
d79e948c4.jpg,1,0,0,0,1
cacd251d2.jpg,0,0,1,0,1
ec921fcc7.jpg,0,0,1,0,1
3bd3e2934.jpg,0,0,0,0,0
39280f44b.jpg,0,0,0,0,0
e57c6ff76.jpg,0,0,1,0,1
fdf8a8fda.jpg,0,0,0,0,0
39b6f2376.jpg,1,0,0,0,1
277ebde3b.jpg,1,0,0,0,1
75731cda9.jpg,0,0,0,0,0
776ed4605.jpg,0,1,0,0,1
d1a774781.jpg,0,0,1,0,1
d6674b01e.jpg,0,0,1,0,1
40f56ca26.jpg,0,0,0,1,1
1a4bfb910.jpg,0,0,0,0,0
e91e8cf28.jpg,0,0,0,0,0
4e46ce4ca.jpg,0,0,1,0,1
ba1848fc8.jpg,0,0,0,0,0
621c327d0.jpg,0,0,0,0,0
03f15daba.jpg,0,0,0,0,0
e6c9dba7f.jpg,0,0,0,0,0
0829af407.jpg,1,0,0,0,1
86d953299.jpg,0,0,1,0,1
e63a509d7.jpg,0,0,0,0,0
66849c8bd.jpg,0,0,1,0,1
99c626f1b.jpg,0,0,0,0,0
2165057fa.jpg,0,0,0,0,0
c92792c38.jpg,0,0,0,0,0
4aa5742ee.jpg,0,0,0,0,0
3467968c0.jpg,0,0,1,0,1
00dcb19f3.jpg,0,0,0,0,0
efa836d61.jpg,0,0,1,0,1
c92d8ef22.jpg,0,0,0,0,0
13c9921d2.jpg,0,0,1,0,1
6e71531ae.jpg,0,0,0,1,1
5bec4663f.jpg,0,0,1,0,1
582f0666f.jpg,0,0,1,0,1
789847732.jpg,0,0,0,0,0
a662c0df3.jpg,0,0,0,0,0
a14e96726.jpg,0,0,1,0,1
f27cf9c58.jpg,0,1,0,0,1
6bc6e2cbc.jpg,0,0,0,0,0
1339dae37.jpg,0,0,0,0,0
5a9da43e1.jpg,0,0,0,0,0
9941cb9f1.jpg,0,0,1,0,1
4d6973926.jpg,0,0,1,0,1
eefe5b710.jpg,0,0,0,1,1
5b537b5fa.jpg,0,0,0,1,1
a72c797c1.jpg,0,0,0,0,0
2ded1960e.jpg,0,0,1,0,1
f2b20ecf8.jpg,0,0,0,0,0
d9bfea1ea.jpg,0,0,1,0,1
87c733c21.jpg,1,0,0,0,1
7b90bf5c9.jpg,0,0,0,0,0
f71c37a0f.jpg,0,0,1,0,1
b89490249.jpg,0,0,1,0,1
38b921939.jpg,0,0,1,1,1
e387ce326.jpg,0,0,0,0,0
503d78c6f.jpg,0,0,1,0,1
bc486ffb1.jpg,0,0,0,0,0
7f52709ea.jpg,1,0,0,0,1
49da138ee.jpg,0,0,0,1,1
51dfcda89.jpg,0,0,0,0,0
743f86720.jpg,0,0,0,0,0
523fee62c.jpg,0,0,1,0,1
52d0d8da4.jpg,0,0,0,1,1
ed94e8b34.jpg,0,0,1,0,1
d3034da7a.jpg,0,0,0,0,0
8cc1c837b.jpg,0,0,1,0,1
3773d544e.jpg,0,0,0,0,0
25e4f6ba7.jpg,0,0,0,0,0
bec23c703.jpg,0,0,0,0,0
77e1644b2.jpg,0,0,1,0,1
99ab45301.jpg,0,0,0,0,0
0debf180d.jpg,0,0,0,0,0
1cf5ea893.jpg,0,0,0,0,0
b4fb938fd.jpg,0,0,1,0,1
423caf51d.jpg,0,0,1,0,1
124204a30.jpg,0,0,1,0,1
31b2a69f4.jpg,0,0,0,0,0
3c0b4c0b0.jpg,0,0,0,0,0
bb4e89121.jpg,0,0,1,0,1
ad5a2ea44.jpg,0,0,1,0,1
e837ab860.jpg,0,0,0,0,0
1ad10c316.jpg,1,0,0,0,1
115d51e4f.jpg,0,0,0,0,0
7de37a671.jpg,0,0,1,0,1
f7202186a.jpg,0,0,0,0,0
1fc4c5a4b.jpg,0,0,1,0,1
3e519e65d.jpg,0,0,0,1,1
708b5813f.jpg,0,0,1,0,1
0ca915b9f.jpg,0,0,1,0,1
16073dd8e.jpg,0,0,0,0,0
3012f44e9.jpg,0,0,1,0,1
a31917703.jpg,0,0,0,0,0
1d2202772.jpg,0,0,0,0,0
60bed88a7.jpg,0,0,0,0,0
90b0043d9.jpg,0,0,0,0,0
af7db8470.jpg,0,0,1,0,1
cbcd45716.jpg,0,0,1,0,1
77c7c7966.jpg,0,0,1,0,1
4a9bd840f.jpg,0,0,1,1,1
be4279ae1.jpg,0,0,1,0,1
608bd49bc.jpg,0,0,0,0,0
5cf49344a.jpg,0,0,0,0,0
9c5e87950.jpg,0,0,0,0,0
2c12af0fc.jpg,0,0,0,0,0
90010b3b7.jpg,0,0,0,0,0
9d3bed2a3.jpg,0,0,0,0,0
d44663f51.jpg,0,0,1,0,1
2dd290c91.jpg,0,0,1,0,1
364e66340.jpg,0,0,0,0,0
6a248797a.jpg,1,0,0,0,1
f7fc733a7.jpg,0,0,1,0,1
bdff0aefc.jpg,0,0,1,0,1
a9d679c95.jpg,0,0,0,0,0
24a91d324.jpg,0,0,1,0,1
bfc738650.jpg,0,0,0,1,1
8d0addbbc.jpg,0,0,1,0,1
d075922ef.jpg,0,0,0,0,0
e0354613c.jpg,0,0,0,0,0
74abdf1ef.jpg,0,0,1,0,1
df052e6d3.jpg,0,0,0,0,0
c54db71af.jpg,0,0,0,1,1
112624ebb.jpg,0,0,0,0,0
6b0b37549.jpg,0,0,0,1,1
b9517e2e2.jpg,0,0,1,0,1
1d3b3b762.jpg,0,0,0,0,0
54c4f7afa.jpg,0,0,1,0,1
37f331c96.jpg,0,0,1,0,1
461fb4927.jpg,1,0,0,0,1
b2488a745.jpg,0,0,0,1,1
0934b8bff.jpg,1,0,0,0,1
51cd72108.jpg,0,0,0,0,0
7db3010d1.jpg,0,0,0,0,0
1efff24a0.jpg,0,0,1,0,1
c7f5f72b0.jpg,0,0,0,0,0
770431e9a.jpg,0,0,0,0,0
f8dcae030.jpg,0,0,1,0,1
396851647.jpg,0,0,0,0,0
040fcc2f1.jpg,0,0,0,0,0
3a9bcbdbf.jpg,0,0,0,1,1
5a3c3a927.jpg,0,0,1,0,1
cea2ea962.jpg,0,0,0,1,1
591f6444c.jpg,0,0,0,0,0
dd154baf9.jpg,0,0,0,0,0
3046d724c.jpg,0,0,0,0,0
a9af4d1c1.jpg,0,0,0,0,0
6966ed5f1.jpg,0,1,0,0,1
9576b930b.jpg,0,0,0,0,0
ae6d0bf01.jpg,0,0,1,0,1
1f384e1f4.jpg,0,0,0,0,0
9cccdc9c0.jpg,0,0,1,0,1
ae8e00590.jpg,0,0,0,0,0
a21d00db9.jpg,0,0,1,0,1
e054a983d.jpg,0,0,1,0,1
0e232ce72.jpg,0,0,0,1,1
6ae3db7d0.jpg,0,0,0,0,0
abdf26bbd.jpg,0,0,0,0,0
07a5651ce.jpg,0,0,1,0,1
2e2b38b6d.jpg,0,0,0,0,0
fa764f687.jpg,0,0,0,0,0
47d9b630e.jpg,0,0,1,0,1
0f8305adb.jpg,0,0,0,1,1
04d49c95d.jpg,0,0,1,0,1
41977e060.jpg,0,0,1,0,1
6842d4cd3.jpg,0,0,0,0,0
b03bdbc0c.jpg,0,0,0,0,0
19fd40586.jpg,0,0,0,0,0
40da1d1ad.jpg,0,0,0,0,0
3f272083c.jpg,0,0,1,0,1
ed3942a81.jpg,0,0,0,0,0
f95284047.jpg,0,0,1,0,1
e9fa75516.jpg,0,0,1,0,1
72b465391.jpg,1,0,0,0,1
7ac8253f5.jpg,0,0,0,0,0
0dd8c9f61.jpg,0,0,1,0,1
50f53c152.jpg,0,0,0,0,0
2959d7fb1.jpg,0,1,0,0,1
1f1a35501.jpg,0,0,0,0,0
bb65f4269.jpg,0,0,0,1,1
b35a08d7a.jpg,0,0,1,0,1
18b1bb78a.jpg,0,0,0,0,0
bb6f86b58.jpg,0,0,0,0,0
e31f8c3de.jpg,0,0,0,1,1
a97d3a84e.jpg,0,0,0,1,1
174af9fd6.jpg,0,0,1,0,1
8dfcc174b.jpg,0,0,1,0,1
ea64f7fc8.jpg,0,0,0,0,0
311edf4e4.jpg,1,0,0,0,1
c12842f5e.jpg,0,0,1,0,1
e32bb7b41.jpg,0,0,1,0,1
254f1326a.jpg,0,0,0,0,0
155d2590e.jpg,0,0,0,0,0
4bf441d2e.jpg,0,0,0,0,0
8afa9dfaf.jpg,0,0,0,0,0
4a7295387.jpg,0,0,0,0,0
e6b97f991.jpg,0,0,1,0,1
5c3ba387a.jpg,0,0,1,0,1
6950bbedb.jpg,0,0,0,0,0
af4cdefaa.jpg,0,0,1,0,1
73cdb1d89.jpg,0,0,1,0,1
fa3828a07.jpg,0,0,1,0,1
4aed3c85d.jpg,0,0,0,0,0
14e90eb54.jpg,0,0,1,0,1
482e2e173.jpg,0,0,0,0,0
30fc6e17e.jpg,0,0,0,0,0
e29a708e0.jpg,1,0,0,0,1
09e06e897.jpg,0,0,1,0,1
e097b9586.jpg,0,0,0,0,0
d12e3a4dc.jpg,0,0,0,0,0
2e10357c2.jpg,1,0,0,0,1
2bca350a2.jpg,0,0,0,0,0
766438a3b.jpg,0,0,1,0,1
a025c6ed2.jpg,0,0,1,0,1
210140342.jpg,0,0,0,0,0
631eb3826.jpg,0,0,1,0,1
e495d5456.jpg,0,0,1,1,1
8a49034a3.jpg,0,0,0,0,0
e2cc5ba4f.jpg,0,0,0,0,0
10b23eabe.jpg,0,0,1,0,1
c10467a1f.jpg,0,0,1,0,1
2d15d9135.jpg,0,0,1,0,1
d0ba35b7f.jpg,1,0,0,0,1
008479d08.jpg,0,0,0,0,0
89472ccc3.jpg,0,0,0,0,0
38f7b097e.jpg,0,0,1,0,1
e56f52c1e.jpg,0,1,0,0,1
7ee479373.jpg,0,0,1,0,1
017d75655.jpg,0,0,0,0,0
e6a44cda3.jpg,0,0,1,0,1
c357d41a1.jpg,0,0,1,0,1
bf96d0602.jpg,0,0,1,0,1
b023d90ff.jpg,0,0,1,0,1
b859b9175.jpg,0,0,0,0,0
436398e3b.jpg,0,0,1,0,1
98bb73faf.jpg,1,0,0,0,1
f27dfe80a.jpg,0,0,1,0,1
6e91d0773.jpg,0,0,0,0,0
29e57e1de.jpg,0,0,1,0,1
65829e956.jpg,0,0,0,0,0
51632c4a4.jpg,0,0,1,0,1
b79a0d30f.jpg,0,0,1,1,1
e4173df9a.jpg,0,0,0,0,0
363cb0c44.jpg,0,0,0,0,0
31960a851.jpg,0,0,0,0,0
a323256b5.jpg,0,0,0,0,0
b8a7c74b3.jpg,0,0,1,0,1
5da0590e5.jpg,0,0,0,0,0
71553a0d8.jpg,0,0,1,1,1
dd172eb82.jpg,0,0,1,0,1
90b51d4f7.jpg,0,0,1,0,1
632133372.jpg,0,0,1,0,1
de5a08726.jpg,1,0,0,0,1
a1c385029.jpg,0,0,1,0,1
0ec69ca92.jpg,0,0,1,0,1
3612b5c6b.jpg,0,0,0,0,0
61b5984bb.jpg,0,0,0,0,0
dd4508ac4.jpg,0,0,0,0,0
846a8ccab.jpg,0,0,1,0,1
144e06202.jpg,0,0,0,0,0
0b1a4d585.jpg,1,0,0,0,1
4d38c353e.jpg,0,0,1,1,1
9c42e727c.jpg,0,0,0,1,1
5377dbac1.jpg,0,0,1,0,1
f4d41a007.jpg,0,0,0,0,0
0fb56c62d.jpg,1,0,0,0,1
002af848d.jpg,0,0,0,1,1
1863eb011.jpg,0,0,0,0,0
2cffa3a1a.jpg,0,0,0,0,0
318ad28c6.jpg,0,0,0,0,0
63c0e226d.jpg,0,0,0,0,0
6d65f84f0.jpg,0,0,0,0,0
1bbd2bc64.jpg,0,0,0,0,0
d77e9ff45.jpg,0,0,0,1,1
84d0c1ee2.jpg,0,0,0,0,0
fed07ccf3.jpg,1,0,0,0,1
17de32215.jpg,0,0,0,0,0
ab9ac2006.jpg,0,0,0,0,0
686d19124.jpg,0,0,0,0,0
0ba4c4183.jpg,0,0,0,0,0
32dfb96b8.jpg,0,0,0,0,0
d571030d2.jpg,0,0,1,0,1
efe30162b.jpg,0,0,1,0,1
2fb37ce84.jpg,0,0,0,0,0
439f1a016.jpg,1,0,0,0,1
13d727efa.jpg,0,0,0,0,0
fa6905f76.jpg,0,0,0,0,0
4c6a55f89.jpg,0,0,0,1,1
aad347618.jpg,0,0,1,0,1
deb036a27.jpg,0,0,1,0,1
93fb48b72.jpg,0,0,0,0,0
dc67d78bf.jpg,1,0,0,0,1
d06052fa8.jpg,0,0,1,0,1
6796e2c3f.jpg,0,0,0,0,0
0f0c71c3e.jpg,0,0,1,0,1
47cf3a13c.jpg,1,0,0,0,1
cf8e21964.jpg,0,0,1,0,1
00c6060db.jpg,0,0,0,0,0
530227cd2.jpg,0,0,0,0,0
8ed31effd.jpg,1,0,0,0,1
105f93d9e.jpg,0,0,1,0,1
b69920a15.jpg,0,0,1,0,1
193732cc8.jpg,0,0,0,0,0
d717685ea.jpg,0,0,0,0,0
ebf129ba9.jpg,0,0,0,0,0
bcd819a3b.jpg,0,0,0,0,0
d606a3bc4.jpg,0,0,0,0,0
903d4e8ce.jpg,0,0,0,0,0
a3714aefc.jpg,0,0,1,0,1
ccef0f068.jpg,0,0,0,0,0
82b23f53c.jpg,0,0,1,0,1
3eae81bc8.jpg,0,0,1,0,1
d4e66ad89.jpg,0,0,1,0,1
ea87a105c.jpg,0,0,0,0,0
0025bde0c.jpg,0,0,1,1,1
14dfdd0bf.jpg,0,0,0,0,0
0696cfa05.jpg,0,0,1,0,1
7f9df7221.jpg,0,0,0,0,0
534fa3ac4.jpg,1,0,0,0,1
255dde01e.jpg,0,0,0,0,0
f939530e3.jpg,0,0,0,0,0
dfc4b8d29.jpg,0,0,1,0,1
165a55d5c.jpg,0,0,1,1,1
b9fc6b359.jpg,0,0,0,1,1
35928cedc.jpg,0,0,0,0,0
1f663a670.jpg,0,0,0,0,0
48f24cf29.jpg,0,0,0,0,0
e4547788b.jpg,0,0,1,0,1
15a15f4c4.jpg,0,0,0,0,0
7ee4ba925.jpg,0,0,1,0,1
9271c7e3d.jpg,0,1,0,0,1
72bebf035.jpg,1,0,0,0,1
bb21cd153.jpg,0,0,0,0,0
dce018412.jpg,0,0,0,0,0
17f9f952a.jpg,1,0,0,0,1
d2454fd68.jpg,1,0,0,0,1
63a3aaaa4.jpg,0,0,0,0,0
4eb33b3fe.jpg,0,0,0,0,0
4a585e4e9.jpg,0,0,0,0,0
bfd00e92b.jpg,0,0,0,0,0
b6db869b7.jpg,0,0,0,0,0
5cc70cbdb.jpg,0,0,0,1,1
47a193b76.jpg,0,0,1,0,1
3dafe7660.jpg,0,0,0,0,0
b0636a5e2.jpg,0,0,1,0,1
55e7e8715.jpg,0,0,0,0,0
6f7e69e8b.jpg,0,0,0,0,0
8eec15551.jpg,0,0,0,0,0
67270238f.jpg,0,0,0,0,0
b69aaf096.jpg,0,0,1,0,1
3b55c8cd1.jpg,0,0,0,0,0
92ebbbaea.jpg,0,0,1,0,1
64e954c1f.jpg,0,0,0,0,0
df17684d1.jpg,0,0,1,0,1
c32d6a8c5.jpg,0,0,0,0,0
3a6a4078f.jpg,0,0,1,0,1
f701e3865.jpg,0,0,0,0,0
22d94f944.jpg,0,0,0,0,0
23c450c03.jpg,1,0,0,0,1
bb78033f6.jpg,0,0,0,0,0
7ad42c7a8.jpg,0,0,0,0,0
33945043e.jpg,1,0,0,0,1
ce06d92b1.jpg,0,0,0,0,0
acd54b2af.jpg,0,0,0,0,0
1aedfd7ab.jpg,0,0,1,0,1
602288d9c.jpg,0,0,1,0,1
924b2f84a.jpg,0,0,0,0,0
ab3065e7f.jpg,0,0,0,0,0
9027291e8.jpg,0,0,1,0,1
a2d475315.jpg,0,0,1,0,1
4232b6b9a.jpg,0,0,0,0,0
18c14f720.jpg,0,1,0,0,1
2efbac12d.jpg,0,0,0,0,0
ded434019.jpg,0,0,0,0,0
f157238ea.jpg,0,0,0,0,0
3dd12eaf0.jpg,0,0,0,0,0
c7eb26d69.jpg,0,0,0,0,0
a3c50494f.jpg,0,0,0,0,0
70a1d1d39.jpg,0,0,0,1,1
d245c4e7f.jpg,1,0,0,0,1
7b4bcde18.jpg,0,0,1,0,1
89f119c0a.jpg,1,0,0,0,1
0c888ecb5.jpg,0,0,1,1,1
9b7f10d4b.jpg,0,0,0,0,0
f6efc793c.jpg,0,0,0,0,0
9d3b4a019.jpg,0,0,0,1,1
ee21b4b2d.jpg,0,0,1,0,1
7be162a87.jpg,0,0,0,0,0
9b67d53e6.jpg,0,0,0,0,0
2b06b596f.jpg,0,0,0,0,0
ef21b3e57.jpg,0,0,1,0,1
428f061fd.jpg,0,0,0,0,0
aa741b586.jpg,0,0,1,0,1
c8f2eeaeb.jpg,0,0,0,0,0
6b6a070d0.jpg,0,0,1,0,1
a5ab1671d.jpg,0,0,0,0,0
f1d7871fd.jpg,0,0,0,0,0
4d57922af.jpg,0,0,0,1,1
6c3866964.jpg,0,0,0,0,0
ec87938ad.jpg,0,0,0,0,0
d691b03b6.jpg,0,0,0,0,0
6b9b11301.jpg,0,0,1,0,1
e131b10b3.jpg,0,0,1,0,1
d989f3b29.jpg,0,0,0,0,0
0b1993a49.jpg,0,0,1,0,1
c9d24ef83.jpg,0,0,1,0,1
0db39b46a.jpg,0,0,0,0,0
a5d62699f.jpg,0,0,0,0,0
efb8d2080.jpg,0,0,0,0,0
5b34ea110.jpg,0,0,0,0,0
cd1f8d368.jpg,0,1,0,0,1
f3d855e66.jpg,0,0,1,0,1
aa14f39fd.jpg,1,0,0,0,1
f6ada445d.jpg,0,0,0,0,0
6f490117c.jpg,0,0,1,0,1
fdabe52ee.jpg,0,0,1,0,1
ea497a14e.jpg,0,0,0,0,0
6ca581fb2.jpg,0,0,0,0,0
cb7a45fa6.jpg,0,0,1,0,1
47dfe1d85.jpg,0,0,0,0,0
d36deb533.jpg,0,0,0,0,0
0a1cade03.jpg,0,0,0,0,0
446ba8f9b.jpg,0,0,1,0,1
39b187684.jpg,0,0,0,0,0
edbb46a8e.jpg,0,0,1,0,1
c3ff6937c.jpg,1,0,0,0,1
c07b4a53e.jpg,0,0,1,0,1
cd66a2861.jpg,0,0,0,0,0
714a7eec8.jpg,0,0,0,0,0
93febc91d.jpg,0,0,1,0,1
5fa81f2b5.jpg,0,0,1,0,1
1f9f97b80.jpg,0,0,1,0,1
0a46cc4bf.jpg,0,0,0,0,0
1c9bc9377.jpg,0,0,0,0,0
471b423b1.jpg,0,0,1,0,1
3f0cb41b9.jpg,0,0,0,0,0
f67e682da.jpg,0,0,1,0,1
df656b199.jpg,0,0,1,0,1
994aa6f1d.jpg,0,0,1,0,1
402ed4424.jpg,0,0,0,0,0
a71e7121c.jpg,1,0,0,0,1
760bc3180.jpg,0,0,1,0,1
552c82a23.jpg,0,0,0,0,0
4529ee151.jpg,0,0,1,0,1
cf5231a23.jpg,0,0,1,0,1
e0490b7cf.jpg,0,0,1,0,1
8f82d86db.jpg,1,0,1,0,1
5757100f0.jpg,0,0,0,1,1
c92192495.jpg,0,0,0,0,0
bbaeed54e.jpg,0,0,0,1,1
fd14dd6dc.jpg,0,0,1,0,1
8cec737ef.jpg,0,0,0,0,0
90efd69df.jpg,0,0,0,0,0
f525de3a6.jpg,0,0,0,0,0
457055016.jpg,0,0,0,0,0
1c29bf20f.jpg,0,0,0,0,0
903a4f9e6.jpg,0,0,0,0,0
fe96a088d.jpg,0,0,1,0,1
cc8f6ee56.jpg,0,0,1,0,1
87a5ac2f8.jpg,1,0,0,0,1
66a1eb528.jpg,0,0,0,0,0
161ca82bf.jpg,0,0,1,0,1
7581cba15.jpg,0,0,0,1,1
5226a20da.jpg,0,0,0,0,0
bcbdbf3ac.jpg,0,0,0,0,0
b57d15322.jpg,1,0,0,0,1
f6c7845d2.jpg,0,0,0,0,0
6685aa0f5.jpg,0,0,0,0,0
1a77fb759.jpg,0,0,0,1,1
49602e70e.jpg,0,0,0,0,0
8b495e389.jpg,0,0,1,0,1
0faa71251.jpg,0,0,0,0,0
b5e9007e5.jpg,0,0,0,0,0
aea51e93f.jpg,0,0,1,0,1
8c1825273.jpg,0,0,0,0,0
a6c7b60b3.jpg,0,0,1,0,1
7c5918274.jpg,0,0,1,1,1
43c6a30fa.jpg,1,0,0,0,1
8d4206f2a.jpg,0,0,1,0,1
d77a3d70e.jpg,0,0,0,0,0
b2ba56cd7.jpg,0,0,1,0,1
6cf220068.jpg,0,0,0,0,0
09f1605ee.jpg,0,0,0,1,1
1dec24f86.jpg,0,0,0,0,0
9f282448c.jpg,0,0,0,0,0
8299f5460.jpg,0,0,1,1,1
0a76ac9b8.jpg,0,0,0,0,0
50bab4d98.jpg,0,0,1,0,1
f1317e0c9.jpg,0,0,0,0,0
0f4bf08bd.jpg,1,0,0,0,1
2eb50a13e.jpg,0,0,1,0,1
2c39e6ccb.jpg,0,0,1,0,1
c374f493e.jpg,0,0,0,0,0
06eb2151d.jpg,0,0,1,0,1
b3a8bd174.jpg,0,1,0,0,1
29360cd19.jpg,0,0,0,0,0
d0d0e589a.jpg,0,0,1,0,1
c3c47c1c4.jpg,0,0,0,0,0
20fb50eb6.jpg,0,0,0,0,0
c5b0cfd34.jpg,0,0,0,0,0
f8af268c6.jpg,0,0,1,0,1
3d8f3ef8c.jpg,0,0,0,0,0
cb1f7d883.jpg,0,0,0,0,0
9dfd2503e.jpg,0,0,0,0,0
fa7c44dbf.jpg,0,0,0,0,0
933e1967c.jpg,0,0,1,0,1
e8c73d030.jpg,0,0,1,0,1
b3f6a891f.jpg,0,0,0,0,0
2fba73fa0.jpg,0,0,0,0,0
f33469843.jpg,1,0,0,0,1
3ff9adb9d.jpg,0,0,1,0,1
fc2d2d29e.jpg,1,0,1,0,1
398ff41cf.jpg,0,0,1,0,1
83d9b39c8.jpg,0,0,1,0,1
cb7c34c05.jpg,1,0,0,0,1
47a1cf315.jpg,0,0,0,0,0
f17e982f9.jpg,0,1,0,0,1
c70702ea2.jpg,0,0,0,1,1
9ef832f8d.jpg,0,0,0,0,0
823c53d37.jpg,0,0,0,0,0
8ef6dc341.jpg,0,0,1,0,1
9e64fcd30.jpg,0,0,0,0,0
270f5361d.jpg,0,0,1,0,1
c83a2e190.jpg,0,0,1,0,1
e2793bad2.jpg,0,0,0,0,0
bff6cdfad.jpg,0,1,1,0,1
5ea7bbf5f.jpg,0,0,1,0,1
637a0124c.jpg,0,0,0,0,0
4d0d86a96.jpg,0,0,1,0,1
4613d520c.jpg,0,1,0,0,1
7de00739f.jpg,0,0,1,0,1
c62ca3c1f.jpg,1,0,1,0,1
d4458a6bb.jpg,0,0,0,0,0
c85251430.jpg,0,0,1,0,1
b2e59bdaa.jpg,0,0,1,0,1
2cf368c20.jpg,0,0,0,0,0
c96f172ef.jpg,0,0,0,0,0
c8157d623.jpg,0,0,0,0,0
a182761fa.jpg,0,0,0,0,0
0fc3d194a.jpg,0,0,1,0,1
3a0e5cad8.jpg,0,0,1,0,1
6bb12c4ad.jpg,0,0,0,0,0
2fff134c7.jpg,0,0,1,0,1
775115c67.jpg,0,0,0,0,0
388e36308.jpg,0,0,1,0,1
3df0aec51.jpg,0,0,0,0,0
a8b83f498.jpg,0,0,0,0,0
d13d67029.jpg,0,0,0,0,0
1f6915575.jpg,0,0,1,0,1
1a674eaaf.jpg,0,0,0,0,0
006a4402e.jpg,0,0,0,0,0
0f010cc60.jpg,1,0,1,0,1
703de742d.jpg,0,0,0,0,0
b2148a422.jpg,0,0,1,1,1
e3134b6c1.jpg,0,0,0,0,0
a4844715b.jpg,1,0,0,0,1
65657b8ed.jpg,0,0,1,0,1
25737d300.jpg,0,0,1,0,1
6505eb32e.jpg,0,0,0,0,0
ae93df7d1.jpg,0,0,1,0,1
e473f2647.jpg,0,0,1,0,1
2d18eccdd.jpg,0,0,0,0,0
e195c6b17.jpg,0,0,1,0,1
55de18232.jpg,0,0,0,0,0
36ea9270d.jpg,0,0,1,0,1
127f33e12.jpg,0,0,0,0,0
00b989e78.jpg,0,0,0,0,0
81a0575ff.jpg,0,0,0,0,0
f348bf060.jpg,0,0,1,0,1
7a6004580.jpg,0,0,0,0,0
eceb96837.jpg,0,0,1,0,1
44aea3a11.jpg,0,0,1,0,1
8f38c1314.jpg,0,0,0,1,1
77f89ceee.jpg,0,0,1,0,1
9f96b3c41.jpg,0,0,0,0,0
a6a8cf809.jpg,0,0,0,0,0
b954698ba.jpg,0,0,0,1,1
f53a8182a.jpg,0,0,0,0,0
0988e13e7.jpg,0,0,1,0,1
27f44281b.jpg,1,0,1,0,1
fea4c4feb.jpg,1,0,0,0,1
cb2b5cbbe.jpg,0,0,0,0,0
f88e7ab6d.jpg,0,0,1,0,1
22e05d569.jpg,0,0,1,0,1
b4cc6a4ed.jpg,0,0,1,0,1
f20023b87.jpg,0,0,1,0,1
0af5680b1.jpg,0,0,0,0,0
3d7d0609f.jpg,0,0,0,0,0
a9414f90f.jpg,0,0,1,0,1
603283b48.jpg,0,0,0,0,0
a7b8b9357.jpg,0,0,0,0,0
b5ab2fdda.jpg,0,0,0,0,0
e514a96ce.jpg,0,0,0,0,0
4bc04da70.jpg,0,0,1,0,1
0ddd9b0c8.jpg,0,0,0,0,0
09757b84e.jpg,0,0,1,0,1
0217af9b1.jpg,0,0,1,0,1
402e39bda.jpg,0,0,0,0,0
698995345.jpg,0,0,1,0,1
d37231205.jpg,0,0,0,0,0
009b12ccc.jpg,0,0,0,0,0
cc93ff156.jpg,0,0,1,0,1
f30beded6.jpg,0,1,0,0,1
ef0f5ac32.jpg,0,0,1,0,1
3c4f32f77.jpg,0,0,1,0,1
ce71311e1.jpg,0,0,1,0,1
f3045532b.jpg,0,0,0,0,0
0d2fe4d55.jpg,0,0,0,0,0
816b49863.jpg,0,0,0,0,0
6ff11b744.jpg,1,0,0,0,1
8ac717af9.jpg,0,0,1,0,1
88df5f0d8.jpg,0,0,1,0,1
75970889c.jpg,0,0,1,0,1
11b801a0a.jpg,0,0,1,0,1
2a5fe1870.jpg,0,0,1,0,1
cee644043.jpg,0,0,0,0,0
2995f68a3.jpg,0,0,0,0,0
795907727.jpg,0,0,1,0,1
d0b18f33e.jpg,0,0,0,0,0
5d1d529b0.jpg,0,0,1,0,1
61f1a5464.jpg,0,0,0,0,0
c85960383.jpg,0,0,1,0,1
ea56440ac.jpg,0,0,0,0,0
16f6acb96.jpg,0,0,0,0,0
522ade1d3.jpg,0,0,0,0,0
1d66a6fb4.jpg,0,0,1,1,1
77064b126.jpg,0,0,1,0,1
323c5a20b.jpg,0,0,1,0,1
e6c97a0fe.jpg,0,0,0,0,0
afd067550.jpg,0,0,0,0,0
ac68f9acc.jpg,0,0,1,0,1
fb357de4d.jpg,0,0,1,1,1
b95bf9f14.jpg,0,0,0,0,0
de89591c4.jpg,1,0,0,0,1
62c1c5dcb.jpg,0,0,1,0,1
ecd7ecf7e.jpg,0,0,1,0,1
07b1a9644.jpg,0,0,1,0,1
a7545c9c0.jpg,0,0,0,0,0
254c52b64.jpg,1,0,0,0,1
a0bfe723c.jpg,0,0,0,0,0
5aa352ece.jpg,0,0,0,1,1
8b9050902.jpg,0,0,0,0,0
cbfeaed02.jpg,0,0,0,1,1
a81d409c6.jpg,0,0,1,0,1
c01fd972f.jpg,0,0,1,0,1
4ac70e968.jpg,0,0,0,0,0
3b9264f5c.jpg,0,0,0,0,0
0ea00bf92.jpg,0,1,0,0,1
714256911.jpg,1,0,1,0,1
aeda5b216.jpg,0,0,0,1,1
764275950.jpg,0,0,0,1,1
25ccece7f.jpg,0,0,1,0,1
710a38fab.jpg,0,0,0,0,0
f2c12070d.jpg,0,0,1,0,1
41d7a39dc.jpg,0,0,1,0,1
166818755.jpg,0,0,1,0,1
9c840a05c.jpg,0,0,0,0,0
68f01dba9.jpg,0,0,0,0,0
5f7c066e7.jpg,0,0,0,0,0
40c6fac5a.jpg,0,0,1,0,1
8f31ce4d8.jpg,0,0,1,0,1
402e76b04.jpg,0,0,0,0,0
fd83f3489.jpg,0,0,0,0,0
118b71091.jpg,0,0,1,0,1
a5ed4358c.jpg,0,0,1,0,1
ba26aaf35.jpg,0,0,0,0,0
b8cfc82f8.jpg,0,0,0,0,0
685b767f1.jpg,0,0,0,1,1
4e8b5a042.jpg,0,0,1,0,1
e73e6271d.jpg,0,0,0,0,0
86756300d.jpg,0,0,0,1,1
01e020dc5.jpg,0,0,1,0,1
8b4657500.jpg,0,0,1,0,1
9f24a3e5c.jpg,0,0,0,0,0
03c558103.jpg,0,0,0,0,0
67a174dc4.jpg,0,0,1,0,1
f8dadfeb9.jpg,0,0,0,0,0
3ea50a9bc.jpg,0,0,0,0,0
fa8f73d4b.jpg,0,0,1,0,1
d85c49519.jpg,0,0,0,0,0
2b9a7872a.jpg,0,0,0,0,0
5f34a730b.jpg,1,0,0,0,1
bfe1815d5.jpg,1,0,0,0,1
d0cf465a8.jpg,1,0,0,0,1
f024c4789.jpg,0,0,0,0,0
d8e384009.jpg,0,0,0,0,0
d7bd3c79c.jpg,0,0,0,0,0
141d72a3f.jpg,0,0,1,0,1
9d1e8be32.jpg,0,0,0,0,0
95d7ea988.jpg,0,0,0,0,0
da30cbaf7.jpg,0,0,1,0,1
9f34c4775.jpg,0,0,1,0,1
a9a0a7c73.jpg,0,0,0,0,0
13067c801.jpg,0,0,1,0,1
7e57b31f7.jpg,0,0,1,0,1
feb2cfa94.jpg,0,0,1,0,1
a76da9e56.jpg,0,0,0,0,0
5b28f3d4a.jpg,0,0,1,0,1
c248ca201.jpg,0,0,1,0,1
bbb96273d.jpg,0,0,1,0,1
cc0723fde.jpg,0,0,0,0,0
284639f13.jpg,1,0,0,0,1
a90767710.jpg,0,0,1,0,1
0c6d171c6.jpg,0,0,0,0,0
f910b7857.jpg,0,0,1,0,1
4b7967ef9.jpg,0,0,0,0,0
297fd2839.jpg,0,0,0,0,0
f5fcc4750.jpg,0,0,1,0,1
7b449e3eb.jpg,0,0,0,0,0
6506c22cb.jpg,0,0,0,0,0
d0befd683.jpg,1,0,0,0,1
03860f6a9.jpg,0,0,1,0,1
913e2221d.jpg,1,0,0,0,1
1a5947eb5.jpg,0,0,0,0,0
e628d230c.jpg,0,0,1,0,1
720e3f026.jpg,0,0,1,0,1
6cbf50fc2.jpg,0,0,0,0,0
55341cd4e.jpg,0,0,0,0,0
fa0a430a6.jpg,0,0,0,0,0
3e6c4442f.jpg,0,0,0,0,0
977eee415.jpg,0,0,1,0,1
a559091c5.jpg,1,0,0,0,1
9ed6f9c81.jpg,0,0,1,0,1
ceba9dc16.jpg,0,0,1,1,1
174a43cd9.jpg,0,0,0,0,0
429951ca7.jpg,0,0,1,0,1
c33296732.jpg,0,0,1,0,1
556e12633.jpg,0,0,1,0,1
912f9cca9.jpg,0,0,0,0,0
f74f33985.jpg,0,0,1,0,1
f4413e172.jpg,0,0,1,0,1
afef30338.jpg,0,0,0,0,0
c89e96115.jpg,0,0,1,0,1
69cf6690b.jpg,0,0,0,0,0
01053d28f.jpg,1,0,0,0,1
9d2a467b0.jpg,0,0,0,1,1
f5e54ba62.jpg,1,0,0,0,1
a32f079ad.jpg,0,0,1,0,1
bcafc5791.jpg,0,0,0,0,0
b474eba9f.jpg,0,0,0,0,0
df562f187.jpg,0,0,0,0,0
ca55df343.jpg,0,0,0,0,0
f6082de16.jpg,0,0,0,0,0
41716714b.jpg,0,0,1,0,1
9296c86e5.jpg,0,0,1,0,1
5bba33b04.jpg,0,0,0,0,0
e851fc03a.jpg,1,0,0,0,1
db03ee270.jpg,0,0,1,0,1
181454b94.jpg,0,0,1,0,1
36fef304b.jpg,0,0,0,0,0
d178f1c42.jpg,0,0,1,0,1
484830d85.jpg,0,0,0,0,0
036c4e5d2.jpg,1,0,0,0,1
94da85f76.jpg,1,0,0,0,1
38aeffe92.jpg,1,0,0,0,1
3b9f52504.jpg,0,0,0,0,0
229500455.jpg,1,0,0,0,1
c59bddadd.jpg,0,0,0,0,0
5f507f470.jpg,0,0,0,0,0
aaeff73c9.jpg,0,0,0,0,0
c1f1011b0.jpg,0,0,0,1,1
666960b16.jpg,0,0,0,0,0
6eda6852e.jpg,0,0,1,0,1
acb2ad63d.jpg,0,0,1,0,1
6a87cd08c.jpg,0,0,0,0,0
deb688828.jpg,0,0,0,0,0
32add31cd.jpg,0,0,0,0,0
741a5c461.jpg,0,0,1,0,1
661f3fe2b.jpg,0,0,0,0,0
80a177eac.jpg,0,0,0,0,0
6081f6677.jpg,0,0,1,0,1
9c05fdb53.jpg,0,0,0,0,0
b15e6ca53.jpg,0,0,1,0,1
20dec6c22.jpg,0,0,1,0,1
72cbdf3c1.jpg,0,0,1,0,1
70539793f.jpg,0,0,0,0,0
005d86c25.jpg,0,0,1,0,1
c2d93de82.jpg,0,0,0,0,0
4256aeb7b.jpg,0,0,0,0,0
4c7ff2056.jpg,0,0,1,0,1
818a68773.jpg,0,0,1,0,1
db1203cf7.jpg,0,0,0,0,0
91dcc7d1c.jpg,0,0,0,0,0
7eb958c89.jpg,0,1,0,0,1
9f2f9704e.jpg,1,0,1,0,1
2858af68b.jpg,0,0,0,0,0
b25c40d67.jpg,0,0,0,0,0
fdd363326.jpg,0,0,1,0,1
5e094a512.jpg,0,0,0,0,0
40547228a.jpg,0,0,0,0,0
d12cfc50a.jpg,0,0,1,0,1
026183d85.jpg,0,1,0,0,1
62e75b91a.jpg,0,0,0,0,0
eb8aa849b.jpg,0,0,1,0,1
d97933f5f.jpg,0,0,1,0,1
aa3632918.jpg,0,0,0,0,0
6f5299561.jpg,0,0,1,0,1
ea675dd1e.jpg,0,0,1,0,1
daf330a10.jpg,0,0,0,0,0
df9f30a8f.jpg,0,0,0,0,0
f254f1765.jpg,0,0,1,0,1
48ed03e48.jpg,0,0,1,0,1
257d02460.jpg,0,0,0,0,0
6fd6355e3.jpg,0,0,1,0,1
64fd46742.jpg,0,0,0,0,0
3f3ddfea8.jpg,0,0,1,0,1
c7423a8c8.jpg,0,0,1,0,1
42b08e994.jpg,0,0,0,0,0
7c9351453.jpg,0,0,1,0,1
58c262a8b.jpg,0,0,1,0,1
bb3421ee8.jpg,0,1,0,0,1
0549ad8ba.jpg,0,0,0,0,0
d75bc6f97.jpg,0,0,0,0,0
bea834c94.jpg,0,0,1,1,1
54e19ae6a.jpg,0,0,0,0,0
fadccb348.jpg,0,0,0,0,0
ea28bb97c.jpg,0,0,1,0,1
9bd5122c0.jpg,0,0,1,0,1
16371ae14.jpg,1,0,0,0,1
43f6a4177.jpg,0,0,1,1,1
193884988.jpg,0,0,1,0,1
c204bdd10.jpg,0,0,0,0,0
db6f3871b.jpg,0,0,0,0,0
40466495a.jpg,0,0,0,1,1
b2564fb98.jpg,0,0,1,0,1
e59ee3b8e.jpg,0,0,0,0,0
938963fe8.jpg,0,0,0,0,0
249f9dfdd.jpg,0,0,1,0,1
4ef6c54c9.jpg,0,0,1,0,1
a1eedc997.jpg,0,0,0,0,0
0eb09950a.jpg,0,0,1,0,1
a76b26d44.jpg,0,0,1,0,1
84eac92fc.jpg,0,0,1,0,1
955feead2.jpg,0,0,1,0,1
11a92e52f.jpg,0,0,0,0,0
ffcf72ecf.jpg,0,0,1,0,1
1238340e9.jpg,0,0,1,0,1
25337cb38.jpg,0,0,1,0,1
9dbb7b85c.jpg,0,0,1,0,1
d1bc386ce.jpg,0,0,1,0,1
2f5690028.jpg,0,0,1,0,1
1e6ac8d91.jpg,0,0,0,0,0
2c113de25.jpg,1,0,0,0,1
6293b99e3.jpg,0,0,0,0,0
51ff1aef9.jpg,0,0,0,0,0
664c8105a.jpg,0,0,1,0,1
98e76e2a0.jpg,0,0,0,0,0
fa9c1b2e4.jpg,0,0,1,0,1
46c422f03.jpg,0,0,0,0,0
25b4312a0.jpg,0,0,0,0,0
428586f79.jpg,1,0,0,0,1
241d3ed81.jpg,0,0,1,0,1
49a46692e.jpg,0,0,1,1,1
14c9a9062.jpg,0,0,1,0,1
f89ce1e24.jpg,0,0,1,0,1
91583d282.jpg,0,0,1,0,1
698f3d5c2.jpg,0,0,0,0,0
10378f8ea.jpg,0,0,1,0,1
75e84fb14.jpg,0,0,1,0,1
202c60d61.jpg,0,0,0,0,0
5364f04f3.jpg,0,0,0,0,0
aa626ae0c.jpg,0,0,1,0,1
bb1977eed.jpg,0,0,0,1,1
24af86df2.jpg,0,0,0,0,0
b619085bc.jpg,0,0,0,0,0
0d0ee7a51.jpg,0,0,1,0,1
7025a90c1.jpg,0,0,1,0,1
d3c436e76.jpg,0,0,0,0,0
3421407d5.jpg,0,0,0,0,0
e9cd3ae87.jpg,0,0,0,0,0
8d7f2d82b.jpg,0,0,0,0,0
9a8f98a4b.jpg,0,0,0,0,0
413bf04b0.jpg,0,0,1,0,1
25da9588e.jpg,0,0,0,0,0
16730239e.jpg,0,0,0,0,0
bd680c39b.jpg,0,0,0,0,0
71f2ce9ab.jpg,1,0,0,0,1
636bad9bd.jpg,0,0,1,0,1
3ce7fca69.jpg,0,0,0,0,0
091fcc239.jpg,0,0,0,0,0
caaf0535e.jpg,0,0,0,0,0
bfd93cc8c.jpg,0,0,1,0,1
579a51c1b.jpg,0,0,1,0,1
92e4102b4.jpg,0,0,1,0,1
eb6983d21.jpg,0,0,1,0,1
85c5631bd.jpg,0,0,1,0,1
386ee8a22.jpg,0,0,0,0,0
cdac57fe4.jpg,0,0,0,0,0
301147683.jpg,0,0,0,0,0
9586cb6e3.jpg,1,0,0,0,1
5ec3f0420.jpg,0,0,0,0,0
d7c560ed5.jpg,0,0,1,0,1
fdbae58d2.jpg,0,0,0,0,0
e0ef5458c.jpg,0,0,0,0,0
c2d90ffc6.jpg,0,0,0,0,0
cc3b99f17.jpg,1,0,0,0,1
ad0e7ff59.jpg,0,0,0,0,0
e5f1d5a38.jpg,0,0,1,0,1
72a7ff0db.jpg,0,0,1,1,1
8a7eddd78.jpg,0,0,1,0,1
2ba1f2a4d.jpg,0,0,0,0,0
5578b3c7d.jpg,0,0,0,0,0
82b258bf4.jpg,0,0,1,0,1
9e39834da.jpg,0,0,1,0,1
c746f473d.jpg,0,0,1,0,1
f8ac50f34.jpg,0,0,0,0,0
faa73f1d9.jpg,0,0,1,0,1
259fcd803.jpg,0,0,0,0,0
174528b1d.jpg,0,0,0,0,0
157b414cc.jpg,0,0,0,0,0
5f4e99fc7.jpg,0,0,1,0,1
aeff95093.jpg,0,0,0,0,0
581ded261.jpg,0,0,0,0,0
1ecae540a.jpg,0,0,0,0,0
157f361ec.jpg,0,0,1,0,1
afd3f856d.jpg,0,0,1,0,1
3ebc6a9a6.jpg,0,0,0,0,0
160391fb1.jpg,0,0,0,0,0
d27ccc7d1.jpg,0,0,0,0,0
25e74a78a.jpg,0,0,1,0,1
099e4e39a.jpg,0,0,1,0,1
a8f977b31.jpg,0,0,1,0,1
5a0389912.jpg,0,0,1,0,1
9884127c9.jpg,0,0,0,0,0
ca026733c.jpg,0,0,0,0,0
175abd8ac.jpg,0,0,0,0,0
d7608fbdb.jpg,1,0,0,0,1
ab2541958.jpg,0,0,1,0,1
a8ba23b0a.jpg,0,1,1,0,1
76355b7ed.jpg,0,0,0,0,0
44d5767ee.jpg,0,0,0,1,1
c34fc79b6.jpg,0,0,1,0,1
1ae34857b.jpg,0,0,0,0,0
18a277ca3.jpg,0,0,0,0,0
6faa47450.jpg,0,0,0,0,0
f8f942505.jpg,0,0,1,0,1
19f00abbf.jpg,0,0,1,0,1
794a1f622.jpg,0,0,0,0,0
49aa956ea.jpg,0,0,0,0,0
15334d9b3.jpg,0,0,0,0,0
7e955e810.jpg,0,0,0,0,0
54d5658e2.jpg,0,0,0,0,0
bbc81b646.jpg,0,0,1,1,1
33a835109.jpg,0,0,0,0,0
43d0303db.jpg,0,0,0,0,0
06f4583b1.jpg,0,0,1,0,1
36a3259fa.jpg,0,0,1,0,1
9f9fd2ade.jpg,0,0,0,0,0
8677c19e6.jpg,0,0,1,0,1
9753787e9.jpg,0,0,1,1,1
c038c0588.jpg,0,0,1,0,1
17e12e6cb.jpg,0,0,0,0,0
e4b71594a.jpg,0,0,0,0,0
65ddaa254.jpg,0,0,0,0,0
46e0f0f9c.jpg,0,0,1,0,1
159a2fee0.jpg,0,0,1,0,1
eea014d25.jpg,0,0,1,0,1
778e817a9.jpg,0,0,1,0,1
700209a95.jpg,0,0,0,1,1
056e34021.jpg,1,0,0,0,1
cc00b69e7.jpg,0,0,0,0,0
16e926c1a.jpg,0,0,0,0,0
3ead6a6bf.jpg,0,0,1,0,1
d5b0b7372.jpg,0,0,0,0,0
c08abccb0.jpg,0,0,0,0,0
67ea2cf0a.jpg,0,0,0,0,0
0613c11b3.jpg,0,0,0,0,0
e8a8676e0.jpg,0,0,0,0,0
a4aa453df.jpg,0,0,0,0,0
c15deb6c0.jpg,0,0,1,0,1
474104794.jpg,0,0,0,1,1
5fd8e2c76.jpg,0,0,0,0,0
c63e60886.jpg,1,0,1,0,1
09dd555c8.jpg,0,0,0,0,0
10d9f85be.jpg,1,0,0,0,1
349be04dc.jpg,1,0,0,0,1
2becf0002.jpg,0,0,0,0,0
6c1bc5d11.jpg,1,0,0,0,1
33d4fefac.jpg,0,0,1,0,1
d36c6b5ec.jpg,0,0,0,0,0
a5c7ae660.jpg,0,0,1,0,1
f8496f4e2.jpg,0,0,0,0,0
11b3c8232.jpg,0,0,0,0,0
533926801.jpg,0,0,1,0,1
026105525.jpg,0,0,0,0,0
e7c3d93b7.jpg,0,0,0,0,0
998a49fb9.jpg,0,0,0,0,0
59063047a.jpg,0,0,0,0,0
5ea696356.jpg,0,0,0,0,0
b72d341bf.jpg,0,0,1,0,1
1e0980950.jpg,0,0,1,0,1
192531334.jpg,0,0,0,1,1
1c2879d0d.jpg,0,0,1,0,1
b4b5c6a86.jpg,1,0,0,0,1
6c47f6194.jpg,0,0,0,0,0
fac87dc98.jpg,0,0,0,0,0
0b76bcd3a.jpg,0,0,1,0,1
854baa70c.jpg,1,0,0,0,1
6ba94954a.jpg,0,0,1,0,1
d5b346386.jpg,0,0,0,0,0
e0524919c.jpg,0,0,0,0,0
cb933c3e8.jpg,0,0,1,1,1
c0e730a68.jpg,0,0,1,0,1
50de95d7f.jpg,0,0,1,0,1
a9b4c5d52.jpg,0,0,1,0,1
43c1e8a0b.jpg,0,0,1,0,1
14fb9778c.jpg,0,0,1,0,1
02d573611.jpg,0,0,0,1,1
e9a938877.jpg,0,1,0,0,1
29f80893c.jpg,0,0,1,0,1
657f2e15d.jpg,0,0,0,0,0
f0a08a10c.jpg,0,0,1,0,1
59a1733a9.jpg,0,0,1,0,1
bba274c50.jpg,0,0,1,0,1
068587112.jpg,0,0,1,0,1
ef2286f15.jpg,0,0,0,0,0
5bb466d48.jpg,0,0,1,0,1
0294f23c0.jpg,0,0,1,0,1
812ddd1e4.jpg,0,0,1,0,1
979af8d89.jpg,0,0,0,0,0
06e7b157a.jpg,0,0,1,0,1
c8b9b27b9.jpg,0,0,0,0,0
b559544b5.jpg,0,0,0,0,0
c99ef85c9.jpg,0,0,1,0,1
f12206185.jpg,1,0,0,0,1
ada4050a4.jpg,0,0,0,0,0
268446e17.jpg,0,1,0,0,1
f83aa5759.jpg,1,0,1,0,1
d61dca6c7.jpg,0,0,1,0,1
b2854eaff.jpg,0,0,1,0,1
96102cead.jpg,0,0,0,0,0
d068f2cd9.jpg,0,0,0,0,0
288015608.jpg,0,0,0,0,0
fd3afa979.jpg,0,0,1,0,1
65cdc6528.jpg,0,0,1,0,1
17a2d22f7.jpg,0,0,0,0,0
1ad82d66a.jpg,0,0,1,0,1
3b2f9b14d.jpg,0,0,1,0,1
c971ea296.jpg,0,0,0,0,0
f84f601b2.jpg,0,0,1,0,1
b7e90de47.jpg,0,0,1,0,1
436e3f4a0.jpg,0,0,1,0,1
4eb8c6514.jpg,0,0,1,0,1
a44f7491d.jpg,0,0,0,0,0
1e41bed39.jpg,0,0,0,0,0
d48b223c7.jpg,0,0,0,0,0
3d577cf47.jpg,0,0,0,0,0
5bd332551.jpg,0,0,0,0,0
12e5fd049.jpg,0,0,0,0,0
53b6d2ab1.jpg,0,0,1,0,1
cb43d7be5.jpg,0,0,1,0,1
74dff85d2.jpg,0,0,0,0,0
3711a5456.jpg,0,0,0,1,1
e9f4baa36.jpg,1,0,0,0,1
5a036a042.jpg,0,0,0,1,1
9e26c5b98.jpg,0,0,0,0,0
ed3276a76.jpg,1,0,0,0,1
420ba281d.jpg,1,0,0,0,1
f00185797.jpg,0,0,1,0,1
5009ae5f7.jpg,0,0,0,0,0
df79cce6c.jpg,0,0,0,0,0
925f6be0d.jpg,0,0,1,0,1
a70390e7a.jpg,0,0,0,0,0
d7c3e7334.jpg,0,0,0,0,0
c148b01b4.jpg,0,0,0,0,0
5940f3cde.jpg,0,0,0,0,0
8e8404fe0.jpg,0,0,1,0,1
96be45db1.jpg,0,0,0,0,0
79bf82641.jpg,0,0,1,0,1
052ac9a54.jpg,0,0,1,0,1
c8de313f6.jpg,0,0,1,0,1
4e24e650d.jpg,0,0,0,0,0
1e4e988cd.jpg,0,0,1,0,1
711dfcaa1.jpg,0,0,0,0,0
1a23e4531.jpg,0,0,0,0,0
282cd397d.jpg,0,0,1,1,1
a2370a6d5.jpg,0,0,0,0,0
8d5dde91c.jpg,1,0,0,0,1
918a753e9.jpg,0,0,0,0,0
a732b1b72.jpg,1,0,0,0,1
a1f41023e.jpg,0,0,1,0,1
e1e0a91b8.jpg,0,0,1,0,1
242894fc4.jpg,0,0,0,1,1
862bcc9c0.jpg,1,0,0,0,1
ce05c2c3f.jpg,0,0,1,0,1
abb5daaa0.jpg,0,0,1,0,1
73c295786.jpg,0,0,1,0,1
ec80b6b6d.jpg,0,0,0,0,0
58a9d89c8.jpg,0,0,0,0,0
69d95aeea.jpg,0,0,1,0,1
61a365822.jpg,0,0,1,0,1
24256f234.jpg,0,0,1,0,1
dbd7f1a99.jpg,0,0,0,0,0
933533867.jpg,0,0,1,0,1
f83d95885.jpg,0,0,0,0,0
76c165a4f.jpg,0,0,0,1,1
eabd4acaa.jpg,0,0,1,0,1
d0b234faa.jpg,0,0,0,1,1
b03643b7c.jpg,0,0,0,0,0
f824f4ba1.jpg,0,0,0,0,0
0bac0ef65.jpg,0,0,0,0,0
73ba9c92b.jpg,0,0,0,0,0
06ae96c30.jpg,0,0,1,0,1
d812de018.jpg,0,0,1,0,1
86f7029ee.jpg,0,0,0,0,0
c2234a956.jpg,0,0,0,0,0
bd6a86721.jpg,0,0,0,0,0
5f33ded37.jpg,0,0,1,0,1
a3513946d.jpg,0,0,0,0,0
75e1310cc.jpg,0,0,1,0,1
9b2801e98.jpg,0,0,1,0,1
3da2c3982.jpg,1,0,0,0,1
82f31d10e.jpg,0,0,1,0,1
5f121bfff.jpg,0,0,1,0,1
352305070.jpg,0,0,0,0,0
a16672b15.jpg,1,0,0,0,1
e669ef644.jpg,0,0,1,0,1
6d7bc57d2.jpg,1,0,0,0,1
0bb304645.jpg,1,0,0,0,1
27824360e.jpg,0,0,0,0,0
2e8787425.jpg,0,0,0,0,0
6aaed4429.jpg,0,0,0,0,0
3a61a6135.jpg,0,0,0,0,0
6bd0ca419.jpg,0,0,1,0,1
f96b502c6.jpg,0,0,0,0,0
cedf1a460.jpg,0,0,0,0,0
e626f4152.jpg,0,0,0,0,0
64c57880e.jpg,1,0,0,0,1
36689bafd.jpg,0,0,0,0,0
fad32acdd.jpg,0,0,0,0,0
23f0398a4.jpg,0,0,0,0,0
a9840c747.jpg,1,0,0,0,1
d5b5a1a10.jpg,0,0,0,0,0
f6db0a2e8.jpg,0,0,0,0,0
a2ffeeef4.jpg,0,0,0,0,0
e6ac69712.jpg,0,1,0,0,1
fbbb8f8b2.jpg,0,0,1,0,1
43f517e5c.jpg,0,0,0,0,0
07edcfc26.jpg,0,0,0,0,0
0074d81d0.jpg,0,0,0,0,0
1511d97da.jpg,0,0,1,0,1
fe2637bd9.jpg,1,0,0,0,1
e7deb929f.jpg,0,0,1,0,1
2d94df675.jpg,0,0,1,0,1
168ad74c8.jpg,0,0,0,0,0
f65921e5a.jpg,0,0,0,1,1
249f5fa64.jpg,0,0,0,0,0
c6c2fb1c4.jpg,0,0,0,0,0
b43e2c4d6.jpg,0,0,0,0,0
16fe1ce09.jpg,0,0,0,0,0
b26acc3a8.jpg,0,0,0,1,1
916d55994.jpg,0,0,0,0,0
a508a338a.jpg,0,0,0,0,0
cd316b37e.jpg,0,0,1,0,1
57e156a9c.jpg,0,0,0,0,0
6218cd94a.jpg,0,0,1,0,1
4e25cb8e7.jpg,0,0,1,0,1
c5fa2923b.jpg,0,0,1,0,1
5cf1c8814.jpg,0,0,1,0,1
30799f11c.jpg,0,0,1,0,1
af4e9bbc9.jpg,0,0,0,0,0
35e3e1f32.jpg,0,0,0,0,0
eb38788df.jpg,0,0,0,0,0
cb2f34991.jpg,0,0,0,0,0
7638de35f.jpg,0,0,1,0,1
6ed5cee50.jpg,0,0,1,0,1
44c129ab7.jpg,0,0,1,0,1
9edb5294f.jpg,0,0,0,0,0
a3eac30dc.jpg,0,0,1,0,1
a9cb86e69.jpg,1,0,0,0,1
773948ca6.jpg,0,0,1,0,1
400372ad3.jpg,0,0,0,0,0
593f80e9f.jpg,0,0,0,0,0
689d35c98.jpg,0,0,0,0,0
99dcc6d72.jpg,0,0,1,0,1
b8d2805f9.jpg,0,0,1,0,1
55c689cd0.jpg,0,0,1,1,1
53348f9a0.jpg,0,0,0,0,0
bdf3ca236.jpg,0,0,0,0,0
58e0f40f8.jpg,0,0,0,0,0
8cb91efdd.jpg,0,0,1,0,1
b94f92e51.jpg,0,0,1,1,1
da505edce.jpg,0,0,1,0,1
8ae5a614a.jpg,0,0,0,0,0
a481be5cc.jpg,0,0,0,0,0
0a76c7934.jpg,0,0,0,0,0
cbdb0828d.jpg,1,0,0,0,1
2929284cc.jpg,0,0,1,0,1
b69d73277.jpg,0,0,0,0,0
733116847.jpg,0,0,0,0,0
52f9e7a9c.jpg,0,0,0,0,0
ea23dae53.jpg,0,0,1,0,1
e616d2879.jpg,0,0,0,0,0
65b6e175c.jpg,0,0,1,0,1
02d006f47.jpg,0,0,0,0,0
cde989d95.jpg,0,0,0,0,0
d9077b7f2.jpg,1,0,0,0,1
8fb4575f3.jpg,0,0,1,0,1
0d1b42754.jpg,0,0,0,0,0
86abf2aef.jpg,0,0,1,0,1
bd51cf4b6.jpg,0,0,0,0,0
4abec9197.jpg,0,0,0,0,0
cdd3113af.jpg,0,0,1,0,1
6e97e9698.jpg,0,0,0,0,0
e2c3cb4ec.jpg,0,0,0,0,0
6a4425d33.jpg,0,0,0,0,0
090859f6a.jpg,0,0,0,0,0
c9cd221c5.jpg,0,0,1,0,1
2c67e770e.jpg,0,0,0,0,0
4ad6e9c90.jpg,0,0,1,0,1
1ae56dead.jpg,1,0,0,0,1
abe217835.jpg,0,0,1,0,1
9644c103b.jpg,0,0,0,0,0
54738099a.jpg,1,0,0,0,1
0fb30b22c.jpg,0,0,1,0,1
990664b68.jpg,0,0,0,0,0
735da216d.jpg,0,0,0,0,0
e4ffb90cb.jpg,0,0,0,0,0
ff09babee.jpg,0,0,0,0,0
d6ef360e3.jpg,0,0,1,1,1
8ad6069fe.jpg,0,0,1,0,1
20905c068.jpg,0,0,1,0,1
04b0f819d.jpg,0,0,0,0,0
dc03b4f94.jpg,0,0,0,0,0
11f788ecf.jpg,1,0,0,0,1
cc7920c72.jpg,0,0,1,0,1
75b2a7dfa.jpg,0,0,0,0,0
57794735f.jpg,1,0,0,0,1
f2a7da76d.jpg,1,0,0,0,1
94bf15000.jpg,0,0,0,1,1
543d1e1ea.jpg,0,0,1,0,1
0a433cb96.jpg,0,0,0,0,0
7a92ccc07.jpg,0,0,0,0,0
7ed64642e.jpg,0,0,1,0,1
22e9830a3.jpg,0,0,1,0,1
ab1865ed6.jpg,0,0,0,0,0
f6ff3d051.jpg,0,0,0,0,0
14e4da366.jpg,0,0,1,0,1
0b8775632.jpg,0,0,1,0,1
a8c20e35b.jpg,0,0,0,0,0
c8642ccd0.jpg,0,0,0,0,0
6dccafc26.jpg,0,0,1,0,1
f7d9253e4.jpg,0,0,0,0,0
8954af5c0.jpg,0,0,0,0,0
1513b40a0.jpg,0,0,1,0,1
6a06e0328.jpg,0,0,1,0,1
2aed7977d.jpg,0,0,0,0,0
388de9263.jpg,0,0,0,0,0
12dc92cfd.jpg,0,0,0,0,0
a8b769ee0.jpg,0,0,0,0,0
1045b62c0.jpg,0,0,0,0,0
ee3ace56f.jpg,0,0,0,1,1
89087f994.jpg,1,0,0,0,1
d32f48999.jpg,0,0,1,0,1
aaca761e4.jpg,0,0,0,0,0
a997f247d.jpg,1,0,0,0,1
207f33325.jpg,0,0,1,0,1
9adebade1.jpg,0,0,0,0,0
744c6de01.jpg,0,0,1,0,1
1d83b44be.jpg,1,0,0,0,1
b08d40600.jpg,1,0,0,0,1
b913b77cc.jpg,0,0,1,0,1
681d859d3.jpg,0,0,1,0,1
7303ad5de.jpg,0,0,0,0,0
2a84bb533.jpg,0,0,1,0,1
1fa0c8951.jpg,0,0,1,0,1
a832e130a.jpg,0,0,0,0,0
ad991d6dd.jpg,0,0,0,0,0
0429258ad.jpg,1,0,0,0,1
461f83c57.jpg,1,0,0,0,1
7c955538b.jpg,0,0,0,0,0
ae4e898e8.jpg,0,0,1,0,1
d6d78fa78.jpg,0,0,0,0,0
dd8df432e.jpg,0,0,1,0,1
43fcd5c0b.jpg,0,0,1,0,1
d614b65db.jpg,0,0,1,0,1
9b3ad1da3.jpg,0,0,0,0,0
aea7d7051.jpg,0,0,0,0,0
503bd0c0f.jpg,0,0,0,0,0
6c4f273ea.jpg,0,0,0,0,0
bf83e7037.jpg,0,0,1,0,1
80841e418.jpg,0,0,1,0,1
ac029e83f.jpg,0,0,0,0,0
f40be459c.jpg,0,0,1,0,1
20b5096a5.jpg,0,0,0,0,0
ae00d2b3d.jpg,0,0,0,0,0
9efc711f5.jpg,0,0,0,0,0
cb7bc1d2b.jpg,0,0,0,0,0
95d88196d.jpg,1,0,0,0,1
3964357cd.jpg,0,0,0,1,1
ba0c890a2.jpg,0,0,1,0,1
a8eed9902.jpg,0,0,0,0,0
4c770beb5.jpg,0,0,1,1,1
6c135420d.jpg,0,0,0,0,0
fb208afce.jpg,0,0,1,0,1
c6d3371a8.jpg,1,0,0,0,1
5b3c0123f.jpg,0,0,0,0,0
56774fb7f.jpg,0,0,1,0,1
0a8cb8ddf.jpg,1,0,0,0,1
3b3d169bb.jpg,0,0,0,0,0
0970201e2.jpg,0,0,1,0,1
2e8733afa.jpg,0,0,0,1,1
c92d43a0f.jpg,0,0,0,0,0
620f810e7.jpg,0,0,1,0,1
3088a6a0d.jpg,0,1,0,0,1
5fa0b3200.jpg,1,0,0,0,1
186534efc.jpg,0,0,1,0,1
86a9a4ab0.jpg,0,0,1,0,1
6006371fc.jpg,0,0,0,0,0
aefa93267.jpg,0,0,1,0,1
801887861.jpg,0,0,1,0,1
0af6b34a8.jpg,0,0,1,0,1
601e77e84.jpg,0,0,0,0,0
d21be4a4b.jpg,0,0,1,1,1
d806c4bd6.jpg,1,0,0,0,1
5c3d3b23e.jpg,0,0,0,0,0
be04fa57f.jpg,1,0,0,0,1
375a5eb85.jpg,0,0,0,0,0
2a1d78261.jpg,0,0,0,0,0
9046fb20f.jpg,0,0,0,0,0
baba8612a.jpg,0,0,1,0,1
eb2b76683.jpg,1,0,0,0,1
e6f273c0f.jpg,0,0,0,0,0
97412f06b.jpg,0,0,0,0,0
59931eb56.jpg,0,0,0,0,0
0cfcad1f5.jpg,0,0,1,0,1
4d1444a12.jpg,0,0,1,1,1
28bc8094e.jpg,0,0,0,0,0
fd7b70c7b.jpg,0,0,1,0,1
87ffa6b72.jpg,0,0,0,0,0
f5d65cd10.jpg,0,0,0,0,0
09ef816bf.jpg,0,0,0,0,0
3da8dae0b.jpg,0,0,1,0,1
44a2e6e51.jpg,0,0,1,1,1
a5b108eba.jpg,0,0,0,0,0
7e63e3baf.jpg,0,0,1,0,1
57821dda7.jpg,0,0,1,0,1
60f9f7ff2.jpg,0,0,1,0,1
dea514023.jpg,0,0,0,0,0
e1b18d841.jpg,0,0,1,0,1
c3c091454.jpg,0,0,0,1,1
49f3d04c2.jpg,0,0,0,0,0
81294c746.jpg,0,0,0,0,0
62a62b552.jpg,0,0,1,0,1
dc6bc2963.jpg,0,0,1,0,1
e89dfa2ad.jpg,0,0,0,0,0
cbe5423d0.jpg,0,0,0,0,0
9205c7f19.jpg,0,0,0,0,0
4ef21d9b7.jpg,0,0,1,0,1
692c9f467.jpg,0,0,0,0,0
40a915a4b.jpg,0,0,0,0,0
0a37f0a29.jpg,0,0,1,0,1
1fe327594.jpg,0,0,1,0,1
5432fd9e1.jpg,0,0,0,0,0
709ee2497.jpg,0,0,1,0,1
529b36067.jpg,0,0,1,0,1
6860ae804.jpg,0,0,1,0,1
529e2b37d.jpg,0,0,0,0,0
f195eeda7.jpg,0,1,0,0,1
2fdbd4394.jpg,0,0,0,0,0
11aaf18e2.jpg,0,0,1,0,1
9fb6cec57.jpg,0,0,0,0,0
dd345169c.jpg,0,0,1,0,1
ad9688790.jpg,0,0,0,0,0
8a66a89ef.jpg,0,0,0,0,0
7d84f4365.jpg,0,0,1,0,1
b7b6fd4ed.jpg,0,0,1,0,1
12274ea9c.jpg,0,1,0,0,1
9b63ed48c.jpg,1,0,0,0,1
e414bb64e.jpg,0,0,0,0,0
a3c64cf6e.jpg,0,0,0,0,0
05bb18957.jpg,0,0,0,0,0
8ea10e67e.jpg,0,0,1,1,1
f8233dc1a.jpg,0,0,0,0,0
9a75974ba.jpg,1,0,0,0,1
e8843df4c.jpg,0,0,0,0,0
b8576af47.jpg,0,0,1,0,1
7bd4bcccf.jpg,0,0,0,0,0
2a184dcbe.jpg,0,0,1,0,1
e335e17b2.jpg,0,0,0,0,0
75393d265.jpg,0,0,0,0,0
d6d275bb5.jpg,0,0,0,0,0
17d359607.jpg,0,0,0,0,0
7f0f0ff7c.jpg,0,0,0,0,0
53c167687.jpg,0,0,1,0,1
9e355ac77.jpg,0,0,0,0,0
198942ea8.jpg,0,0,0,0,0
182bce847.jpg,1,0,0,0,1
9edc849c6.jpg,0,0,1,0,1
00d7ae946.jpg,0,0,0,0,0
94625a99c.jpg,1,0,0,0,1
743282e10.jpg,0,0,0,0,0
15796b4d5.jpg,0,0,1,0,1
c7c8c2424.jpg,0,0,1,0,1
b20fb15ff.jpg,0,0,0,1,1
bd967bd29.jpg,0,0,1,1,1
9c41af5a0.jpg,0,0,1,0,1
976eea5bf.jpg,0,0,0,0,0
dc3740c5c.jpg,0,0,1,0,1
f5018f891.jpg,0,0,0,0,0
b05365219.jpg,0,0,1,0,1
f45d1ea03.jpg,0,0,0,0,0
c223d7b2e.jpg,0,0,1,0,1
f4222bcd7.jpg,0,0,0,0,0
5f925b62b.jpg,0,0,0,0,0
1de3fbfda.jpg,0,0,0,1,1
71efb042b.jpg,0,0,1,0,1
fa241dde2.jpg,0,0,0,1,1
21cb6d5d2.jpg,0,0,0,0,0
244c592ab.jpg,0,0,0,0,0
b68b3a262.jpg,0,0,1,0,1
02449f836.jpg,0,0,0,0,0
880f0b8cc.jpg,0,0,1,0,1
5386596d5.jpg,0,0,0,0,0
995ef2622.jpg,0,0,1,0,1
70f08f956.jpg,0,0,0,0,0
6b4308d55.jpg,0,0,1,0,1
4f3632e9d.jpg,0,0,0,0,0
5335b8fd7.jpg,0,0,0,1,1
c05e59fa6.jpg,0,0,0,0,0
62c4f10d3.jpg,0,0,0,0,0
ed54a41e1.jpg,0,0,1,0,1
b641f8ae5.jpg,0,0,1,0,1
17f611256.jpg,0,0,1,0,1
06e8eced9.jpg,0,0,0,0,0
3266ff34d.jpg,0,0,1,0,1
c59b8a59a.jpg,0,0,0,1,1
b3ff13646.jpg,0,0,1,0,1
fef3329b7.jpg,0,0,0,0,0
1a20228f6.jpg,0,0,0,0,0
47e1ec88e.jpg,0,0,1,0,1
0ee406ddb.jpg,0,0,1,0,1
911b6d7d7.jpg,0,0,0,0,0
a2337ccb3.jpg,0,0,0,1,1
d65fc70b5.jpg,0,0,1,0,1
0db535c8c.jpg,0,0,1,0,1
e7758b305.jpg,1,0,0,0,1
e5acd8af8.jpg,0,0,1,0,1
078e8abfb.jpg,0,0,0,0,0
fd64f3fd7.jpg,0,0,0,0,0
403311106.jpg,0,0,0,0,0
28adb8aeb.jpg,1,0,0,0,1
758e655a8.jpg,0,0,1,0,1
65f9c520b.jpg,0,0,1,0,1
d6b6434e5.jpg,0,0,1,0,1
b54ede08d.jpg,0,0,0,0,0
29694dc5d.jpg,0,0,0,1,1
3932751f1.jpg,0,0,0,1,1
fe3c40c86.jpg,0,0,0,0,0
c4373a6ad.jpg,0,0,1,0,1
166fff927.jpg,0,0,1,0,1
2468a601b.jpg,0,0,0,0,0
e07f3f1b3.jpg,0,0,1,0,1
08808b1a2.jpg,1,0,0,0,1
205360569.jpg,0,0,1,0,1
5063991b6.jpg,0,0,0,0,0
b248be5ad.jpg,0,0,0,0,0
4bba4f866.jpg,0,0,1,0,1
ed7b0a225.jpg,0,0,0,0,0
5848791de.jpg,0,0,1,1,1
e8673ecfe.jpg,0,0,0,0,0
579898eed.jpg,0,0,0,0,0
c5a65a795.jpg,0,0,1,0,1
e4c74d00a.jpg,0,0,0,1,1
93b0d8e2f.jpg,1,0,0,0,1
c4ec74d18.jpg,0,0,0,0,0
869055892.jpg,0,0,0,1,1
d0328c686.jpg,0,0,1,0,1
0bbd121d7.jpg,0,0,1,0,1
359e3fb7c.jpg,0,0,1,0,1
1c0d8bcd0.jpg,0,0,1,0,1
bbcf45362.jpg,0,0,1,0,1
c0d23ec4a.jpg,0,0,0,0,0
fa17c01fa.jpg,0,0,0,0,0
af6441bac.jpg,0,0,1,0,1
141b21ab9.jpg,0,0,0,0,0
52122168a.jpg,0,0,1,0,1
6c43d55eb.jpg,0,0,1,1,1
1c3c26c17.jpg,0,0,0,0,0
a1708dc79.jpg,0,0,0,0,0
628aaf2df.jpg,1,0,0,0,1
171c64a72.jpg,0,0,1,0,1
8aacab1a1.jpg,0,0,1,0,1
b22b846c8.jpg,0,0,0,1,1
f3c9fefb0.jpg,0,0,1,0,1
39b234809.jpg,0,0,0,0,0
131566b9b.jpg,0,0,0,0,0
e252d3c98.jpg,0,0,0,0,0
2e812dff2.jpg,0,0,0,0,0
1d7fb0fa8.jpg,0,0,0,0,0
6353833df.jpg,0,0,1,0,1
b657c7ed4.jpg,1,0,0,0,1
33368929c.jpg,0,1,0,0,1
59a2887fd.jpg,0,0,1,0,1
6ad48f01b.jpg,0,0,1,1,1
18dfcd9ae.jpg,0,0,0,0,0
150b95c70.jpg,0,0,0,0,0
f5d2ff551.jpg,0,0,0,0,0
fb8a8c8be.jpg,0,0,0,0,0
766c8d67c.jpg,0,0,0,0,0
0030401a5.jpg,0,0,0,1,1
748167e1a.jpg,0,0,0,0,0
a36e53e97.jpg,0,0,0,0,0
8bfc35309.jpg,0,0,0,0,0
2d86d4f15.jpg,0,0,1,0,1
012f26693.jpg,0,0,1,1,1
70daa9e3a.jpg,0,0,0,0,0
726271bfe.jpg,0,0,1,0,1
bd343c6f7.jpg,0,0,1,0,1
cfeaf9434.jpg,0,0,1,0,1
08e3aadde.jpg,0,0,1,0,1
af730b980.jpg,0,0,0,0,0
030336aa4.jpg,0,0,0,0,0
5ec5dd646.jpg,0,0,1,0,1
6791c36e9.jpg,0,1,0,0,1
4bf727605.jpg,0,0,0,0,0
f114d1a28.jpg,1,0,0,0,1
06713b712.jpg,0,0,1,0,1
28241874f.jpg,0,0,1,0,1
d66e4eb3f.jpg,0,0,1,0,1
1cb83b95a.jpg,0,0,0,0,0
888e8c4b4.jpg,0,0,0,0,0
5020df2f8.jpg,0,0,1,0,1
741265573.jpg,1,0,0,0,1
7f1c326d4.jpg,0,0,0,0,0
3c9b7b316.jpg,0,0,1,0,1
7e0a4584c.jpg,0,0,1,0,1
a20f83481.jpg,0,0,0,0,0
a2fcb4144.jpg,0,0,0,0,0
4c353fd1a.jpg,0,0,1,0,1
8cf99bbea.jpg,0,0,0,0,0
ded3e76e3.jpg,0,0,1,0,1
0d661ca68.jpg,0,0,1,0,1
22a825813.jpg,0,1,0,0,1
4cc2c7b57.jpg,0,0,1,0,1
b44f92bd6.jpg,0,0,1,0,1
0a26aceb2.jpg,0,0,1,0,1
220129a97.jpg,0,0,0,0,0
5e9371b0d.jpg,0,0,0,0,0
a831d2806.jpg,0,0,1,0,1
199dc89de.jpg,0,0,1,0,1
867f51798.jpg,0,0,0,0,0
b7688a29f.jpg,0,0,0,0,0
8484468e0.jpg,0,0,1,0,1
78832879c.jpg,0,0,1,0,1
909116a55.jpg,0,0,0,0,0
05a08c565.jpg,0,0,0,0,0
3bcf2cde9.jpg,0,0,0,0,0
de85a0a75.jpg,0,0,1,0,1
9fbfe9582.jpg,0,0,0,0,0
0b4c8e681.jpg,0,1,0,0,1
a8f9c8c03.jpg,0,0,0,0,0
7e6fe6786.jpg,0,0,0,1,1
1b7669eb4.jpg,0,0,1,0,1
f5d3a64cd.jpg,0,0,1,0,1
37ab3a83a.jpg,0,0,0,0,0
62f84c877.jpg,0,0,1,0,1
02d18b8a4.jpg,0,0,1,0,1
650ae9b05.jpg,0,0,1,0,1
b68c95b87.jpg,0,0,1,0,1
6dc4f9dbc.jpg,0,0,0,0,0
3634c260a.jpg,0,0,0,0,0
c07ab074e.jpg,0,0,0,0,0
278a21a00.jpg,0,0,1,0,1
1d99e94a9.jpg,0,0,1,0,1
fdb8a4e70.jpg,0,0,1,0,1
5e2aaff78.jpg,0,0,1,0,1
fd9b1a987.jpg,0,0,0,0,0
6e441c3e9.jpg,0,0,1,0,1
6d97f7c81.jpg,1,0,0,0,1
097e28492.jpg,0,0,1,0,1
13eaecb93.jpg,0,0,0,0,0
4f5d3e79d.jpg,0,0,0,0,0
ecd358e7b.jpg,0,0,0,0,0
3e1ed281b.jpg,0,0,1,0,1
f98ac3ca8.jpg,0,0,0,0,0
4de568a45.jpg,0,0,0,0,0
d7686d307.jpg,0,0,1,0,1
d2f6c8fa2.jpg,0,0,0,0,0
8bf89777a.jpg,0,0,0,0,0
e9ab2fa1c.jpg,0,0,0,0,0
6eaa0613b.jpg,0,0,0,0,0
bea606041.jpg,1,0,0,0,1
02b906933.jpg,0,0,1,0,1
3c6c3dbf1.jpg,0,0,0,0,0
3a98c37b5.jpg,0,0,0,0,0
0f65a99d2.jpg,0,0,1,0,1
531cda8a6.jpg,0,0,0,0,0
62de7fd2d.jpg,0,0,0,0,0
e642dfc8d.jpg,0,0,0,0,0
9252073f0.jpg,0,0,1,0,1
3ca970143.jpg,0,0,1,0,1
fc3151ab5.jpg,0,0,1,0,1
8991e4a44.jpg,0,0,1,0,1
36979a804.jpg,1,0,0,0,1
e0a10c8dc.jpg,0,0,0,0,0
23e7d294b.jpg,0,0,1,0,1
2467e2b6e.jpg,0,0,1,0,1
8ce8ed455.jpg,0,0,1,0,1
e93c77e0f.jpg,0,0,0,0,0
17e7e1e08.jpg,0,0,0,0,0
1f6a00569.jpg,0,0,0,0,0
382dc8f4b.jpg,0,0,0,0,0
6bbc3a488.jpg,0,0,1,0,1
cb094c2cb.jpg,0,0,1,0,1
8eb427a2d.jpg,0,0,1,0,1
0c1c63e68.jpg,0,0,0,0,0
1422b7da0.jpg,0,0,0,1,1
3db3f1807.jpg,0,0,0,0,0
f0d32ba71.jpg,0,0,0,0,0
e880e3468.jpg,0,0,1,0,1
6b3cd0de2.jpg,0,0,0,0,0
87106dfdb.jpg,0,0,1,0,1
0cd8bbae8.jpg,0,0,0,0,0
8b4bb1228.jpg,0,0,0,1,1
4ac80db87.jpg,0,0,0,0,0
9c5884cdd.jpg,0,0,0,0,0
495d5828b.jpg,0,0,0,1,1
4bc13de99.jpg,0,0,1,0,1
7486d3e78.jpg,1,0,0,0,1
bdc4fe767.jpg,0,0,1,0,1
89c7d289e.jpg,0,0,0,0,0
fe44d3c92.jpg,0,0,0,0,0
f444c57a7.jpg,0,0,0,1,1
6190fe546.jpg,0,0,1,0,1
f1e00a7fb.jpg,0,0,1,0,1
7410d4361.jpg,0,0,1,0,1
290e00273.jpg,0,0,0,1,1
8f5e37d0a.jpg,0,0,1,0,1
67995d23c.jpg,0,0,1,0,1
4f7972e7c.jpg,0,0,1,0,1
adf5fdfe2.jpg,0,0,0,1,1
be4f811a7.jpg,0,0,0,0,0
aad145da9.jpg,0,0,0,0,0
a629cce39.jpg,0,0,1,0,1
78a81eb21.jpg,0,0,1,0,1
1651fe36f.jpg,0,0,0,0,0
fbce1e845.jpg,0,0,0,0,0
31dbc2461.jpg,0,0,0,0,0
6212e44a0.jpg,0,0,1,0,1
d73e9b13b.jpg,0,0,1,0,1
0a65bd8d4.jpg,0,0,0,0,0
b93118acc.jpg,0,0,1,0,1
77df0ea49.jpg,0,0,1,0,1
ff18dded1.jpg,0,0,0,0,0
1dac7069c.jpg,0,0,1,0,1
6e3bb2d93.jpg,0,0,0,0,0
304c70aa5.jpg,0,0,0,0,0
959218299.jpg,1,0,0,0,1
d9fb2247f.jpg,0,0,1,0,1
398ecb719.jpg,0,0,1,0,1
62849bbef.jpg,0,0,1,0,1
b482a5d55.jpg,0,0,0,0,0
3cffb1206.jpg,0,0,1,0,1
5c201d9e7.jpg,0,0,1,0,1
7741fa73b.jpg,0,0,0,0,0
d8c29060a.jpg,0,0,0,0,0
dca8e6597.jpg,0,0,0,0,0
7f8594d4b.jpg,0,0,1,0,1
49eee55c2.jpg,0,0,0,0,0
d04b0722b.jpg,0,0,0,0,0
219cd030a.jpg,0,0,0,0,0
c6bbd2e4f.jpg,0,0,0,0,0
1574cc730.jpg,0,0,1,0,1
cd7d4933e.jpg,0,0,0,1,1
41411378e.jpg,0,0,1,1,1
f26715715.jpg,0,0,0,0,0
eab6bfdea.jpg,0,0,1,0,1
bff7d63af.jpg,0,0,1,0,1
394d81391.jpg,0,0,0,0,0
63d8f0be1.jpg,0,0,1,0,1
b44fc6ba9.jpg,0,0,1,0,1
1c19efedd.jpg,0,0,1,0,1
afdf9c916.jpg,0,0,0,0,0
b6098bce0.jpg,0,0,0,0,0
ece053dec.jpg,0,0,0,0,0
212c420e6.jpg,0,0,0,0,0
dc58fa33b.jpg,0,1,0,0,1
fbf0bf047.jpg,0,0,0,0,0
8b31c67c8.jpg,0,0,1,0,1
1a4ac4d43.jpg,0,0,0,0,0
0285f63ad.jpg,0,0,0,0,0
ebb794625.jpg,0,0,0,0,0
dae3c563a.jpg,0,0,1,0,1
53a21bba1.jpg,0,0,1,0,1
f78c3b312.jpg,0,0,1,0,1
6bd87aed9.jpg,0,0,1,0,1
56cf9fe0e.jpg,0,0,0,0,0
b9b3aaaea.jpg,0,0,0,0,0
99ec77394.jpg,0,0,0,0,0
95f725037.jpg,0,0,0,0,0
bda954cd8.jpg,0,0,0,0,0
fc9557838.jpg,0,0,0,0,0
a0b60506e.jpg,0,0,0,0,0
d96baa2ce.jpg,0,0,1,0,1
eda0fd38d.jpg,0,0,0,0,0
b9d6356b4.jpg,0,0,0,0,0
3ac0f7ad1.jpg,0,0,1,0,1
2d196857a.jpg,0,0,1,0,1
8ec1b9582.jpg,0,0,0,0,0
5f173bcc1.jpg,0,0,0,1,1
228ce0e24.jpg,0,0,0,0,0
e77ab758f.jpg,0,0,0,0,0
4355ef39b.jpg,1,0,0,0,1
db6b86601.jpg,0,0,1,0,1
8bcf692a1.jpg,0,0,0,0,0
523a65c42.jpg,0,0,0,0,0
5f2223804.jpg,0,0,1,0,1
9a064450d.jpg,0,0,1,0,1
6998f83b7.jpg,0,0,0,0,0
1b88aba1a.jpg,1,0,0,0,1
1b3666262.jpg,0,0,0,0,0
0f4a022fd.jpg,0,0,1,0,1
2611b46f6.jpg,0,0,1,0,1
bae58dc36.jpg,0,0,1,0,1
01661826d.jpg,1,0,0,0,1
fc1e573df.jpg,0,0,0,0,0
c3ee7a878.jpg,1,0,0,0,1
ceae95bea.jpg,0,0,0,0,0
1caea18fc.jpg,0,0,1,0,1
8c7f9bc51.jpg,0,0,0,0,0
7045c2a55.jpg,0,0,1,0,1
3360184d3.jpg,0,0,0,0,0
68db9ad2d.jpg,0,0,0,0,0
a0ae0cbcf.jpg,1,0,1,0,1
f30897f72.jpg,0,0,0,0,0
94305429d.jpg,0,0,1,0,1
a4c93ac65.jpg,0,0,1,0,1
1d895ec3d.jpg,0,0,0,0,0
4cd9bef81.jpg,0,0,0,0,0
ac461b596.jpg,0,0,1,0,1
a8a6276cc.jpg,0,0,0,0,0
e9bb31483.jpg,0,0,0,0,0
4fd6285f1.jpg,0,0,0,0,0
a98f00f6b.jpg,0,0,1,0,1
1a075e075.jpg,0,0,0,1,1
2fdafaf26.jpg,0,0,0,0,0
f0437a9c3.jpg,0,0,1,0,1
0a85666e4.jpg,0,0,0,0,0
f83ee60b3.jpg,0,0,0,0,0
b119d8dd6.jpg,0,0,0,0,0
fdc7bc599.jpg,0,0,0,0,0
b18d448a7.jpg,0,0,0,0,0
eae952e95.jpg,0,0,0,0,0
d1dd9098c.jpg,0,0,1,0,1
a33ec265a.jpg,0,0,1,0,1
cd2ac68a2.jpg,0,0,0,0,0
e56c928ee.jpg,0,0,1,0,1
15ab03ce5.jpg,0,0,1,0,1
c63388081.jpg,0,0,1,1,1
0aceecf0a.jpg,0,0,1,0,1
e6da1179b.jpg,0,0,0,0,0
a09e5bfb0.jpg,0,0,0,1,1
62febb8d5.jpg,0,0,0,0,0
3c247ad54.jpg,0,0,0,1,1
42087f902.jpg,0,0,1,0,1
6bdf447c5.jpg,0,0,1,0,1
f6fdd467c.jpg,0,0,0,0,0
01cf446d4.jpg,0,0,1,0,1
2491d607d.jpg,0,0,1,0,1
52443504f.jpg,0,0,0,0,0
3377332c0.jpg,0,0,1,0,1
bfa13f841.jpg,0,0,0,0,0
0ee20797b.jpg,0,0,1,0,1
a890f04af.jpg,0,0,0,0,0
01540cab1.jpg,0,0,1,0,1
5e688f8fd.jpg,0,0,0,0,0
6d59bf3b5.jpg,0,0,0,0,0
7843767e9.jpg,0,0,1,0,1
dd9e0257b.jpg,0,0,1,0,1
975e50a09.jpg,0,0,1,0,1
4d47928bc.jpg,0,0,0,0,0
45ba100f4.jpg,0,0,1,0,1
99a941366.jpg,0,0,0,0,0
6ad950bb6.jpg,0,0,0,0,0
f9b806612.jpg,0,0,0,0,0
88d46c359.jpg,0,0,0,0,0
0bc8070d5.jpg,0,0,1,0,1
91f2a3209.jpg,0,0,0,0,0
bde16c127.jpg,0,0,0,0,0
57cf3c6ce.jpg,0,0,0,0,0
e43a0ca28.jpg,0,0,0,0,0
1b52ec552.jpg,0,0,1,0,1
6ebc3df02.jpg,0,0,1,1,1
08d5bd03d.jpg,0,0,1,0,1
f8ff8457a.jpg,0,0,1,0,1
20180fd12.jpg,0,0,0,0,0
42547e84d.jpg,0,0,0,0,0
b8a315e5d.jpg,0,0,0,0,0
d37fb426f.jpg,0,0,1,1,1
bfd56c3d2.jpg,0,0,1,0,1
62a1af2c1.jpg,0,0,1,0,1
8cb9d43f0.jpg,0,0,0,1,1
32efbaf94.jpg,0,0,1,0,1
4499aaa80.jpg,0,0,1,0,1
1e95fc3d7.jpg,1,0,1,0,1
f7a5fc620.jpg,0,0,0,0,0
fc2968239.jpg,0,0,1,0,1
13a12ca2b.jpg,0,0,0,0,0
51097aa45.jpg,0,0,0,1,1
bb25018fc.jpg,0,0,0,0,0
1f88df184.jpg,0,0,0,0,0
aa29aae31.jpg,0,0,0,0,0
f36acf83d.jpg,0,0,1,0,1
a3fa62a41.jpg,0,0,0,0,0
c85ed5c64.jpg,0,0,1,0,1
1860df762.jpg,0,0,1,0,1
b1f771047.jpg,0,0,0,0,0
ada3dacbe.jpg,0,0,1,0,1
008621629.jpg,0,0,0,1,1
619e26127.jpg,0,0,0,0,0
c7f93d8bd.jpg,0,0,1,0,1
d1267facd.jpg,0,0,0,0,0
fe849b86c.jpg,0,0,0,0,0
e1aec490e.jpg,0,0,0,0,0
f44bc4cf4.jpg,0,0,0,0,0
dcf78e7eb.jpg,0,0,1,0,1
3d5066f6d.jpg,0,0,0,1,1
36e512a45.jpg,1,0,0,0,1
4cb3f36d4.jpg,0,0,0,0,0
7b0b85b1d.jpg,0,0,0,0,0
5d9995dfe.jpg,0,0,0,0,0
c177e4d14.jpg,0,0,0,0,0
97bf2a97c.jpg,1,0,0,0,1
f8c41046b.jpg,0,0,1,0,1
54a1df397.jpg,0,0,0,0,0
6ce483b03.jpg,0,0,0,0,0
babc99f0c.jpg,1,0,1,0,1
66c456295.jpg,0,0,0,0,0
f061c7c53.jpg,0,0,0,0,0
9c33cdef5.jpg,0,0,1,0,1
299a15c20.jpg,0,0,1,1,1
af328f32c.jpg,0,0,0,0,0
a9a045b71.jpg,0,0,1,0,1
8edd818de.jpg,0,0,1,0,1
47e0685d0.jpg,0,0,0,0,0
54bdb0ccf.jpg,0,0,1,0,1
562055ee9.jpg,0,0,1,0,1
97fe33051.jpg,0,0,0,0,0
8e0334d54.jpg,0,0,0,0,0
dd74ce9d1.jpg,0,0,0,1,1
b43ea2c01.jpg,1,0,0,0,1
52497822f.jpg,0,0,1,0,1
1f15d197c.jpg,0,0,0,0,0
636852a01.jpg,0,0,1,0,1
c1422b149.jpg,0,0,1,0,1
1ab97ff12.jpg,0,0,0,0,0
5e534a619.jpg,0,0,0,1,1
eafa8d983.jpg,0,0,0,0,0
9e1d4b339.jpg,0,0,0,1,1
7d075d3e8.jpg,0,0,0,0,0
c2a409a0b.jpg,0,0,1,0,1
192a90dcc.jpg,0,0,0,0,0
42caf4e12.jpg,0,0,1,0,1
e4c9c8ab3.jpg,0,0,1,0,1
47a18bd61.jpg,1,0,0,0,1
7bb0e9495.jpg,0,0,0,0,0
74443f387.jpg,0,0,1,0,1
3e9581ec3.jpg,0,0,0,0,0
b40e4ebd6.jpg,0,0,0,0,0
eb10d7ae4.jpg,0,0,1,0,1
a5a0e4b19.jpg,0,0,1,0,1
c7c7168ae.jpg,0,0,0,0,0
bab5271b6.jpg,1,0,1,0,1
7068ee9f0.jpg,0,0,1,0,1
c4370b942.jpg,0,0,1,0,1
1a20361c3.jpg,0,0,1,0,1
43df0a876.jpg,0,0,1,0,1
2fa90e9dc.jpg,0,0,0,0,0
e13e952d1.jpg,0,0,1,0,1
78c1353e7.jpg,0,0,1,0,1
faa80e2e8.jpg,0,0,1,0,1
c4c004e9d.jpg,0,0,0,0,0
cbb659739.jpg,1,0,0,0,1
a5eb02ff0.jpg,0,0,1,0,1
1901655b3.jpg,0,0,0,0,0
c860271b4.jpg,0,0,0,0,0
4f8bb34b3.jpg,0,0,0,0,0
62e5f5e95.jpg,0,0,0,0,0
872b09085.jpg,0,0,1,0,1
bb24cde95.jpg,0,0,1,0,1
d54e6eb82.jpg,0,0,0,0,0
8d800b61c.jpg,0,0,0,0,0
39ae1a183.jpg,0,0,0,1,1
89c18c6b6.jpg,0,0,0,0,0
037887e11.jpg,0,0,0,0,0
2bad2deac.jpg,0,0,1,0,1
7f32d3e75.jpg,0,0,0,0,0
99923d074.jpg,0,0,1,0,1
ac98d5840.jpg,0,0,1,0,1
2de8838e1.jpg,0,0,0,0,0
3a4edbde9.jpg,1,0,0,0,1
837645cf1.jpg,1,0,0,0,1
b0161473e.jpg,0,0,0,0,0
2f5d1e975.jpg,0,0,0,0,0
aba64bfab.jpg,0,0,0,0,0
27b3f78bc.jpg,0,0,0,0,0
d74442547.jpg,0,0,1,0,1
c98cafcf4.jpg,0,0,0,0,0
d67745c5b.jpg,0,1,0,0,1
4edff9648.jpg,0,0,1,0,1
79f669380.jpg,0,0,1,0,1
ca98e7a24.jpg,0,0,0,0,0
aeb94b95f.jpg,0,1,0,0,1
183dbcde4.jpg,0,0,1,0,1
7f1b37606.jpg,0,0,1,1,1
54d8a631f.jpg,0,0,0,0,0
053e9a29c.jpg,0,0,1,0,1
0c0f61ab5.jpg,0,0,0,0,0
dddb213a1.jpg,0,0,0,0,0
49b34e921.jpg,0,0,0,1,1
6f5f59020.jpg,0,0,0,0,0
23d77b3df.jpg,0,0,1,0,1
304083ca3.jpg,0,0,0,1,1
491d49760.jpg,0,0,0,0,0
bc2185ce3.jpg,0,0,0,0,0
dfd8a544d.jpg,0,0,1,0,1
974f00b13.jpg,0,0,1,0,1
bf828b30d.jpg,0,0,1,1,1
e104181f2.jpg,0,0,1,0,1
4f3267b2d.jpg,0,0,0,0,0
7936da6f8.jpg,0,0,0,0,0
23b787894.jpg,0,0,1,0,1
853ad65f0.jpg,0,0,1,0,1
b0271d280.jpg,0,1,0,0,1
c098f8eff.jpg,0,0,0,0,0
f338038be.jpg,0,0,1,0,1
15063692d.jpg,0,0,0,0,0
25548e840.jpg,0,0,1,0,1
6e8ae20f1.jpg,0,0,0,0,0
cab4a0c41.jpg,0,0,0,0,0
82602cb06.jpg,0,0,0,1,1
59bcf1693.jpg,0,0,1,0,1
bb2975da4.jpg,0,0,1,0,1
95c66fec8.jpg,0,0,0,0,0
15ce9e5cf.jpg,0,0,1,0,1
6d98714d9.jpg,0,0,1,0,1
825d06c01.jpg,0,0,1,0,1
7933cbe21.jpg,0,0,0,0,0
d1987c227.jpg,0,0,0,0,0
502a574eb.jpg,0,0,0,0,0
baa040ac6.jpg,0,0,0,0,0
c41ca6add.jpg,0,0,0,0,0
67f6a8868.jpg,0,0,1,0,1
602f44c93.jpg,0,0,0,0,0
a5f3540e9.jpg,0,0,0,0,0
5d31c6ec3.jpg,0,0,0,0,0
5b615bff0.jpg,0,0,1,0,1
d2133ec61.jpg,0,0,0,0,0
50ff24e6e.jpg,0,0,1,0,1
7f5bd2550.jpg,0,0,0,0,0
0c59df320.jpg,1,0,0,0,1
4e1e0e3ac.jpg,0,0,1,0,1
d55dd8719.jpg,0,0,1,0,1
a3f913d5c.jpg,0,0,0,0,0
d4a80d75f.jpg,0,0,0,0,0
002e73b3c.jpg,0,0,0,0,0
01afbfa7a.jpg,0,0,0,1,1
dec7344c8.jpg,1,0,0,0,1
f8aa3fcc1.jpg,0,0,0,0,0
ac0590cf3.jpg,0,0,0,0,0
a09117fd7.jpg,0,0,0,0,0
662e5a5ee.jpg,0,0,0,0,0
5f2f465bc.jpg,0,0,0,0,0
bbde78fe1.jpg,1,0,0,0,1
4c2f5781f.jpg,0,0,0,0,0
b868c43ca.jpg,0,0,1,0,1
ed5030539.jpg,0,0,0,0,0
27ff1f9f7.jpg,0,0,0,0,0
57a7375f3.jpg,0,0,1,0,1
fdac6eb7b.jpg,0,0,0,0,0
c05799ac4.jpg,0,0,1,0,1
10caa6470.jpg,0,0,0,0,0
9bf6b84b3.jpg,0,0,0,0,0
0f7b0f4ab.jpg,0,0,1,0,1
f14611c67.jpg,0,0,0,0,0
ff3bac947.jpg,0,0,0,0,0
a5a04bc33.jpg,0,0,0,0,0
15afcbaf7.jpg,0,0,0,0,0
d66219b6a.jpg,0,0,0,0,0
af828b126.jpg,0,0,1,0,1
5c0f7c72d.jpg,0,0,1,0,1
793b08f01.jpg,0,0,0,0,0
97dbd1162.jpg,0,0,1,0,1
525d0e51e.jpg,1,0,0,0,1
75785b3eb.jpg,0,0,1,0,1
460b13d7e.jpg,0,0,1,0,1
d1202c95e.jpg,0,0,1,0,1
d000d7ef5.jpg,0,0,1,0,1
bf5e1ed13.jpg,0,1,0,0,1
8abd1fbf5.jpg,0,0,1,0,1
141bea747.jpg,0,0,0,1,1
28a6ef562.jpg,0,0,1,0,1
167bea6b7.jpg,0,0,0,0,0
dc0fc027e.jpg,0,0,0,0,0
a61996577.jpg,0,0,1,0,1
c6510fb5a.jpg,0,0,1,0,1
394852be1.jpg,0,0,0,0,0
9528617c0.jpg,0,0,0,0,0
ec9f97e66.jpg,1,0,0,0,1
3740a6dd1.jpg,0,0,1,0,1
05184e71b.jpg,0,0,1,0,1
43e7d368f.jpg,0,0,0,0,0
11bbd9f31.jpg,0,0,0,0,0
364c83806.jpg,0,0,1,0,1
27f9c23bd.jpg,0,0,0,0,0
175aeb257.jpg,0,0,0,0,0
98c061bdd.jpg,0,0,0,0,0
361f8df46.jpg,0,0,0,0,0
65af2dedf.jpg,0,0,0,0,0
496656148.jpg,0,0,0,0,0
d17a26f0c.jpg,0,0,0,0,0
f9682bef7.jpg,0,0,1,0,1
204b5e3d3.jpg,0,0,0,0,0
a817da1df.jpg,0,0,0,0,0
c695855a7.jpg,0,0,0,0,0
dc5e7f2c8.jpg,0,0,0,0,0
b662b5b00.jpg,0,0,0,0,0
e39ce3e34.jpg,0,0,0,0,0
e19ca4457.jpg,0,0,1,0,1
3405695b6.jpg,0,0,1,0,1
24f34efc1.jpg,0,0,0,0,0
a30d21396.jpg,0,0,0,0,0
a9531d54c.jpg,0,0,0,0,0
717754baf.jpg,0,0,0,0,0
3cfebb540.jpg,0,0,0,0,0
61cd2a4f4.jpg,0,0,0,0,0
1dd828ff3.jpg,0,0,0,0,0
2f6c4d0e7.jpg,1,0,0,0,1
f8347d282.jpg,0,0,0,0,0
3af1c4aca.jpg,0,0,1,0,1
bd411a664.jpg,0,0,0,0,0
f60a5bc2b.jpg,0,0,0,0,0
ba7ed19b3.jpg,0,0,1,0,1
a56c153e4.jpg,0,0,0,0,0
ab88df761.jpg,0,0,0,0,0
f298b80d1.jpg,0,0,1,0,1
0984c380f.jpg,0,0,1,0,1
b05584f2f.jpg,0,0,0,0,0
806b28ae8.jpg,0,0,0,0,0
896f524b3.jpg,0,0,1,0,1
0849ea9f1.jpg,0,0,1,0,1
cdb6b6c23.jpg,0,0,1,1,1
2930b4f52.jpg,0,0,1,1,1
d8bdca735.jpg,0,0,0,0,0
d8b6334f7.jpg,0,0,1,0,1
e81458200.jpg,0,0,0,0,0
606f35768.jpg,1,0,0,0,1
a62c06b43.jpg,0,0,0,0,0
aa4b29d91.jpg,0,0,1,0,1
b34091037.jpg,0,1,0,0,1
9236f984c.jpg,1,0,0,0,1
dd97d4b45.jpg,0,0,1,0,1
810f7826a.jpg,0,0,1,0,1
b95e49245.jpg,0,0,1,0,1
09140dda7.jpg,0,0,1,0,1
fafd76f70.jpg,0,0,1,0,1
c6cbf9f18.jpg,0,0,0,0,0
facfab806.jpg,0,0,0,0,0
ed32e2939.jpg,0,0,0,0,0
f36cf3058.jpg,0,0,0,0,0
2e12e1c6a.jpg,0,0,1,0,1
341952a36.jpg,0,0,0,0,0
c097a0af1.jpg,0,0,1,0,1
bf9ec9501.jpg,0,0,0,0,0
3e99e6df3.jpg,0,0,0,0,0
ce067d78c.jpg,0,0,0,0,0
367553727.jpg,0,0,1,0,1
0c9425441.jpg,0,0,0,0,0
5cbc57544.jpg,0,0,0,0,0
43d7e6da0.jpg,0,0,0,1,1
ca6b5420f.jpg,0,0,1,0,1
e09da86ae.jpg,0,0,0,0,0
6f2370e80.jpg,0,0,0,0,0
43964f02b.jpg,0,0,0,0,0
5c123ad74.jpg,0,0,1,0,1
bd1d00d38.jpg,0,0,1,0,1
46160f1f5.jpg,0,0,1,0,1
161ab51b4.jpg,0,0,0,0,0
1571b4532.jpg,0,0,0,0,0
35e091132.jpg,0,0,0,0,0
0ba2d403f.jpg,0,0,0,0,0
9e676691b.jpg,0,0,0,0,0
f5e981623.jpg,0,0,1,0,1
a4334d7da.jpg,0,0,1,1,1
36789516a.jpg,0,0,1,0,1
e57efd4b4.jpg,0,0,1,0,1
24e249331.jpg,0,0,1,0,1
857400707.jpg,0,0,1,0,1
0da296499.jpg,0,0,0,0,0
cd7f7f904.jpg,0,0,0,0,0
53630d5bf.jpg,0,0,0,0,0
faa4010e1.jpg,0,0,0,0,0
0e106d482.jpg,0,1,0,0,1
8fef72c9f.jpg,0,0,1,0,1
4590a4512.jpg,0,0,0,0,0
19b8972c7.jpg,0,0,1,0,1
e055a603c.jpg,0,0,1,0,1
35c80b6f0.jpg,0,0,1,0,1
ca9d7749b.jpg,0,0,1,0,1
e39c0bbac.jpg,0,0,0,0,0
4edc8b817.jpg,0,0,1,1,1
ef70641e3.jpg,0,0,1,0,1
2af6d7182.jpg,0,0,0,0,0
44a97f8a0.jpg,0,0,0,0,0
17d084dae.jpg,0,0,0,0,0
6e994b366.jpg,0,0,1,0,1
c873d7724.jpg,0,0,1,0,1
60efe3f90.jpg,0,0,0,1,1
442e75bf9.jpg,0,0,0,0,0
b10ca1dc4.jpg,0,0,1,0,1
e3143c8d2.jpg,0,0,1,0,1
5fb058bcf.jpg,0,0,0,0,0
0ae4f8a60.jpg,0,0,1,0,1
4fb88c3a4.jpg,0,0,1,0,1
fe793c552.jpg,0,0,1,0,1
eed74bec9.jpg,0,0,1,0,1
367f86e4b.jpg,0,0,0,0,0
13baad39e.jpg,0,0,0,0,0
2c8d08d8d.jpg,0,0,1,0,1
db8b09f05.jpg,0,0,1,0,1
577afb2d8.jpg,0,0,1,0,1
23fd97f0f.jpg,0,0,0,0,0
cefae46dd.jpg,0,0,0,0,0
ffa55c731.jpg,0,0,0,0,0
66e89afaa.jpg,1,0,0,0,1
caf2ca4e0.jpg,0,0,0,0,0
de7e1bfcb.jpg,0,0,0,0,0
56d523688.jpg,0,0,1,0,1
a14c30405.jpg,0,0,0,0,0
850ce4bc1.jpg,0,0,0,0,0
b6656880b.jpg,0,0,1,0,1
7ecb2f19b.jpg,0,0,0,0,0
096e9d26a.jpg,0,0,0,0,0
3e3d92e7e.jpg,0,0,1,0,1
638531c87.jpg,0,0,1,0,1
6da09ded5.jpg,0,0,0,0,0
40e52c68b.jpg,0,0,1,0,1
ae3f34ab1.jpg,0,0,0,0,0
9f101a24e.jpg,0,0,1,0,1
47cee01b1.jpg,0,0,1,0,1
34561de46.jpg,0,0,1,0,1
c296dafca.jpg,0,0,0,0,0
89332ba01.jpg,0,0,1,0,1
01d590c5f.jpg,0,0,0,0,0
fe123ce40.jpg,0,0,0,0,0
be6c49e45.jpg,0,0,1,0,1
460d229ec.jpg,1,0,0,0,1
1699951da.jpg,1,0,0,0,1
ae677bed4.jpg,0,0,0,0,0
051f58cb4.jpg,0,0,0,0,0
332e21cbc.jpg,0,1,0,0,1
1bdb7f26f.jpg,1,0,0,0,1
07bee931a.jpg,0,0,0,0,0
e18358461.jpg,0,0,0,0,0
e03bf53d8.jpg,0,0,1,0,1
885e9371e.jpg,0,0,0,0,0
cb3ba3c45.jpg,0,0,0,0,0
9bb56797d.jpg,0,0,0,0,0
31e86cf3a.jpg,0,0,1,0,1
10ca1b930.jpg,0,0,0,0,0
c1e621914.jpg,0,0,0,0,0
905964016.jpg,0,0,1,0,1
b1e3c11ad.jpg,0,0,0,1,1
6b634bbe9.jpg,1,0,0,0,1
f710ff0a1.jpg,0,0,0,0,0
11192bc94.jpg,0,0,1,0,1
010db68d1.jpg,1,0,0,0,1
ce42693fb.jpg,0,0,1,0,1
f576a4e75.jpg,0,0,0,0,0
d808c5310.jpg,0,0,0,0,0
a8a982a07.jpg,0,0,0,0,0
1592ad79d.jpg,0,0,0,0,0
ce4d5f713.jpg,0,0,1,0,1
8a88f573c.jpg,0,0,1,0,1
5fa66ef18.jpg,0,0,0,0,0
990640fa8.jpg,0,0,0,0,0
63ad80e46.jpg,0,0,0,0,0
45cd496e1.jpg,0,0,0,0,0
ca2aeb52a.jpg,0,0,0,0,0
398436da1.jpg,0,0,0,0,0
aa7a0bcf3.jpg,0,0,1,0,1
8886a8a54.jpg,0,0,1,0,1
0d51538b9.jpg,0,0,0,1,1
20bb368f8.jpg,0,0,0,0,0
0c3fdad18.jpg,0,0,0,0,0
744f5f73b.jpg,0,0,0,0,0
4faf01808.jpg,0,0,0,0,0
d07524f7c.jpg,0,0,0,0,0
17e6e4b30.jpg,0,0,0,0,0
e91f2be81.jpg,0,0,0,0,0
4b767f114.jpg,0,0,0,0,0
808c30930.jpg,0,0,1,0,1
d8e9d10b6.jpg,0,0,0,0,0
3ec7019e2.jpg,0,0,1,0,1
16d76e80f.jpg,0,0,0,0,0
99d47e124.jpg,0,0,1,0,1
62d22c41a.jpg,0,0,0,0,0
ea5c8ec19.jpg,0,0,1,0,1
3569610ca.jpg,0,0,0,0,0
d9378a0a0.jpg,0,0,1,0,1
3bbab6db6.jpg,0,0,1,0,1
c7edb8625.jpg,0,0,1,0,1
c5b83f5b3.jpg,0,0,0,0,0
2c2fa2f81.jpg,0,0,0,0,0
4731d41e8.jpg,0,0,0,0,0
374def89b.jpg,0,0,0,0,0
ae29b9e4d.jpg,0,0,0,0,0
8bb64b5b3.jpg,0,0,1,0,1
457d95686.jpg,0,0,0,0,0
a91b97969.jpg,1,0,0,0,1
a0e033c85.jpg,0,0,0,0,0
c26f7ab21.jpg,0,0,1,0,1
c5a2172a9.jpg,1,0,0,0,1
fcdeccead.jpg,1,0,0,0,1
a63669b29.jpg,1,0,0,0,1
4a80680e5.jpg,0,0,0,0,0
61b4b7771.jpg,0,0,1,0,1
2731f7830.jpg,0,0,1,1,1
684c99351.jpg,0,0,1,0,1
e715ab77a.jpg,0,0,0,0,0
3f4274dfc.jpg,0,0,0,0,0
b4af4e1ff.jpg,0,0,0,0,0
5a0b3a924.jpg,0,0,1,0,1
fdb58f4ec.jpg,0,0,0,0,0
b43730232.jpg,0,0,0,0,0
f3e1e7c47.jpg,0,1,0,0,1
a42786f51.jpg,0,0,0,0,0
621086ad2.jpg,0,0,0,0,0
cd2afa0c5.jpg,0,0,0,0,0
94882163b.jpg,0,0,1,0,1
271f3eb1f.jpg,0,0,0,0,0
5c07547b4.jpg,0,0,0,0,0
775c92649.jpg,0,0,0,0,0
3d1877bdd.jpg,0,0,0,0,0
eb9a7b893.jpg,0,0,0,0,0
a335e099a.jpg,0,0,0,0,0
98937deb7.jpg,0,1,1,0,1
2ccef61c3.jpg,0,0,0,1,1
94753d945.jpg,0,0,1,0,1
3e7d00bf4.jpg,0,0,0,0,0
daeb19735.jpg,0,0,0,0,0
6e7bace88.jpg,0,0,1,0,1
eed32de1b.jpg,1,0,0,0,1
38d6c1e96.jpg,0,0,0,0,0
2f2afbcc4.jpg,0,0,0,0,0
00c88fed0.jpg,1,1,0,0,1
5a68d86b2.jpg,0,0,0,0,0
1efe2a3d5.jpg,0,0,0,0,0
539a9d455.jpg,1,0,0,0,1
cb2dee2dd.jpg,0,0,1,0,1
70b0fb0cd.jpg,0,0,1,0,1
47f4eb2de.jpg,0,0,0,0,0
4c8759dd0.jpg,0,0,1,0,1
8f080792b.jpg,0,0,0,0,0
3ae54304e.jpg,0,0,0,0,0
778bde2b8.jpg,0,0,1,0,1
0d26bb9b3.jpg,0,0,0,0,0
b5940545e.jpg,0,0,0,0,0
2d759458e.jpg,1,0,0,0,1
75a2d7690.jpg,0,0,1,0,1
2e224953f.jpg,0,0,0,0,0
8aefde0ce.jpg,0,0,0,0,0
3bff9e63a.jpg,0,0,0,0,0
336f2abaa.jpg,0,0,0,0,0
7235f9760.jpg,0,0,0,0,0
036505ca3.jpg,0,0,0,0,0
e013286ef.jpg,0,0,0,1,1
412fe7f70.jpg,0,0,1,0,1
aac764a88.jpg,0,0,1,0,1
bdeee2086.jpg,0,0,1,0,1
59abeaf7b.jpg,0,0,0,0,0
fb22747f2.jpg,0,0,0,0,0
3ae7bb8eb.jpg,0,0,0,0,0
18ef5e6f6.jpg,0,0,0,0,0
fef40d085.jpg,0,0,0,0,0
e11fba57d.jpg,0,0,0,0,0
2fa996a4c.jpg,0,0,1,0,1
4dd52fc23.jpg,0,0,1,1,1
df501d7c9.jpg,0,0,0,0,0
0d22de6d4.jpg,0,0,0,0,0
641f7876e.jpg,0,0,0,0,0
335be17fa.jpg,0,0,1,0,1
69eb01d92.jpg,0,0,0,0,0
fcf0d3eeb.jpg,0,0,0,0,0
5b8ad534d.jpg,1,0,0,0,1
5d465a80a.jpg,0,0,0,0,0
f8267203f.jpg,0,0,0,0,0
3b08fb5ce.jpg,0,0,0,0,0
96c46e1c9.jpg,0,0,0,0,0
f7f2d555c.jpg,0,0,1,0,1
3933a5fcc.jpg,0,0,0,1,1
cf1f3345c.jpg,0,0,1,0,1
8726206f5.jpg,0,0,1,0,1
28d523b58.jpg,1,0,0,0,1
8562a95b4.jpg,0,0,1,0,1
3e6848e8d.jpg,0,0,0,0,0
faa0cdf84.jpg,1,0,0,0,1
949a23e72.jpg,0,0,1,1,1
0b2edb671.jpg,0,0,0,0,0
7b5dbe34d.jpg,0,0,1,0,1
f8332f3fc.jpg,0,0,0,0,0
456b9952f.jpg,0,0,1,0,1
b93cc6719.jpg,0,0,1,0,1
c24f45fd3.jpg,0,0,1,0,1
2bc1a3aa1.jpg,0,0,0,0,0
b080280d8.jpg,0,0,1,1,1
9ea3ea37b.jpg,0,0,1,0,1
7155ea2e8.jpg,0,0,1,0,1
578ba56db.jpg,0,0,0,0,0
00bf8497a.jpg,0,0,1,0,1
b23f90fb7.jpg,0,0,0,0,0
1c61eaea9.jpg,0,0,1,0,1
b3192c13d.jpg,0,0,0,0,0
7168496a4.jpg,0,0,1,0,1
409453bc7.jpg,0,0,1,0,1
51cbde5bc.jpg,0,0,0,0,0
cf3589519.jpg,0,0,0,0,0
4aee61007.jpg,0,0,0,0,0
db8942667.jpg,0,0,0,0,0
df404d739.jpg,0,0,0,0,0
a76baea54.jpg,0,0,0,0,0
5de4f67ec.jpg,0,0,1,0,1
522f217cb.jpg,0,0,0,0,0
f991a6a9e.jpg,1,0,0,0,1
74f33b596.jpg,0,0,0,0,0
5fb05ccea.jpg,0,0,1,0,1
82e2cffe0.jpg,0,0,1,0,1
9663d6a79.jpg,0,0,1,0,1
de37ca856.jpg,0,0,1,0,1
ab710a287.jpg,1,0,0,0,1
82fef8150.jpg,0,0,0,0,0
f13f86ab1.jpg,0,0,0,0,0
0920a07c6.jpg,0,0,0,0,0
22a1c5ea1.jpg,0,0,0,0,0
fbe24003b.jpg,0,0,0,0,0
1f86fdb5b.jpg,0,0,0,0,0
0645d69f9.jpg,0,0,1,0,1
8fc48f131.jpg,0,0,1,0,1
10cc0c97a.jpg,0,0,0,0,0
0a5ad2f0f.jpg,0,0,0,0,0
af27e8276.jpg,0,0,0,0,0
419abb453.jpg,0,0,0,0,0
ffbd081d5.jpg,0,0,1,0,1
8686e77d9.jpg,0,0,0,0,0
ad6fb4fab.jpg,0,0,1,0,1
0e5e3f570.jpg,0,0,1,0,1
0ec130695.jpg,0,0,1,0,1
7c5b834b7.jpg,0,0,0,0,0
d91c205e6.jpg,0,0,0,0,0
5c753ef63.jpg,0,0,0,0,0
6ea9f03a2.jpg,0,0,1,0,1
6d6a1fbe1.jpg,1,0,0,0,1
2aec7fe3a.jpg,0,0,0,0,0
1da1345fc.jpg,0,0,0,0,0
e808d020e.jpg,0,0,1,0,1
47ee54ab1.jpg,0,0,0,0,0
3c4d16b17.jpg,0,0,1,0,1
8640d3367.jpg,0,0,0,0,0
e60c46d38.jpg,0,0,0,0,0
bac68f2c3.jpg,0,0,1,0,1
bb47cc54c.jpg,0,0,0,0,0
f1a782eb5.jpg,0,0,0,0,0
100cf75d9.jpg,0,0,1,0,1
e8986ebbe.jpg,0,0,0,0,0
e7aa7746f.jpg,0,0,1,0,1
135fe211d.jpg,0,0,1,0,1
76c20b5af.jpg,0,0,1,0,1
ea5d87b7d.jpg,0,0,0,0,0
91b768bcb.jpg,0,0,1,0,1
addd390e9.jpg,0,0,1,0,1
a9ee60102.jpg,0,0,0,0,0
f8d0b85ef.jpg,0,0,0,1,1
5f4aacd92.jpg,0,0,0,0,0
cdf523bf0.jpg,0,0,1,0,1
55ccadff9.jpg,0,0,1,0,1
43e4e9def.jpg,0,0,0,0,0
5b3f3abe1.jpg,0,0,0,0,0
3cc9afa80.jpg,0,0,0,0,0
7b80d479b.jpg,0,0,1,0,1
6a039865f.jpg,0,0,0,0,0
51a3f4c59.jpg,0,0,1,0,1
213ba76ed.jpg,0,0,0,0,0
e7d7c87e2.jpg,0,0,1,0,1
97ca3e697.jpg,0,0,1,0,1
d75a84b44.jpg,0,0,1,0,1
ff27b4b1b.jpg,0,0,1,0,1
7a8fcc7df.jpg,0,0,1,0,1
e279406f9.jpg,0,0,0,0,0
617b8af67.jpg,0,0,0,0,0
7b8d4b6d4.jpg,0,0,1,0,1
bfaa6cae6.jpg,0,0,0,1,1
d6505b987.jpg,0,0,1,0,1
f1699acad.jpg,0,1,0,0,1
2d759a3be.jpg,0,0,0,0,0
a73cf6a39.jpg,0,0,0,0,0
1c2b72b46.jpg,0,0,0,0,0
b19603805.jpg,0,0,0,1,1
398a5b6a9.jpg,0,0,1,0,1
fea8e46ad.jpg,0,0,1,0,1
18076ccc9.jpg,0,0,0,0,0
aa9a7363b.jpg,0,0,1,0,1
56553f422.jpg,0,0,1,0,1
5a0a6f0d2.jpg,0,0,0,0,0
711e49f96.jpg,0,0,1,0,1
93b7b01f1.jpg,0,0,1,0,1
2ec9eddd4.jpg,0,0,1,0,1
7fceeb19e.jpg,0,0,0,0,0
6e6b79dc4.jpg,0,0,1,1,1
274b1d54b.jpg,0,0,1,0,1
dc319912e.jpg,0,0,1,0,1
d19e7a3c2.jpg,0,0,0,0,0
713df9d95.jpg,0,0,0,0,0
633b2f9e5.jpg,0,0,0,0,0
3684a95a8.jpg,0,0,1,0,1
ff6bfada2.jpg,0,0,1,1,1
27ca5333a.jpg,0,0,0,0,0
e48411a83.jpg,0,0,0,0,0
943747042.jpg,0,0,0,0,0
42996bbcf.jpg,0,0,1,0,1
636700b91.jpg,0,0,1,0,1
a5d571de0.jpg,0,0,1,0,1
b4562e772.jpg,0,0,0,0,0
ef6f50a86.jpg,0,0,0,0,0
21fb2df8d.jpg,1,0,0,0,1
3a8c4efe7.jpg,0,0,0,0,0
a9107b3b6.jpg,0,0,1,0,1
a826d9481.jpg,0,0,1,0,1
ac5de187a.jpg,0,0,1,0,1
5c68839d0.jpg,0,0,1,0,1
3d4ac6276.jpg,0,0,1,0,1
8616dadc9.jpg,0,0,0,0,0
57314986d.jpg,0,0,1,0,1
6778e2f4c.jpg,0,0,0,0,0
45988b743.jpg,0,0,0,0,0
4b5006ba7.jpg,0,0,0,0,0
1086196e1.jpg,0,0,1,0,1
1e4cf3b70.jpg,0,0,1,0,1
8848794d4.jpg,0,0,0,0,0
263e60865.jpg,0,0,0,0,0
eb082ef3e.jpg,0,0,0,0,0
9dc65bc1e.jpg,0,1,0,0,1
400eedff4.jpg,0,0,1,0,1
c56e3ffcb.jpg,0,0,1,0,1
cb9f5e3fc.jpg,0,0,0,0,0
3f588b2c6.jpg,0,0,0,0,0
187220bde.jpg,0,0,0,0,0
01e501f99.jpg,0,0,0,0,0
d6dd8245a.jpg,0,0,0,0,0
9f2b5e50a.jpg,0,0,1,0,1
d23373fe5.jpg,0,0,0,0,0
2222a03b3.jpg,0,0,1,0,1
0c4fc6017.jpg,0,0,0,0,0
2fdfeea2f.jpg,0,0,0,0,0
de15e1a31.jpg,0,0,1,0,1
fae50c768.jpg,0,0,1,0,1
fc55baa4f.jpg,0,0,0,0,0
6634574cd.jpg,0,0,0,0,0
1f4161475.jpg,1,0,0,0,1
a4a007ea2.jpg,0,0,0,0,0
42c24518d.jpg,0,0,0,0,0
70b9a5566.jpg,0,0,0,0,0
bd01b8daf.jpg,0,0,1,1,1
ae9a759a1.jpg,0,0,0,0,0
de049d393.jpg,0,0,1,0,1
fc1ee52dc.jpg,0,0,0,0,0
519e8199f.jpg,0,0,0,0,0
1422f2b27.jpg,0,0,1,0,1
1466a7fc7.jpg,0,0,0,0,0
f45dffa97.jpg,0,0,0,0,0
4da66ae64.jpg,0,0,0,0,0
c2956fc84.jpg,0,0,0,0,0
1b64da256.jpg,0,0,0,0,0
98876c103.jpg,0,0,0,0,0
fd319a9a3.jpg,0,0,0,0,0
1bf49d46e.jpg,0,0,1,0,1
496790c19.jpg,0,0,1,0,1
d2670190d.jpg,0,0,1,0,1
9cf46dde4.jpg,0,0,0,0,0
2a407b8dd.jpg,0,0,1,0,1
a18bdb241.jpg,0,0,1,0,1
766303a03.jpg,0,0,0,0,0
c5cd270f2.jpg,0,0,0,1,1
2b7156859.jpg,0,0,0,0,0
bcb794eed.jpg,0,0,1,0,1
a51dab2d5.jpg,0,0,0,0,0
6a46b70e7.jpg,0,0,0,0,0
648e67d1b.jpg,0,1,0,0,1
89a7db911.jpg,0,0,0,0,0
9384459df.jpg,1,0,0,0,1
9edf820d2.jpg,0,0,0,0,0
59384b153.jpg,0,0,1,0,1
30ff9d12e.jpg,0,0,0,0,0
a187d1897.jpg,0,0,1,0,1
8fe172794.jpg,0,0,0,1,1
e6c32de72.jpg,0,0,1,0,1
4bbfad337.jpg,0,0,0,0,0
7d9d29d28.jpg,1,0,0,0,1
6dcbc2c43.jpg,0,0,0,0,0
cf048c9d2.jpg,0,0,0,0,0
1a7230747.jpg,0,0,0,0,0
8934fde20.jpg,0,0,0,0,0
66c2e78b0.jpg,0,0,0,0,0
ac39eca81.jpg,1,0,0,0,1
7f63c4624.jpg,0,0,0,0,0
9e33829a0.jpg,0,0,0,0,0
d081c88b5.jpg,0,0,0,0,0
ec6e13f9c.jpg,0,0,0,0,0
04933e7f0.jpg,0,0,0,0,0
dcd2b0763.jpg,0,0,0,0,0
efd258b19.jpg,0,0,0,0,0
56b9e54ed.jpg,0,0,1,0,1
2e4fefc28.jpg,0,0,1,0,1
44d46adc8.jpg,0,0,1,0,1
6c2585cf5.jpg,0,0,0,0,0
2bb9c8164.jpg,0,0,0,0,0
07ac7620c.jpg,1,0,0,0,1
672a24d19.jpg,0,0,1,0,1
56a9e36dd.jpg,0,0,1,0,1
ca6b7eb23.jpg,0,0,0,0,0
6c0ae9d2d.jpg,0,0,1,0,1
2edaf414b.jpg,0,0,0,0,0
ffe93442c.jpg,0,0,0,0,0
2f3f663c0.jpg,0,0,0,0,0
76165cccc.jpg,0,0,1,0,1
a86d2a653.jpg,0,0,0,0,0
11872c662.jpg,0,0,0,0,0
d9aa04f0f.jpg,0,0,0,0,0
e658c360c.jpg,0,0,0,0,0
bc9e986b3.jpg,0,0,0,0,0
13b66e5de.jpg,0,0,0,1,1
65cf822cb.jpg,0,0,0,0,0
56463250f.jpg,0,0,0,0,0
d20bb7f7b.jpg,0,0,1,0,1
e6ae8285e.jpg,0,0,0,0,0
4d586677e.jpg,0,0,1,0,1
aa218783a.jpg,0,0,1,0,1
c4260033a.jpg,0,0,0,0,0
e40b5fde7.jpg,0,0,0,0,0
ef17a2418.jpg,0,0,0,0,0
4fd6b1521.jpg,0,0,1,0,1
7868009d5.jpg,0,0,0,0,0
bbebbd412.jpg,0,0,1,0,1
b7871011a.jpg,1,0,0,0,1
bb01e08e4.jpg,0,0,1,0,1
e2f3d138a.jpg,0,0,1,0,1
c2514d9c0.jpg,0,0,0,0,0
aa394081e.jpg,0,0,1,0,1
39e365d3b.jpg,0,0,1,0,1
098935502.jpg,0,0,0,0,0
5e0744d4b.jpg,0,0,1,0,1
738990878.jpg,0,0,0,0,0
ad8744ba7.jpg,0,0,1,0,1
9d76f9e55.jpg,0,0,0,0,0
385e1970e.jpg,0,0,1,0,1
521632501.jpg,0,0,0,0,0
e56d5dfde.jpg,0,1,0,0,1
d422920e3.jpg,1,0,0,0,1
d449eeae4.jpg,0,0,0,0,0
9a70057c0.jpg,0,0,1,0,1
d5f7cde8a.jpg,0,0,1,0,1
9e1f9aaaf.jpg,0,0,1,0,1
6c688cacc.jpg,0,0,0,0,0
17d02873a.jpg,0,0,1,0,1
7311b8f91.jpg,0,0,0,0,0
e3e8594fa.jpg,0,0,1,0,1
2ce026ee0.jpg,0,0,1,0,1
d07afd5bf.jpg,1,0,0,0,1
a09a889b2.jpg,0,0,1,0,1
e0bbfc7b9.jpg,0,0,0,0,0
b722f7475.jpg,0,0,0,0,0
dc5f711fa.jpg,0,0,0,0,0
d60d97779.jpg,0,0,0,0,0
8d8785ce2.jpg,0,0,0,0,0
b32156d1f.jpg,0,0,1,0,1
24ae96cd5.jpg,0,0,0,1,1
6057309ad.jpg,0,0,0,0,0
9c19a106d.jpg,0,0,1,0,1
d81776111.jpg,0,0,0,0,0
dac8bf38a.jpg,1,0,0,0,1
05172e316.jpg,0,0,0,0,0
b4b6a1104.jpg,0,0,0,0,0
b6a5c7a5b.jpg,0,0,0,1,1
b49b2a0ee.jpg,0,0,0,0,0
7b8deab35.jpg,0,0,0,0,0
c27fcd22a.jpg,0,0,0,0,0
cdfc07953.jpg,0,0,0,0,0
8da886dcf.jpg,1,0,0,0,1
9a81a8056.jpg,0,0,0,0,0
9bbc60816.jpg,0,0,0,0,0
999263047.jpg,0,0,0,0,0
5ed60086b.jpg,0,0,0,0,0
527517cf3.jpg,0,0,1,0,1
9ad36a571.jpg,0,0,1,0,1
d174d21ae.jpg,0,0,0,0,0
fea2f6ad2.jpg,0,0,1,0,1
1bf758d80.jpg,0,0,1,0,1
a88757126.jpg,0,0,1,0,1
58c369250.jpg,0,0,0,0,0
64e81deca.jpg,0,0,0,0,0
8718d384c.jpg,0,0,0,0,0
f613991f1.jpg,0,0,0,0,0
fbbecd1d9.jpg,0,0,0,0,0
64050cece.jpg,0,0,0,0,0
67014d942.jpg,0,0,0,0,0
d531d3070.jpg,0,0,0,0,0
0abfbfc69.jpg,0,0,1,0,1
a733a2220.jpg,0,0,0,0,0
9db7cdc58.jpg,0,0,1,0,1
a1dba4777.jpg,0,0,1,0,1
0b5018316.jpg,0,1,0,0,1
29061ba6a.jpg,0,0,0,0,0
e47028cb2.jpg,0,0,0,0,0
136e82a7f.jpg,0,0,0,0,0
a922818e9.jpg,0,0,1,0,1
6915f678b.jpg,0,0,1,0,1
7ec79c490.jpg,0,0,1,0,1
e9ed21340.jpg,0,0,1,0,1
3e3fcff77.jpg,0,0,0,0,0
df0430717.jpg,0,0,1,0,1
7b80a9151.jpg,0,0,0,0,0
49c01817b.jpg,0,0,0,0,0
81b699f38.jpg,0,0,1,0,1
6fd586f60.jpg,0,0,0,0,0
fe2136368.jpg,0,0,0,0,0
f7e92727b.jpg,0,0,1,0,1
b8ef73f38.jpg,0,0,0,0,0
5188851b2.jpg,0,0,1,0,1
92ca72504.jpg,0,0,1,0,1
c0cab7860.jpg,0,0,0,0,0
983a7f683.jpg,0,0,0,0,0
1e7893a11.jpg,0,0,1,0,1
2f0e00b02.jpg,0,0,0,0,0
bdd1c7fa8.jpg,0,0,1,0,1
343bec579.jpg,0,0,0,0,0
d0dde3c93.jpg,0,0,0,0,0
c04b0d160.jpg,0,0,1,0,1
326eadf51.jpg,0,0,0,0,0
3392cacb5.jpg,0,0,0,0,0
921340245.jpg,0,0,0,0,0
1ea40df0e.jpg,0,0,1,0,1
e7c69aea5.jpg,0,0,1,0,1
8b4b4d618.jpg,0,0,1,0,1
be3d5d136.jpg,0,0,0,0,0
333f7b0e6.jpg,0,0,0,0,0
af426e1d3.jpg,0,0,1,0,1
7046618f6.jpg,1,0,0,0,1
8b0b1eb8e.jpg,0,0,0,0,0
45e2d90b0.jpg,0,0,0,0,0
68d3c7be2.jpg,0,0,1,0,1
f5479db16.jpg,0,0,1,0,1
913120490.jpg,0,0,0,0,0
5892bea2e.jpg,0,0,0,0,0
e0ad8fed3.jpg,0,0,1,0,1
27faa1de7.jpg,0,0,1,0,1
b9b07c892.jpg,0,0,0,1,1
a231b46ec.jpg,0,0,1,0,1
bcc4f678a.jpg,0,0,1,0,1
ab2b3d3d9.jpg,0,0,1,0,1
6a7f81abd.jpg,0,0,0,0,0
ed4db5cf7.jpg,0,0,1,0,1
3ecf33095.jpg,0,0,1,0,1
115efa1ca.jpg,0,0,0,0,0
02c7f44d9.jpg,0,0,0,0,0
60bdfb21b.jpg,0,0,1,0,1
0f388ff6d.jpg,0,0,0,0,0
81e8d9fd9.jpg,0,0,0,1,1
1844b698a.jpg,0,0,0,0,0
ed3f080c3.jpg,1,0,0,0,1
b76bbb3cf.jpg,1,0,0,0,1
67579f49a.jpg,0,0,0,1,1
4e265c94c.jpg,0,0,1,0,1
346542b68.jpg,0,0,0,0,0
bb0b18744.jpg,0,0,1,0,1
3672e84bc.jpg,0,0,1,0,1
522e17d3e.jpg,1,0,0,0,1
0202a5f22.jpg,0,0,0,0,0
7c6fa5adf.jpg,0,0,0,0,0
a96489280.jpg,0,0,0,0,0
9df65465f.jpg,0,0,0,0,0
9345f1250.jpg,0,0,1,0,1
ccf39a604.jpg,0,0,1,0,1
b754c1efe.jpg,1,0,0,0,1
4b628b398.jpg,0,0,1,0,1
bdd265724.jpg,0,0,1,0,1
451685808.jpg,0,0,0,0,0
df76ae5b5.jpg,0,0,0,0,0
757577d91.jpg,1,0,0,0,1
fc477f3c8.jpg,0,0,1,0,1
a430d56ba.jpg,0,0,1,0,1
fd5de08ea.jpg,0,0,1,0,1
76a698e45.jpg,0,0,0,0,0
a75bb4c01.jpg,0,1,0,0,1
27bb9ff91.jpg,0,0,0,0,0
06e099136.jpg,0,0,0,0,0
5d853e095.jpg,0,0,1,0,1
e31ec1eb2.jpg,0,0,0,0,0
fa4fe42af.jpg,0,0,0,0,0
8c8e79fa0.jpg,1,0,0,0,1
c262b89bb.jpg,0,0,0,0,0
cb9fe5699.jpg,0,0,1,0,1
7dcd9d8e2.jpg,0,0,1,0,1
27d95964a.jpg,1,0,0,0,1
9bf40dacc.jpg,0,0,1,0,1
00e0398ad.jpg,0,0,1,0,1
7ec4cd778.jpg,0,0,1,0,1
fc5cb6d9e.jpg,0,0,0,0,0
19f3fd5f9.jpg,0,0,0,0,0
4593a29c9.jpg,0,0,0,0,0
d3ef4bac1.jpg,0,1,0,0,1
f59f1dddb.jpg,0,0,0,0,0
524214c87.jpg,0,0,0,0,0
8a90952b4.jpg,0,0,1,0,1
3ed57948d.jpg,0,0,0,0,0
e4d9efbaa.jpg,1,0,1,0,1
6b01c6257.jpg,1,0,0,0,1
d50ea5181.jpg,0,0,0,0,0
192e256ba.jpg,0,0,1,0,1
a50c4eeba.jpg,0,0,0,0,0
6c200c5d6.jpg,0,0,0,0,0
5edcbfc69.jpg,0,0,0,0,0
ac550233a.jpg,1,0,0,0,1
65841b207.jpg,0,0,1,0,1
f480125b7.jpg,0,0,0,0,0
11b60701f.jpg,0,0,0,0,0
359442214.jpg,0,0,1,1,1
684b34ac4.jpg,0,0,0,0,0
ee4c5ab7f.jpg,0,0,1,0,1
241abf136.jpg,0,0,1,0,1
668acdbde.jpg,0,0,0,0,0
9d7ed0880.jpg,0,0,1,0,1
d1e1bf13e.jpg,1,0,0,0,1
18e2f6396.jpg,0,0,0,0,0
f4e2a1748.jpg,0,0,1,0,1
e0c5c05ad.jpg,0,0,0,0,0
849d70baf.jpg,0,0,1,0,1
286f459e6.jpg,0,0,1,1,1
b0e0b8842.jpg,0,0,1,0,1
82fc300b4.jpg,0,0,1,0,1
6b4d25284.jpg,0,0,1,0,1
ed0d0866c.jpg,0,0,0,0,0
3412f557e.jpg,0,0,1,0,1
aa8b6ebcf.jpg,0,0,1,0,1
b46ecc387.jpg,0,0,1,0,1
9db392648.jpg,0,0,1,0,1
85368b144.jpg,0,0,0,0,0
5ca2ccd75.jpg,0,0,1,0,1
4ce4fc0ef.jpg,0,0,0,0,0
26272c2a7.jpg,0,0,0,1,1
565cfa48c.jpg,0,0,1,0,1
19b4b7cd8.jpg,1,0,0,0,1
127a4a097.jpg,0,0,1,0,1
c7b41dbf4.jpg,0,0,1,1,1
9ecb2f113.jpg,0,0,1,0,1
16498a156.jpg,0,0,1,0,1
d1fedf96b.jpg,0,0,1,1,1
1bebe7eb7.jpg,0,0,0,0,0
f7c7f6fc7.jpg,0,0,0,1,1
1bc37a6f4.jpg,0,0,1,0,1
058f6a9c6.jpg,0,0,0,0,0
1c18acd30.jpg,0,0,1,0,1
fe65bce69.jpg,0,0,1,0,1
459790d82.jpg,0,0,0,1,1
ce54cb872.jpg,0,0,1,0,1
f7b1dd93a.jpg,0,1,0,0,1
7fe4674f9.jpg,0,0,1,0,1
5892d9332.jpg,0,0,1,0,1
8984056a5.jpg,0,0,0,0,0
8b591e353.jpg,0,0,0,0,0
ba3fd31de.jpg,0,0,1,0,1
a77935a71.jpg,0,0,0,0,0
d8cf18d6b.jpg,0,0,0,0,0
747fa96b0.jpg,0,0,0,0,0
d585a6acc.jpg,0,0,0,0,0
e38fb8774.jpg,0,0,0,0,0
585f34f11.jpg,0,0,0,0,0
318e41ccb.jpg,0,0,0,0,0
bbd1b8f11.jpg,0,0,1,0,1
c42e40dd9.jpg,0,0,0,0,0
30171214c.jpg,0,0,1,0,1
9c078fc6b.jpg,0,0,0,0,0
f8e3ec37a.jpg,0,0,0,0,0
701bb18db.jpg,0,0,0,0,0
6fa9e1d65.jpg,0,0,1,1,1
0bda9a0eb.jpg,0,0,1,0,1
2fa87f2c8.jpg,0,0,0,0,0
aa88568ad.jpg,0,0,1,0,1
585904c94.jpg,0,0,0,1,1
52df7277c.jpg,0,0,1,0,1
4216b133c.jpg,1,0,0,0,1
164df9af8.jpg,0,0,0,0,0
a316898ca.jpg,1,0,0,0,1
ee73f4685.jpg,0,0,0,0,0
6b26c1a9a.jpg,0,0,0,0,0
ef3894ac2.jpg,0,0,1,0,1
89eec1aae.jpg,0,0,1,0,1
60a5ee89e.jpg,0,0,1,0,1
8507771d9.jpg,0,0,0,0,0
bde2a33eb.jpg,0,0,0,1,1
b5352d213.jpg,0,0,1,0,1
6d0085704.jpg,0,0,0,0,0
ae7a2de0d.jpg,0,0,1,0,1
6c52f92bc.jpg,0,0,0,0,0
e831de714.jpg,0,0,1,0,1
1df34bed6.jpg,0,0,1,0,1
1efdd626e.jpg,1,0,0,0,1
a0d0e8d7a.jpg,0,0,0,0,0
d598d9bef.jpg,0,0,0,0,0
7da901e89.jpg,0,0,1,0,1
3cc111ab7.jpg,0,0,0,0,0
8c7e2be20.jpg,0,0,0,0,0
788d11d35.jpg,0,0,0,0,0
eae840b74.jpg,0,0,1,0,1
0b431da6c.jpg,0,0,0,0,0
4e36f104c.jpg,0,0,1,0,1
397c6e139.jpg,0,0,1,0,1
434a1180c.jpg,0,0,0,0,0
3681a51f8.jpg,0,0,0,0,0
6f2357894.jpg,0,0,1,0,1
f2aa8fa9e.jpg,0,0,0,0,0
876e74fd6.jpg,0,0,0,0,0
404a89d7b.jpg,0,0,0,0,0
ce22cd852.jpg,0,0,1,0,1
2ea4ad171.jpg,1,0,0,0,1
b712be0ba.jpg,0,0,0,0,0
5e581254c.jpg,0,0,1,0,1
00f68d337.jpg,0,0,0,0,0
81847fd11.jpg,0,0,0,1,1
4576c4722.jpg,0,0,0,0,0
8bf6656ef.jpg,0,0,0,0,0
5c52f36cd.jpg,0,0,0,0,0
f4c8845b6.jpg,0,0,0,0,0
acc420cb3.jpg,0,0,1,0,1
6365e8fb8.jpg,0,0,0,0,0
c1482dc0c.jpg,0,0,0,0,0
952ae1377.jpg,0,0,0,0,0
ea0cac9af.jpg,0,0,0,0,0
def2ff0c5.jpg,0,0,1,0,1
bc0a90164.jpg,0,0,0,1,1
ce11ffd78.jpg,0,0,1,0,1
703421ef2.jpg,0,0,1,0,1
ca32966ae.jpg,0,0,0,0,0
2af81ccb1.jpg,0,0,0,0,0
385f6dc61.jpg,0,0,1,0,1
3eec62abe.jpg,0,0,0,1,1
fa9a5da40.jpg,1,0,0,0,1
dfbd6656a.jpg,0,0,1,0,1
d194687f4.jpg,0,0,0,0,0
95e38ad8e.jpg,0,0,0,0,0
041a93b6d.jpg,0,0,1,0,1
c99ffee7e.jpg,0,0,0,0,0
f68466331.jpg,1,0,0,0,1
8651a4a06.jpg,0,0,1,0,1
cadf3a94f.jpg,0,0,1,0,1
3055bb5b8.jpg,0,0,1,0,1
7bec3eeb7.jpg,0,0,1,0,1
fc4f997c5.jpg,0,0,1,1,1
121d3818a.jpg,0,0,1,0,1
c4d13072d.jpg,1,0,0,0,1
247b9b104.jpg,0,0,0,0,0
ab93fca16.jpg,0,0,0,0,0
369ac4b0a.jpg,0,0,0,1,1
01e69cfc3.jpg,0,0,0,0,0
b66e36656.jpg,0,0,1,0,1
4eac3a7d0.jpg,0,0,1,0,1
08135e87d.jpg,0,0,0,0,0
ea766c268.jpg,0,0,0,0,0
78adb31b9.jpg,0,0,1,0,1
f3f18f763.jpg,0,0,0,0,0
7ca2551c2.jpg,0,1,0,0,1
e77710d02.jpg,1,0,0,0,1
d3ef0c943.jpg,0,0,1,0,1
b312bf98c.jpg,0,0,0,0,0
e047325fc.jpg,0,0,0,0,0
2cd524ca5.jpg,0,0,1,0,1
98f108423.jpg,0,0,1,0,1
5edc97218.jpg,0,0,1,0,1
c314f43f3.jpg,0,0,1,1,1
cdaceb274.jpg,0,0,1,0,1
3d161a849.jpg,0,0,1,0,1
54439ae68.jpg,0,0,1,0,1
d6be92c8c.jpg,0,0,1,0,1
69365fabd.jpg,0,0,1,0,1
5d9cd57a5.jpg,0,0,0,0,0
1919bde53.jpg,1,0,0,0,1
38b513f44.jpg,0,0,1,0,1
ead253ed7.jpg,0,0,1,0,1
aee20074e.jpg,0,0,0,1,1
a493cde22.jpg,0,0,1,0,1
411da8f3b.jpg,0,0,0,0,0
73ebd716c.jpg,0,0,1,0,1
219621d5d.jpg,0,0,1,0,1
084e8ba74.jpg,0,0,1,0,1
4a662783b.jpg,0,0,1,0,1
e96249f5a.jpg,0,0,1,1,1
5fdd30811.jpg,0,0,0,0,0
3f92145f5.jpg,0,0,1,0,1
441add89c.jpg,0,0,1,0,1
e3c8b3a70.jpg,0,0,1,0,1
dd39e9c31.jpg,0,0,0,0,0
2f6858a91.jpg,0,0,1,0,1
687118e67.jpg,0,0,0,0,0
a5fb2758e.jpg,0,0,1,0,1
07edd4209.jpg,0,0,0,0,0
74ac88f43.jpg,0,0,1,0,1
9b6a94186.jpg,0,0,0,0,0
1e01ad32d.jpg,0,0,0,1,1
4c47ebc03.jpg,1,0,0,0,1
5d8d3463a.jpg,0,0,1,0,1
b57c00a3f.jpg,0,0,1,0,1
d8907a2aa.jpg,0,0,0,0,0
7011e630b.jpg,0,0,0,0,0
2f2053eff.jpg,0,0,1,0,1
9082e5906.jpg,0,0,0,0,0
6724b9623.jpg,0,0,0,0,0
42ef7e425.jpg,0,0,1,0,1
86ded721f.jpg,0,0,1,1,1
953b008d8.jpg,0,0,0,0,0
db9a5ede4.jpg,0,0,0,0,0
86947490c.jpg,0,0,0,0,0
bac478920.jpg,0,0,0,0,0
72f1188a6.jpg,0,0,0,0,0
15d355039.jpg,0,0,0,0,0
71e55c4e5.jpg,0,0,1,0,1
35d245aa8.jpg,0,0,0,0,0
48be84097.jpg,0,0,0,0,0
3a1f4741e.jpg,0,0,0,0,0
fd26ab9ad.jpg,0,0,1,1,1
1bdcc6338.jpg,0,0,1,0,1
a298592e9.jpg,0,0,0,0,0
c3cae8972.jpg,0,0,1,0,1
f24af31d1.jpg,0,0,0,1,1
d6deb1f35.jpg,0,0,0,0,0
bdb473db4.jpg,0,0,0,0,0
2c4fd555c.jpg,0,0,1,0,1
c71558eac.jpg,1,0,0,0,1
fa347a114.jpg,0,0,1,0,1
644f9c71d.jpg,1,0,1,0,1
efda1f523.jpg,0,0,0,0,0
a9ebd5d01.jpg,0,0,0,0,0
b04e7875c.jpg,0,0,1,0,1
5fccf97d8.jpg,1,0,0,0,1
7b78f7ca9.jpg,0,0,0,0,0
07e6bbef3.jpg,0,0,0,0,0
252c10c1a.jpg,0,0,1,0,1
08c8229e3.jpg,0,0,0,0,0
caead5f75.jpg,0,0,1,0,1
67147fba9.jpg,0,0,0,0,0
a9e5fc9ff.jpg,0,0,0,0,0
b4f5b36a3.jpg,0,0,0,0,0
09b8f16ad.jpg,0,0,0,0,0
06a86ee90.jpg,0,0,0,0,0
0f632b643.jpg,0,0,0,0,0
4866bcfd7.jpg,0,0,0,0,0
f357575a6.jpg,0,0,0,0,0
f92794f0a.jpg,0,0,1,0,1
1b213d816.jpg,1,0,0,0,1
eab4edf22.jpg,0,0,1,0,1
dcb12d9cc.jpg,0,0,0,0,0
594e0207a.jpg,0,0,0,0,0
b7e50e93e.jpg,0,0,0,0,0
e9c57b010.jpg,0,0,1,1,1
73d4dae19.jpg,0,0,1,1,1
2e69715ac.jpg,0,0,1,0,1
925645342.jpg,0,0,0,0,0
ad56c5372.jpg,0,0,0,0,0
69fa024d2.jpg,0,0,0,0,0
91420d21b.jpg,0,0,0,0,0
2ae658a56.jpg,0,0,1,0,1
c645ee923.jpg,0,0,0,0,0
08193cfc8.jpg,0,1,0,0,1
04e23e414.jpg,1,0,0,0,1
0f79fd2f8.jpg,0,0,0,0,0
352063998.jpg,1,0,0,0,1
56cc8fb98.jpg,0,0,1,0,1
a02de9f58.jpg,0,0,0,0,0
4b6e6a56e.jpg,0,0,1,0,1
f735b179a.jpg,0,0,0,0,0
ac2b7af8c.jpg,0,0,0,0,0
b1e74e71d.jpg,0,0,0,1,1
262db4b7e.jpg,1,0,0,0,1
8ddf889d8.jpg,0,0,1,0,1
3856224a4.jpg,0,0,1,0,1
bbc246c1b.jpg,0,1,0,0,1
ec10e45db.jpg,0,0,0,1,1
7cfcbdc4a.jpg,0,0,1,0,1
4d9973900.jpg,0,0,0,0,0
4bdc70b1d.jpg,0,0,0,0,0
0360edfb8.jpg,0,0,1,0,1
f430ab232.jpg,0,0,1,0,1
e35988507.jpg,0,0,0,0,0
a0a58dd59.jpg,0,0,0,1,1
90004577c.jpg,0,0,0,0,0
9c1c7f69c.jpg,0,0,1,0,1
c5a41d53c.jpg,0,0,1,0,1
73bf92d94.jpg,0,0,1,0,1
c7dca83c0.jpg,0,0,0,0,0
f81484e30.jpg,0,0,1,0,1
91a819cc5.jpg,0,0,0,0,0
2ede3bc01.jpg,0,0,0,1,1
616646b4d.jpg,0,0,1,0,1
0858830b6.jpg,0,0,1,0,1
06a01c775.jpg,1,0,0,0,1
5ae15c5b7.jpg,0,0,0,0,0
94050efd8.jpg,0,0,1,0,1
42e6b0f02.jpg,0,0,0,0,0
8ee659e65.jpg,0,0,0,1,1
6745075b9.jpg,0,0,1,0,1
047fa15d0.jpg,0,0,1,0,1
c030db0ad.jpg,0,0,0,0,0
d28dc89f1.jpg,0,0,0,0,0
e9e04715b.jpg,0,0,0,1,1
60bc48f6b.jpg,0,0,1,0,1
a14d16eed.jpg,0,0,0,0,0
aac54b46c.jpg,1,0,0,0,1
719061f8f.jpg,0,0,0,0,0
b71ee7bd0.jpg,0,0,0,1,1
0d61cb826.jpg,0,0,0,0,0
01d97b205.jpg,0,0,0,0,0
eec5da0ae.jpg,0,0,1,0,1
a5a30d7e6.jpg,0,0,0,0,0
c81628edc.jpg,0,0,0,0,0
fb252eb78.jpg,1,0,0,0,1
6a0a4fcc2.jpg,0,0,0,0,0
d86b373f5.jpg,0,0,0,0,0
c04ac576d.jpg,0,0,1,0,1
f710d0506.jpg,0,0,0,0,0
373c6898f.jpg,0,0,1,0,1
d8e21a2ae.jpg,0,0,1,0,1
1434e44e5.jpg,0,0,0,0,0
a77b147af.jpg,1,0,0,0,1
ce408e4bc.jpg,0,0,0,0,0
0d4ebbafc.jpg,0,0,0,0,0
c048dbdc5.jpg,0,0,1,0,1
d4df89ff9.jpg,0,0,0,0,0
6714ba056.jpg,0,0,1,0,1
77c387f3b.jpg,0,0,1,0,1
1d00226a0.jpg,1,0,0,0,1
c521c444d.jpg,0,0,0,0,0
0c46e79a4.jpg,0,0,0,0,0
211035d61.jpg,0,0,0,0,0
8bb208f36.jpg,1,0,0,0,1
16305679d.jpg,0,0,0,0,0
aa029b4a0.jpg,0,0,1,0,1
3b2c27c87.jpg,0,0,0,0,0
e29f1a47a.jpg,0,0,1,0,1
f11d59e33.jpg,0,0,1,0,1
80d241bc5.jpg,1,0,0,0,1
ead245f1f.jpg,0,0,0,0,0
cdb3a875b.jpg,0,0,1,0,1
252e1de8b.jpg,0,0,1,0,1
3de8f5d88.jpg,0,0,1,0,1
0f4709f57.jpg,0,0,0,0,0
ad7ee3637.jpg,0,0,0,0,0
0d3a308d6.jpg,0,0,0,0,0
49e374bd3.jpg,0,0,0,0,0
07ba16aba.jpg,0,0,1,0,1
8dca0f3f7.jpg,0,0,0,0,0
d103df723.jpg,0,0,0,0,0
7ecd825b7.jpg,0,0,0,0,0
ce43bdd06.jpg,0,0,1,0,1
c16f9e03c.jpg,0,0,0,0,0
68511f15f.jpg,1,0,0,0,1
24098fc10.jpg,0,0,0,0,0
115f3e6ad.jpg,0,0,0,0,0
50d171c0f.jpg,0,0,0,0,0
58c2f165b.jpg,0,0,0,0,0
b845c99d9.jpg,0,0,1,0,1
9e467cb05.jpg,0,0,1,0,1
a506b44b3.jpg,1,0,0,0,1
b41ab39a5.jpg,0,0,1,0,1
1cb26b10a.jpg,0,0,1,0,1
61f22bd01.jpg,0,0,1,0,1
711bea123.jpg,0,0,0,0,0
64934ac51.jpg,0,0,1,0,1
df3241f54.jpg,0,0,0,0,0
227d0512b.jpg,0,0,1,0,1
277c7771d.jpg,0,0,0,0,0
d3d6d9b6a.jpg,0,0,1,0,1
d4c0b4c3b.jpg,0,0,1,0,1
8600decb6.jpg,0,0,1,0,1
4befc8dcf.jpg,0,0,1,0,1
409084145.jpg,0,0,0,0,0
b77466d80.jpg,0,0,0,0,0
34294601c.jpg,0,0,0,0,0
93851869f.jpg,0,0,1,0,1
83298d267.jpg,0,0,0,1,1
3b3df8749.jpg,0,0,1,0,1
a803d991e.jpg,0,0,0,0,0
7fb0c3636.jpg,0,0,1,0,1
d497baf53.jpg,0,0,1,0,1
71f154968.jpg,0,0,1,0,1
e0fc2a4c2.jpg,1,0,0,0,1
3ef88408b.jpg,0,0,0,0,0
945fbed15.jpg,0,0,0,0,0
958de1e12.jpg,0,0,0,0,0
e00119994.jpg,0,0,0,0,0
64ca31bd3.jpg,0,0,1,0,1
d8254a8ee.jpg,0,0,1,0,1
03b3b06e1.jpg,0,0,0,0,0
6ef641553.jpg,0,0,0,0,0
246e70ffd.jpg,0,0,0,0,0
439e60ec8.jpg,0,0,1,0,1
5b9b3c297.jpg,0,0,1,1,1
b091930af.jpg,0,0,1,0,1
c5f88471b.jpg,1,0,0,0,1
bbff17cbf.jpg,0,0,1,0,1
4f323a756.jpg,0,0,1,0,1
d65b30b32.jpg,0,0,1,0,1
14277cfb6.jpg,0,0,0,0,0
4f3575945.jpg,0,0,0,0,0
ce68af0bf.jpg,0,0,1,0,1
3a03385b5.jpg,0,0,1,0,1
5cc07468d.jpg,0,0,1,0,1
bf740c1e2.jpg,0,0,1,0,1
3f6719446.jpg,0,0,0,0,0
627b98bc7.jpg,1,0,1,0,1
6eb148407.jpg,0,0,1,0,1
82cf55ab9.jpg,0,0,1,0,1
8d9b704ff.jpg,0,0,1,0,1
49cf406c7.jpg,0,0,1,0,1
8c9286f4e.jpg,0,0,1,1,1
ae9a53e90.jpg,0,0,1,0,1
abcbb4a74.jpg,0,0,0,0,0
6cad486d2.jpg,0,0,1,0,1
90cd42d5b.jpg,0,0,1,0,1
abdbfd065.jpg,0,0,0,0,0
0634275a6.jpg,0,0,0,0,0
ea80c7670.jpg,0,0,0,0,0
82a4afeca.jpg,0,0,0,0,0
f62546cde.jpg,1,0,0,0,1
6c15dadb8.jpg,0,0,1,0,1
ecad316bb.jpg,0,0,1,0,1
35a9b77c6.jpg,0,0,0,1,1
b782bd738.jpg,0,0,0,0,0
ffaa05016.jpg,0,0,0,0,0
540fe433e.jpg,0,0,0,0,0
af2cfbb4a.jpg,0,0,0,1,1
88f00028d.jpg,0,0,1,0,1
c6e9a9d66.jpg,0,0,1,0,1
aa3fee531.jpg,0,0,0,0,0
f8f2e908e.jpg,0,0,0,0,0
4fe1a879c.jpg,0,0,0,0,0
1b04341a6.jpg,0,0,0,0,0
bc2756713.jpg,0,0,1,0,1
819e9bce9.jpg,0,0,0,0,0
8ae110bc5.jpg,0,0,1,0,1
459cd013a.jpg,0,0,1,0,1
fcb25f2ec.jpg,0,0,1,0,1
07cd0a3e9.jpg,0,0,1,0,1
bb6fe9479.jpg,0,0,0,0,0
c6af59abe.jpg,0,0,0,0,0
f6749d6fe.jpg,0,0,1,0,1
fbc970f36.jpg,0,0,0,0,0
441866b3d.jpg,0,0,1,0,1
76096b17b.jpg,1,0,0,0,1
6a7b866b8.jpg,0,0,0,0,0
30ed4ed02.jpg,0,0,0,1,1
9805e5d5d.jpg,0,0,1,0,1
11f34f40d.jpg,0,0,1,0,1
c1c8a2312.jpg,0,0,0,0,0
398bf3c20.jpg,0,0,1,0,1
26c1fc24e.jpg,0,0,1,0,1
3c10eb7fa.jpg,0,0,0,0,0
cb3e3974d.jpg,0,0,0,0,0
d36a3a7a8.jpg,0,0,0,0,0
bfcffb683.jpg,0,0,1,0,1
118f6acfe.jpg,0,0,0,0,0
0a5cff3a7.jpg,0,0,1,0,1
567578f1b.jpg,1,0,1,0,1
5a9f713f3.jpg,0,0,1,0,1
12471d0d5.jpg,1,0,0,0,1
7b545550c.jpg,0,0,1,0,1
c414ca6fe.jpg,0,0,0,0,0
0e650e720.jpg,0,0,0,1,1
82532a288.jpg,0,0,1,0,1
ab081e95e.jpg,0,0,0,0,0
7ca4a7520.jpg,0,0,0,0,0
a8bc0275d.jpg,0,0,1,0,1
082ad405c.jpg,0,0,0,0,0
ed22af554.jpg,0,0,1,0,1
0ebdc1277.jpg,0,1,0,0,1
f9b98ab64.jpg,1,0,0,0,1
caab1635c.jpg,0,0,1,0,1
d142b7f92.jpg,0,0,0,0,0
e0eade7b1.jpg,0,0,1,1,1
684f614fb.jpg,0,0,0,0,0
b6c7c2cb9.jpg,0,0,0,0,0
8fbc61bda.jpg,1,0,0,0,1
36da02b55.jpg,0,0,0,0,0
9a3e774ff.jpg,0,0,1,0,1
498b9c526.jpg,0,0,1,0,1
ed64babcf.jpg,0,0,0,0,0
c635aeb23.jpg,0,0,0,1,1
b8f1c53e2.jpg,1,0,0,0,1
955b5bbf3.jpg,0,0,1,0,1
a89b353af.jpg,0,0,0,0,0
329153502.jpg,0,0,0,0,0
6100fae0f.jpg,1,0,0,0,1
c6c8a3760.jpg,0,0,0,0,0
f3e9dc39c.jpg,0,0,0,0,0
e2d02393b.jpg,0,0,1,0,1
e665a434f.jpg,0,0,1,0,1
db9a3c664.jpg,0,0,0,0,0
b5cda37bc.jpg,0,0,1,0,1
b8a955c48.jpg,0,0,1,0,1
eb44ad79d.jpg,0,0,1,1,1
e2c4275d6.jpg,0,1,0,0,1
d85e86732.jpg,0,0,0,0,0
a30f25e82.jpg,0,0,0,0,0
3c1cce9af.jpg,0,0,1,0,1
18262cbbb.jpg,0,0,0,0,0
614a8349b.jpg,0,0,1,0,1
7202e52d8.jpg,1,0,0,0,1
6a2cc27b6.jpg,0,0,0,0,0
48831ab9e.jpg,0,0,1,0,1
9378a6f12.jpg,0,0,1,0,1
38c25b61a.jpg,0,1,0,0,1
ca520c90f.jpg,0,0,0,1,1
9a8475c90.jpg,0,0,0,0,0
183bd7328.jpg,0,0,0,0,0
da0dfd191.jpg,0,0,0,0,0
f96b6802d.jpg,0,0,0,0,0
1e979fb66.jpg,0,0,1,0,1
12d38a1d4.jpg,0,0,1,0,1
dc66cdc19.jpg,0,0,1,0,1
cd3cb2083.jpg,0,0,0,0,0
f4ac05153.jpg,0,0,0,0,0
af33842ad.jpg,0,0,1,0,1
c33e20d0b.jpg,0,0,1,0,1
c1b52c5f9.jpg,0,0,0,0,0
a8188747f.jpg,0,0,1,0,1
7c6e58a02.jpg,0,0,1,0,1
e3adffbc1.jpg,0,0,0,0,0
13964d18d.jpg,0,0,0,0,0
37acd89d2.jpg,0,0,1,0,1
2720732e7.jpg,0,0,1,0,1
b8642bd0a.jpg,0,0,1,0,1
40941039b.jpg,0,0,0,0,0
ac068dbec.jpg,0,0,0,0,0
ec6a951ba.jpg,0,0,1,0,1
e006b532b.jpg,1,0,0,0,1
b1fd37779.jpg,0,0,1,0,1
4eff4c1b9.jpg,0,0,0,0,0
7a16f3a50.jpg,0,1,0,0,1
eaaa61b15.jpg,0,0,1,0,1
7ba14848e.jpg,0,0,1,0,1
9899c9114.jpg,0,0,1,0,1
9b2ed195e.jpg,0,0,0,0,0
808e3f8b8.jpg,0,0,1,0,1
e696ac71b.jpg,0,0,1,0,1
114e89e60.jpg,0,0,1,0,1
6f998a931.jpg,0,0,1,0,1
5bf4948c3.jpg,0,0,1,0,1
1b6346c51.jpg,0,0,0,0,0
b08435f96.jpg,0,0,1,0,1
df957cf27.jpg,0,0,0,0,0
0139dd004.jpg,0,0,1,0,1
1c9564f66.jpg,0,0,0,0,0
ed62608bc.jpg,0,0,0,0,0
5d044bd2c.jpg,0,0,1,0,1
54ce7b2e1.jpg,1,0,0,0,1
add8603ba.jpg,0,0,0,0,0
9b668835f.jpg,0,0,1,0,1
e5cc898b6.jpg,0,0,1,0,1
5cbfcc4dd.jpg,0,0,1,0,1
689a96bbe.jpg,0,0,0,0,0
a5b7b7fcc.jpg,0,0,1,0,1
03216ed91.jpg,0,0,0,0,0
8e30601c8.jpg,0,0,0,0,0
c7755caf9.jpg,0,0,1,0,1
0824aaa5d.jpg,0,0,0,0,0
1435cd970.jpg,0,0,1,0,1
fcdfdbf64.jpg,0,0,1,0,1
482abe878.jpg,0,0,0,0,0
822aa8de8.jpg,0,0,0,0,0
c130e2db0.jpg,0,0,0,0,0
f8800a695.jpg,0,0,0,0,0
19955420c.jpg,0,0,1,0,1
0bd505b1b.jpg,0,0,0,0,0
1f3e0b337.jpg,0,0,1,0,1
babc63c5b.jpg,0,0,1,0,1
8becd4279.jpg,0,0,0,0,0
a17a84d8f.jpg,0,0,1,0,1
a2377d13f.jpg,0,0,0,0,0
27bae6729.jpg,0,0,0,0,0
0f55795dc.jpg,0,0,0,0,0
67a9dd552.jpg,0,1,0,0,1
85f750ca7.jpg,0,0,0,0,0
122e9279c.jpg,0,0,0,0,0
26364af58.jpg,0,0,0,0,0
2a0876a27.jpg,0,0,0,0,0
dea31c6e2.jpg,0,0,1,0,1
395381ac8.jpg,0,0,1,0,1
1878c476c.jpg,0,0,0,0,0
65b4ca139.jpg,0,0,0,0,0
4f9790fcf.jpg,0,0,0,0,0
7c27585fd.jpg,0,0,1,0,1
0edbdc249.jpg,0,0,0,0,0
2eff528e8.jpg,0,0,1,0,1
0ff13bf69.jpg,0,0,1,0,1
6a567df0b.jpg,0,0,1,0,1
c9a42a79e.jpg,0,0,1,0,1
612456357.jpg,0,0,0,0,0
8be674249.jpg,0,0,0,0,0
cee5fab38.jpg,1,0,0,0,1
5acf0f8cd.jpg,0,0,0,0,0
cbd13f6da.jpg,0,0,0,0,0
89cc0aae0.jpg,0,0,0,0,0
85d2a92f3.jpg,0,0,0,0,0
ee8e55668.jpg,0,0,0,0,0
bfab9345f.jpg,0,0,1,0,1
a85276d6e.jpg,0,0,1,0,1
c54f5ce35.jpg,0,0,0,0,0
3a783fae3.jpg,0,0,0,0,0
109fbcecf.jpg,0,0,0,0,0
0d01c8efb.jpg,0,0,0,0,0
868759698.jpg,0,0,1,0,1
f5dbf6137.jpg,0,0,1,0,1
4cf3b3988.jpg,1,0,0,0,1
1897882a1.jpg,0,0,1,0,1
d3e7c7c17.jpg,0,0,0,0,0
8791b66e3.jpg,0,0,0,0,0
db5aabcb0.jpg,0,0,1,0,1
eca0aa4ff.jpg,0,0,1,0,1
e6c277ee2.jpg,0,0,0,0,0
db2d6da08.jpg,0,0,1,0,1
961e93bde.jpg,0,0,1,0,1
ecc3a7d10.jpg,0,0,0,0,0
a369c5c1f.jpg,0,0,1,0,1
a5e9195b6.jpg,0,0,1,0,1
99852bd26.jpg,0,0,0,0,0
c45da738a.jpg,0,0,1,0,1
5b1b444e3.jpg,0,0,0,1,1
0ef465b25.jpg,0,0,1,0,1
63b6edd7e.jpg,1,0,0,0,1
b17038bf6.jpg,0,0,0,0,0
6e72a5bbc.jpg,0,0,0,0,0
d4e26768d.jpg,0,0,1,0,1
78b8acca7.jpg,0,0,1,0,1
d3162c193.jpg,0,0,0,0,0
00fe04c98.jpg,0,0,0,0,0
7a249b737.jpg,1,0,0,0,1
51434f59b.jpg,0,0,1,0,1
95df642ba.jpg,0,0,1,0,1
dafaf1165.jpg,0,0,1,0,1
f4fa0c7ac.jpg,1,0,0,0,1
d81eb8a93.jpg,0,0,1,0,1
a426cd7bf.jpg,0,0,0,0,0
6f4510634.jpg,0,0,1,0,1
1def10240.jpg,0,0,1,0,1
c1a90e9c8.jpg,0,0,1,0,1
2c456d7e8.jpg,0,0,0,0,0
bd5cc7d1b.jpg,0,0,0,0,0
24d46a3f8.jpg,0,0,1,0,1
58ce0e3cf.jpg,0,0,0,0,0
9e2325f2a.jpg,0,0,1,0,1
94947e1f9.jpg,0,0,0,1,1
2538237d0.jpg,0,0,0,0,0
a04b954ec.jpg,0,0,0,0,0
a6b4602b6.jpg,0,0,0,0,0
d59b4476a.jpg,1,0,0,0,1
9f15729ba.jpg,0,0,1,0,1
e736e9daf.jpg,0,0,0,0,0
060964105.jpg,0,1,0,0,1
b23e854e8.jpg,0,0,1,0,1
063b5dcbe.jpg,0,0,0,0,0
27623931a.jpg,0,0,0,0,0
542084ea9.jpg,0,0,1,0,1
3b8d1d356.jpg,0,0,1,1,1
cc5f6debe.jpg,0,0,0,0,0
30c6257c6.jpg,0,0,0,0,0
92f49dcb1.jpg,0,0,1,0,1
6bf94eea0.jpg,0,0,1,1,1
efdad5db3.jpg,0,0,1,0,1
0ac9936af.jpg,0,0,1,0,1
d5cf4a417.jpg,0,0,1,0,1
1f45f2491.jpg,0,0,0,0,0
583bba869.jpg,0,0,0,0,0
1a2457322.jpg,0,0,0,0,0
ecf1f5bb7.jpg,0,0,0,0,0
7464f522b.jpg,0,0,0,0,0
262dd5083.jpg,0,0,0,0,0
1c32b8c83.jpg,0,0,1,0,1
6d27699e0.jpg,0,0,0,0,0
eb7ec1f85.jpg,0,0,1,0,1
7210ffc2d.jpg,0,0,1,0,1
ee37864ff.jpg,0,0,0,0,0
4b281fb8b.jpg,0,0,0,0,0
ed2871d8f.jpg,0,0,0,0,0
6594f3191.jpg,0,0,0,0,0
c569ca145.jpg,0,0,0,0,0
11bf761dc.jpg,0,0,1,0,1
16ffb6397.jpg,0,0,0,0,0
7954f8d17.jpg,0,0,0,0,0
5a1b1601e.jpg,0,0,0,1,1
5eb5348b3.jpg,0,0,0,1,1
522d34082.jpg,0,0,1,0,1
eb0c5c725.jpg,0,0,0,0,0
f514de546.jpg,0,0,1,0,1
062167783.jpg,0,0,1,0,1
5f3ea48cc.jpg,0,0,0,0,0
24c3b9e78.jpg,0,0,0,0,0
9a5e9e77c.jpg,0,0,1,0,1
9414a2469.jpg,0,0,0,0,0
f32454873.jpg,0,0,1,0,1
7610946c0.jpg,0,0,0,0,0
e7e3c3df2.jpg,0,0,0,0,0
448edb360.jpg,0,0,0,0,0
860cee6a3.jpg,0,0,0,0,0
911deff94.jpg,0,0,0,0,0
e55bc715f.jpg,0,0,0,1,1
5ff6ee14c.jpg,0,0,1,0,1
ed861754e.jpg,0,0,1,0,1
e5d954e34.jpg,0,0,1,0,1
f186527ee.jpg,0,0,1,0,1
334f9e098.jpg,0,0,0,0,0
807c5bb21.jpg,0,0,0,0,0
35737870a.jpg,0,0,0,0,0
3124b1e5c.jpg,0,0,1,0,1
ec0e3a1c2.jpg,0,0,1,0,1
b1c4d3872.jpg,0,0,1,0,1
3951631a7.jpg,0,0,0,0,0
2a4e81982.jpg,0,0,1,0,1
2932c0dd3.jpg,0,0,1,0,1
54b912dfb.jpg,0,0,0,0,0
c9c5c1bdc.jpg,0,0,0,0,0
4fcacdb3a.jpg,0,0,1,0,1
8e431ebe0.jpg,0,0,1,0,1
31a1081e9.jpg,0,0,0,1,1
4b712bf89.jpg,0,0,1,0,1
1b9fb7411.jpg,0,0,1,1,1
3b041fff2.jpg,0,0,0,0,0
005f19695.jpg,0,0,1,0,1
84c34d791.jpg,0,0,1,1,1
2a7f8bab0.jpg,0,1,0,0,1
970a14c31.jpg,0,0,0,0,0
d7221e8ce.jpg,1,0,0,0,1
ca65e7cbe.jpg,0,0,1,0,1
1dfd53dbb.jpg,0,0,0,0,0
a567b95ad.jpg,0,0,1,0,1
5b13aedd6.jpg,0,0,1,0,1
5b4d883bf.jpg,0,0,0,0,0
5cd50ed32.jpg,0,0,0,0,0
382b517ee.jpg,0,0,1,0,1
33fd408c6.jpg,0,0,0,0,0
e03364e95.jpg,0,0,0,0,0
194e207f7.jpg,0,0,0,0,0
6c2bee41b.jpg,1,0,0,0,1
e7047e396.jpg,0,0,1,0,1
4e8e7a28c.jpg,0,0,1,0,1
b34f3d4dc.jpg,0,0,1,0,1
56ba7c882.jpg,0,0,0,0,0
646b93bc9.jpg,0,0,0,0,0
ad3630cdc.jpg,0,0,1,0,1
9169b4f3a.jpg,0,0,1,0,1
6560f3c7e.jpg,0,0,0,0,0
2c7e26f0d.jpg,1,0,0,0,1
847b7640a.jpg,0,0,1,0,1
e0c2546c3.jpg,0,0,0,0,0
ee68de193.jpg,0,0,0,0,0
4ba3c73f3.jpg,0,0,0,0,0
9f1a90c97.jpg,0,0,1,0,1
73059a959.jpg,0,0,1,0,1
a1456c075.jpg,0,0,0,0,0
ea4f8eb1d.jpg,0,0,1,0,1
d1cd969d5.jpg,0,0,1,0,1
d25a9387d.jpg,0,0,0,0,0
316414f82.jpg,0,0,1,0,1
5bcaca872.jpg,0,0,1,0,1
930391b64.jpg,0,0,1,0,1
24c9c291d.jpg,0,0,1,0,1
c2acb1fd5.jpg,0,0,1,0,1
0a29ef6f9.jpg,0,0,0,0,0
ebb8247c6.jpg,0,0,0,0,0
b3b8f0c9e.jpg,0,0,1,0,1
73d381ad2.jpg,1,0,0,0,1
ed1e66f9c.jpg,0,0,1,0,1
d9ce68f4f.jpg,0,0,1,0,1
cbbe86379.jpg,1,0,0,0,1
a02fe46b6.jpg,0,0,1,0,1
b595566b3.jpg,1,1,0,0,1
8e761fd28.jpg,0,0,0,0,0
946525536.jpg,0,1,0,0,1
f62aedad6.jpg,0,0,0,0,0
e863b1467.jpg,0,0,1,0,1
5e18e1844.jpg,0,0,0,0,0
acc4098ce.jpg,1,0,0,0,1
4c8bcf636.jpg,0,0,0,0,0
1dbbbadde.jpg,0,0,0,0,0
8c6c0ef90.jpg,0,0,0,0,0
8957f8d0e.jpg,0,0,1,0,1
98c634937.jpg,0,0,1,0,1
696b8ab21.jpg,0,0,1,0,1
baeee87bf.jpg,0,0,0,0,0
5545e4b0f.jpg,0,0,1,1,1
0bf383153.jpg,0,0,0,0,0
20617dd9a.jpg,0,0,1,0,1
214453d43.jpg,0,0,0,0,0
2d37a1ebe.jpg,0,0,0,1,1
adf017a56.jpg,0,0,0,0,0
56edcc37a.jpg,0,0,1,0,1
3186f3882.jpg,0,0,0,0,0
a68906588.jpg,0,0,1,0,1
97e7fd732.jpg,0,0,1,0,1
20134e94c.jpg,0,0,0,0,0
d7a43c6f6.jpg,0,0,1,0,1
094281d26.jpg,0,0,0,0,0
00fe7f023.jpg,0,0,0,0,0
5cef0e386.jpg,0,0,0,0,0
be783de55.jpg,0,0,0,0,0
03395a3da.jpg,0,0,0,0,0
e9eb5a464.jpg,0,0,0,0,0
735a876fb.jpg,0,0,0,0,0
2969217e8.jpg,1,1,0,0,1
3b1590277.jpg,0,0,0,0,0
402fd7af3.jpg,0,0,0,0,0
d6f74b2a0.jpg,0,0,0,0,0
7a5fae002.jpg,0,0,1,0,1
22e2195c1.jpg,0,0,1,0,1
fcce5b9cc.jpg,0,0,1,0,1
031614d60.jpg,0,0,0,0,0
048e8f015.jpg,0,0,0,0,0
712f7df78.jpg,0,0,0,1,1
a3c3733cd.jpg,0,0,1,0,1
961c828de.jpg,0,0,1,0,1
308803b04.jpg,0,0,0,0,0
3b8754337.jpg,0,0,0,0,0
8abee6870.jpg,0,0,0,0,0
3bb64f5cc.jpg,0,0,0,0,0
596c1c20f.jpg,0,0,1,0,1
3505b6c74.jpg,0,0,0,0,0
caf83e426.jpg,0,0,1,0,1
c7adf7112.jpg,0,0,1,0,1
ad76bc064.jpg,0,0,1,0,1
10145b58a.jpg,0,0,0,0,0
2999deba3.jpg,0,0,1,0,1
2763c7f16.jpg,0,0,0,0,0
a1b56b236.jpg,0,0,0,0,0
6fc668134.jpg,0,0,0,0,0
78045cb2f.jpg,0,0,1,0,1
31a43a534.jpg,0,0,1,0,1
b2ef42176.jpg,0,0,0,0,0
399aa794e.jpg,0,0,0,0,0
66f999f2d.jpg,0,0,0,0,0
2560e7b91.jpg,0,0,0,1,1
2c3abe940.jpg,0,0,0,0,0
d0aa4a6df.jpg,0,0,0,0,0
6a0322a07.jpg,0,0,1,0,1
1028475d0.jpg,0,0,0,0,0
832c4b74c.jpg,0,0,1,0,1
11bda65f0.jpg,0,0,1,0,1
94a3786cb.jpg,0,0,0,0,0
5462db9cd.jpg,0,0,1,0,1
7a8ef119e.jpg,0,0,0,0,0
aa92ea82d.jpg,0,0,0,0,0
e685f521b.jpg,0,0,1,0,1
0eb39d43f.jpg,0,0,0,0,0
868a5c8a7.jpg,0,0,0,0,0
7b75f7008.jpg,0,0,0,0,0
d52f44bd0.jpg,0,0,0,0,0
1165781f0.jpg,0,0,1,0,1
f5547eecf.jpg,0,0,0,0,0
8bc5aeca3.jpg,0,0,1,1,1
d7eb453fe.jpg,1,0,0,0,1
e3ef636f3.jpg,0,0,0,0,0
c0e34b64b.jpg,1,0,0,0,1
faea44200.jpg,0,0,1,0,1
7a31a3b5e.jpg,0,1,0,0,1
5933ec79b.jpg,0,0,0,0,0
97963658b.jpg,0,0,0,0,0
1e954c608.jpg,0,0,1,0,1
6d8875b97.jpg,0,0,0,0,0
07cb85a8d.jpg,0,0,0,0,0
94006aec5.jpg,0,0,0,0,0
ad6506c7b.jpg,0,0,1,0,1
17b3f9421.jpg,0,0,1,0,1
4959ec2e7.jpg,0,0,0,0,0
303613d84.jpg,0,0,0,0,0
587e151b2.jpg,0,0,1,0,1
99984eccf.jpg,1,0,0,0,1
7bca7b205.jpg,0,0,0,0,0
c057d7bc1.jpg,0,0,1,0,1
8eddcadff.jpg,0,0,1,1,1
ac12eb284.jpg,0,0,0,0,0
c3d61db2f.jpg,0,0,0,0,0
911d78b0a.jpg,0,0,1,0,1
b41f45416.jpg,0,0,0,0,0
517f3ce34.jpg,0,0,1,0,1
69231176e.jpg,0,0,1,1,1
411377ca3.jpg,0,0,1,0,1
a8cd71412.jpg,0,1,0,0,1
2e29001f1.jpg,1,0,1,0,1
fb9558035.jpg,0,0,1,1,1
1e2bd7ad0.jpg,1,0,0,0,1
7977fcf7c.jpg,0,0,0,0,0
b30d2f225.jpg,0,0,0,0,0
488922ac2.jpg,0,1,0,0,1
3c08b8734.jpg,0,0,0,0,0
310e86f1a.jpg,0,0,0,0,0
ebdc35de8.jpg,0,1,0,0,1
a8cbcb924.jpg,0,0,0,0,0
9c4ed4726.jpg,1,0,0,0,1
18ace9a9a.jpg,0,0,0,1,1
128b708e5.jpg,1,0,0,0,1
c783a9679.jpg,0,0,0,0,0
7ac20d5a6.jpg,0,0,0,1,1
7a7aea2c1.jpg,0,0,1,0,1
0eb93b1a5.jpg,0,0,0,0,0
17e6602c2.jpg,0,0,0,0,0
7da7fdfca.jpg,0,0,1,0,1
9bac5408a.jpg,0,0,0,0,0
99a3eb6a2.jpg,0,0,0,0,0
6b2891fd8.jpg,0,0,0,0,0
83f82db15.jpg,0,0,1,0,1
ff52f9fe2.jpg,0,0,1,0,1
e9b77950e.jpg,1,0,1,0,1
a62465bd7.jpg,0,0,1,0,1
f6a144845.jpg,0,0,0,0,0
8a58a494a.jpg,0,0,0,0,0
85b8f9d06.jpg,0,0,1,0,1
be447691b.jpg,0,0,1,0,1
7c02570e9.jpg,0,0,1,0,1
ff6f1a404.jpg,0,0,0,0,0
99e38d1ee.jpg,0,0,0,0,0
7f10fcbfe.jpg,0,0,0,0,0
5e4714333.jpg,0,0,0,0,0
175c0ee12.jpg,0,0,1,0,1
1ef27af60.jpg,0,0,0,1,1
603bb9003.jpg,1,0,1,0,1
a9ddaaca6.jpg,0,0,0,0,0
d291f8de6.jpg,0,0,1,0,1
accc38459.jpg,0,0,1,0,1
1b93e337a.jpg,0,0,1,0,1
a7509c7cd.jpg,0,0,0,0,0
f3805c0a8.jpg,0,0,0,0,0
f7b62d489.jpg,0,0,0,0,0
d002b93da.jpg,0,0,1,0,1
112d183e5.jpg,0,0,1,0,1
96d2d702d.jpg,0,0,0,0,0
bcbf6b185.jpg,0,0,0,0,0
f40f6db0e.jpg,0,0,0,0,0
c6ad39495.jpg,0,0,0,0,0
586b86560.jpg,0,0,1,0,1
0101e2cf0.jpg,0,0,0,0,0
a85db4eac.jpg,0,0,0,0,0
87db744d8.jpg,0,0,0,0,0
87b9b1d3d.jpg,0,0,0,0,0
6da43d9fc.jpg,0,0,1,0,1
a7b7d8e30.jpg,0,0,0,0,0
17383bd97.jpg,1,0,0,0,1
9c850bf6c.jpg,0,0,1,0,1
f0e205516.jpg,0,0,1,0,1
8ae3d3ad2.jpg,0,0,1,1,1
0ce18d9e2.jpg,0,0,1,0,1
6a922ea4a.jpg,0,0,0,0,0
e32dfbf22.jpg,0,0,0,0,0
b55ffe803.jpg,0,0,1,0,1
f9a30423e.jpg,0,0,1,0,1
085a9eea6.jpg,0,0,1,0,1
639c7495a.jpg,0,0,1,0,1
2648c3348.jpg,0,0,0,0,0
3a151c842.jpg,0,0,0,0,0
4bff64460.jpg,0,0,0,0,0
749182da2.jpg,0,0,0,0,0
10f93990e.jpg,0,0,0,0,0
49c035d7e.jpg,0,0,1,0,1
14d55eb94.jpg,0,0,0,0,0
16b8b50af.jpg,0,0,1,0,1
b99b4abea.jpg,0,0,1,1,1
b64f0985f.jpg,0,0,1,0,1
310d141e6.jpg,0,0,0,0,0
3fea4633e.jpg,0,0,0,1,1
2507ce3e3.jpg,0,0,1,0,1
bbae1c48a.jpg,0,0,1,0,1
ecb50399d.jpg,0,0,0,1,1
729674b1c.jpg,0,0,0,0,0
a4c99b1bd.jpg,0,0,0,0,0
ec1ab47d4.jpg,0,0,0,0,0
3ac0eed4b.jpg,0,0,0,0,0
f39c2310c.jpg,0,0,1,0,1
98a013baf.jpg,0,0,1,1,1
30f6cb778.jpg,0,0,1,1,1
6c218639f.jpg,0,0,0,0,0
b69d1ed6a.jpg,0,0,1,0,1
4b9eb5d64.jpg,0,0,1,0,1
cb18e0f90.jpg,0,0,0,0,0
a697f938a.jpg,0,0,1,0,1
e8226144f.jpg,0,0,1,0,1
cc897a7fe.jpg,0,0,0,0,0
c8a9ae149.jpg,0,0,1,0,1
e840cf262.jpg,0,0,1,0,1
0358eaf5b.jpg,0,0,0,0,0
5eb928f43.jpg,0,0,1,0,1
550c8713a.jpg,0,0,0,0,0
d352c88ea.jpg,0,0,0,0,0
48626da29.jpg,0,0,0,1,1
6fd820bb6.jpg,0,0,1,1,1
1bead4843.jpg,0,0,0,0,0
ac095f7d7.jpg,0,0,0,0,0
8cd6472c3.jpg,0,0,1,0,1
838135ec4.jpg,0,0,1,1,1
fbedb4788.jpg,0,0,0,0,0
e90b5cff0.jpg,0,0,0,0,0
6bc7c35cd.jpg,0,0,1,0,1
130e11be6.jpg,0,0,1,0,1
29124169b.jpg,0,0,1,0,1
d0fa0e7d6.jpg,0,0,0,0,0
8fddb859f.jpg,0,0,1,0,1
2d778a4c9.jpg,0,0,0,0,0
d931d995f.jpg,0,0,0,0,0
086bf54f4.jpg,0,0,0,0,0
cda956cd7.jpg,0,0,0,0,0
c0eb3a086.jpg,0,1,0,0,1
771ca6885.jpg,0,0,0,0,0
26a5791d4.jpg,0,0,0,0,0
a9b30f4b1.jpg,0,0,0,0,0
fcbe0914f.jpg,0,0,0,0,0
49402d46c.jpg,0,0,0,0,0
d15823291.jpg,0,0,1,0,1
a3a0e9991.jpg,0,0,0,0,0
653bcd600.jpg,0,0,0,0,0
e03dd6e96.jpg,0,0,1,0,1
79adc3616.jpg,0,0,1,0,1
badc94207.jpg,0,0,1,0,1
9aa721852.jpg,0,0,1,1,1
981f9c663.jpg,0,0,1,0,1
dac8b95fb.jpg,0,0,0,0,0
6976314b8.jpg,0,0,1,0,1
1535e2127.jpg,0,0,1,0,1
e4f4ee905.jpg,0,0,1,0,1
4353697d9.jpg,0,0,1,0,1
549613483.jpg,0,0,1,0,1
9ebb54e56.jpg,0,0,1,0,1
66d9ba8db.jpg,0,0,0,0,0
17b384c3e.jpg,0,0,1,0,1
bc0071fd2.jpg,0,0,1,1,1
9962aa302.jpg,0,0,0,0,0
e29d6c141.jpg,0,0,1,0,1
729ff5766.jpg,0,0,0,0,0
3bc6785b9.jpg,0,0,0,0,0
1ebf26c1d.jpg,0,0,0,0,0
6850e8c5c.jpg,0,0,0,0,0
d860da430.jpg,0,0,1,0,1
c46065903.jpg,0,0,0,1,1
49a4b51fa.jpg,0,0,0,0,0
f2739a7ca.jpg,0,0,1,0,1
416b3a2a5.jpg,1,0,0,0,1
c91f6f9ed.jpg,0,0,0,0,0
1b7bec2ba.jpg,1,0,0,0,1
012a9a4c7.jpg,1,0,0,0,1
86217c4ba.jpg,0,0,0,1,1
dc499be11.jpg,1,0,0,0,1
4e9055d9e.jpg,1,0,0,0,1
6a7d34c5c.jpg,0,0,0,0,0
d7a6b31ea.jpg,0,0,1,1,1
93b2882fd.jpg,0,0,1,0,1
5f951ff8c.jpg,0,0,0,0,0
20064e3ab.jpg,0,0,0,0,0
ce13a3739.jpg,1,0,0,0,1
600a81590.jpg,0,0,0,0,0
79b4672b2.jpg,0,0,0,0,0
b3bdf31d8.jpg,0,0,0,0,0
42527400c.jpg,0,0,1,1,1
986d8cdc6.jpg,0,0,0,0,0
a353cf4d5.jpg,0,0,0,0,0
67c9858c9.jpg,0,0,1,0,1
edfc18176.jpg,0,0,1,0,1
568439b6c.jpg,1,0,0,0,1
84a9ab164.jpg,0,0,1,0,1
8df207326.jpg,0,0,1,0,1
ffffd67df.jpg,0,0,1,0,1
321975fb3.jpg,0,0,1,0,1
a49cff42b.jpg,0,0,1,0,1
f2f5ab55c.jpg,0,0,1,0,1
e78a524d2.jpg,0,0,0,0,0
b046e320f.jpg,0,0,0,0,0
579796d67.jpg,0,0,1,0,1
acd30588b.jpg,0,0,1,0,1
f76f8e798.jpg,0,0,1,0,1
677be2fe2.jpg,0,0,1,0,1
23e4a530a.jpg,0,1,0,0,1
1795867f2.jpg,0,0,0,1,1
ba5b942fd.jpg,0,0,0,0,0
e848a32dd.jpg,1,0,0,0,1
85107deb3.jpg,0,0,1,0,1
cceb73e77.jpg,0,0,0,0,0
ec3e9deb2.jpg,0,0,0,0,0
1639cc829.jpg,0,0,1,0,1
58384cf41.jpg,0,0,1,0,1
787aa40d8.jpg,0,0,0,0,0
3a96940c6.jpg,1,0,0,0,1
2912df978.jpg,0,0,1,0,1
41f07df70.jpg,0,0,0,0,0
589ac5007.jpg,0,0,0,0,0
27e291687.jpg,0,0,1,0,1
653a31140.jpg,0,0,1,0,1
b688d23eb.jpg,0,0,0,0,0
2ec10042f.jpg,1,0,0,0,1
e5c50b997.jpg,0,0,1,0,1
d9d94945c.jpg,0,0,0,0,0
7e9778a9f.jpg,0,0,1,0,1
225ea601b.jpg,0,0,0,0,0
e4c674de4.jpg,0,0,0,0,0
3c9ce987e.jpg,0,0,0,0,0
eca85078d.jpg,0,0,0,0,0
2122b99c0.jpg,1,0,0,0,1
d0566a76a.jpg,0,0,0,0,0
32a6666a3.jpg,0,0,1,0,1
9be9c98eb.jpg,0,1,0,0,1
21927b07e.jpg,0,0,0,0,0
e67d2a5b6.jpg,0,0,0,0,0
0cc0f6640.jpg,0,0,0,0,0
e78fbf89f.jpg,0,0,0,0,0
cd8bf9803.jpg,0,0,0,0,0
c910e9cbf.jpg,0,0,0,0,0
ba4284649.jpg,0,0,0,1,1
4732de460.jpg,0,0,0,0,0
3cff791b3.jpg,0,0,1,0,1
c30ecf35c.jpg,0,0,0,0,0
dc59b5377.jpg,0,0,0,0,0
ff300484e.jpg,0,0,1,0,1
9ca4a3d92.jpg,0,0,1,0,1
8d5ca7f3a.jpg,0,0,0,0,0
cd6365314.jpg,0,0,1,0,1
baa9d44b3.jpg,0,0,1,0,1
d5f86c715.jpg,0,0,0,0,0
5e88c8a04.jpg,0,0,1,0,1
ae65ed912.jpg,0,0,0,0,0
66e2fee14.jpg,0,0,0,0,0
60d7ee261.jpg,0,0,1,0,1
a0c3dc23f.jpg,0,0,0,0,0
15547c309.jpg,0,0,1,0,1
6ac05a8e4.jpg,0,0,0,0,0
9cfa9539e.jpg,0,0,1,0,1
d2938b2af.jpg,0,0,1,0,1
cececa61c.jpg,0,0,0,0,0
809f27321.jpg,0,0,0,0,0
45b099b06.jpg,0,0,1,0,1
875612422.jpg,0,0,1,0,1
4281f5d71.jpg,0,0,0,0,0
5b36fcd3d.jpg,0,0,0,0,0
2e0ef2076.jpg,0,0,0,0,0
accb65244.jpg,0,0,0,0,0
279af89c7.jpg,0,0,1,0,1
b44895d41.jpg,0,0,0,0,0
ff96dfa95.jpg,0,0,1,0,1
c064a385e.jpg,0,0,0,0,0
2490c490c.jpg,0,0,1,1,1
eb41bc619.jpg,0,0,0,0,0
5047b4ba0.jpg,0,0,0,0,0
1dc68a7a7.jpg,0,0,1,0,1
a605eae5c.jpg,0,0,0,0,0
f40da0c0d.jpg,0,0,0,0,0
6cf63ff76.jpg,0,0,0,0,0
5c044192f.jpg,0,0,1,0,1
44a1e7d5f.jpg,0,0,1,0,1
d520b53fa.jpg,0,0,0,0,0
6aa1495af.jpg,0,0,1,0,1
a97abc0aa.jpg,0,0,1,0,1
2992fff3f.jpg,0,0,1,0,1
092614afe.jpg,0,0,0,1,1
b7f84836b.jpg,0,0,1,0,1
d3369b607.jpg,0,0,1,0,1
77cde08c0.jpg,0,0,0,0,0
9270f72ac.jpg,0,0,1,0,1
2bdb08a09.jpg,0,0,0,0,0
ea463471d.jpg,0,0,1,0,1
29f9c04b5.jpg,0,0,0,0,0
91a713a73.jpg,0,0,1,0,1
144fdd925.jpg,0,1,0,0,1
32a201cd2.jpg,0,0,0,0,0
4dc6582d3.jpg,0,0,0,0,0
84d1278e3.jpg,0,0,1,0,1
f0625054e.jpg,0,0,0,0,0
d4b242b2a.jpg,0,0,0,0,0
46355008b.jpg,0,0,0,0,0
a09855d99.jpg,0,0,0,0,0
c2a4d7a03.jpg,0,0,0,0,0
00af2671f.jpg,0,0,1,0,1
c37633c03.jpg,0,0,1,0,1
431af9f99.jpg,0,0,0,0,0
80adf1a29.jpg,0,0,0,0,0
1f6807921.jpg,0,0,1,0,1
fbcb3df55.jpg,0,0,1,0,1
5cadef440.jpg,0,0,0,0,0
59b5007ed.jpg,0,0,0,0,0
6869514ca.jpg,0,0,0,0,0
fc20db1e0.jpg,0,0,0,0,0
963f946a9.jpg,0,0,1,0,1
7efadd1c6.jpg,0,0,1,0,1
4d042c66f.jpg,0,0,1,0,1
c3c2bebd8.jpg,0,0,0,0,0
db4716807.jpg,0,0,0,1,1
44ad9ef30.jpg,0,0,1,0,1
1eb193ad7.jpg,0,0,0,0,0
d5d900def.jpg,0,0,0,1,1
6234abc59.jpg,0,0,0,0,0
25fc987a1.jpg,0,0,1,0,1
9bc62ca61.jpg,0,0,1,0,1
b504ef19c.jpg,0,0,0,0,0
28661fd17.jpg,0,0,1,0,1
5b077082b.jpg,0,0,1,0,1
12d720737.jpg,0,0,0,0,0
802bbd246.jpg,0,0,0,0,0
092c1f666.jpg,0,0,0,0,0
5663a9e34.jpg,0,0,0,0,0
b56eaf11d.jpg,0,0,0,0,0
11ff6a6f4.jpg,0,0,1,0,1
32b45e155.jpg,0,0,0,0,0
7c781ce34.jpg,0,0,0,0,0
3dea8ca2e.jpg,0,0,0,0,0
fe56055d0.jpg,0,0,0,0,0
0a122ef42.jpg,0,0,0,0,0
aaf12ddee.jpg,0,0,1,0,1
d6577ddc1.jpg,0,0,0,0,0
794307d65.jpg,0,0,1,0,1
9150a0950.jpg,0,0,1,0,1
f4296a45d.jpg,0,0,1,0,1
33f054f80.jpg,0,0,0,0,0
b08d86101.jpg,0,0,0,0,0
4dba4db98.jpg,0,0,1,0,1
248220d45.jpg,0,0,1,0,1
0b4457f28.jpg,0,0,0,0,0
69f4aebe6.jpg,0,0,0,1,1
e43b67340.jpg,0,0,1,0,1
374493292.jpg,0,0,0,1,1
04a5d5763.jpg,0,0,0,0,0
d7b5d31e5.jpg,0,0,0,0,0
512ac9a49.jpg,0,0,0,0,0
04238d7e3.jpg,0,0,0,0,0
d869026cd.jpg,0,0,1,1,1
91e4352d4.jpg,0,0,1,0,1
b16ab3735.jpg,0,0,0,0,0
be3b49756.jpg,0,0,1,1,1
e523f2341.jpg,0,0,0,0,0
d90687600.jpg,0,0,0,0,0
37f534b5d.jpg,0,0,0,0,0
74f3e3145.jpg,0,0,0,0,0
3a5246d98.jpg,0,0,1,0,1
6defb795f.jpg,0,0,1,0,1
015ed7fac.jpg,0,0,0,0,0
af7c08f36.jpg,1,0,1,0,1
d1886af80.jpg,0,0,1,0,1
cfc00dc7f.jpg,0,0,0,0,0
a71670d83.jpg,0,0,1,0,1
54cdc22ca.jpg,0,0,0,1,1
bfe812911.jpg,0,0,0,0,0
63cea57a1.jpg,1,0,0,0,1
d557c4ee7.jpg,0,0,0,0,0
774011016.jpg,0,0,0,0,0
61be1f51b.jpg,0,0,0,1,1
8cfdc1069.jpg,0,0,1,0,1
8f61a514d.jpg,0,0,0,0,0
f3b180e26.jpg,0,0,1,0,1
01df77e59.jpg,1,0,0,0,1
f5222b1b3.jpg,1,0,0,0,1
dc46cd893.jpg,0,0,1,0,1
96ef8f053.jpg,0,0,0,1,1
e4a7202d9.jpg,0,1,0,0,1
0f61cbd36.jpg,0,0,0,0,0
4b16dc9ee.jpg,0,0,1,1,1
d6cecaebc.jpg,0,0,0,0,0
0b6cc9daa.jpg,0,0,1,0,1
b0348d794.jpg,0,0,1,0,1
f97db2626.jpg,0,0,1,0,1
5600ec21b.jpg,0,0,1,0,1
208825e67.jpg,0,0,1,0,1
aa6a2b3e5.jpg,0,0,0,0,0
c3a1d6cd0.jpg,0,0,1,0,1
4d7acd005.jpg,0,0,1,0,1
c9a52fbb7.jpg,0,0,0,0,0
a056c104a.jpg,0,0,1,0,1
c53423923.jpg,0,0,1,0,1
b5cba8cac.jpg,0,0,1,0,1
faf0dc448.jpg,0,0,0,0,0
30e2ae8a6.jpg,0,0,1,0,1
b1f5ce725.jpg,0,0,0,1,1
359d48b4b.jpg,0,0,0,0,0
b1331b5aa.jpg,0,0,0,0,0
83eb3fd63.jpg,0,0,1,0,1
028eb44d1.jpg,0,0,1,0,1
f6eb68937.jpg,0,0,1,1,1
eedbd0c92.jpg,0,0,1,0,1
7abd14b6a.jpg,1,0,0,0,1
8ade0ca6d.jpg,0,0,0,0,0
9958480e2.jpg,0,0,1,0,1
60d7248a8.jpg,1,0,1,0,1
6812ce51c.jpg,0,0,1,0,1
9eeadb0f5.jpg,0,0,1,0,1
9bf80f2fd.jpg,0,0,0,0,0
8a68175fc.jpg,0,0,0,0,0
1d4d33873.jpg,0,0,1,0,1
bd66a6e69.jpg,0,0,1,0,1
fd2a53b9a.jpg,0,0,1,0,1
3b03d80ea.jpg,0,0,0,0,0
c7dc8ae5d.jpg,0,0,0,0,0
548f2444a.jpg,0,0,1,0,1
7f9d758d7.jpg,1,0,0,0,1
8ff35e571.jpg,0,0,1,0,1
4e15a5ea4.jpg,0,0,0,0,0
ab1dda536.jpg,0,0,1,0,1
aebbc40a6.jpg,0,0,1,0,1
8eb1062a2.jpg,0,0,0,0,0
17e7cd5c6.jpg,0,0,1,0,1
a6c28501b.jpg,0,0,1,0,1
6b3d02bce.jpg,0,0,1,0,1
1ca7f19cf.jpg,0,0,1,0,1
ca3f209ad.jpg,0,0,1,0,1
b4efa00f7.jpg,0,0,1,0,1
211f39c22.jpg,0,0,0,0,0
4a52380d8.jpg,0,0,1,0,1
1bd93f498.jpg,0,0,0,0,0
48052a486.jpg,0,0,0,0,0
aa6bd6ba3.jpg,0,0,1,0,1
ab13f368e.jpg,0,0,1,0,1
9efc6682e.jpg,0,0,1,0,1
5852d571b.jpg,0,0,0,0,0
42dd20db7.jpg,0,1,0,0,1
34fc4e345.jpg,0,0,0,0,0
ec0c4dd47.jpg,0,0,1,0,1
401614c72.jpg,0,0,1,0,1
bcf5dc58c.jpg,0,0,0,0,0
689c12926.jpg,0,0,0,0,0
3f39b85b9.jpg,0,0,1,0,1
794ccb4fa.jpg,0,0,0,0,0
034941f9d.jpg,0,0,1,0,1
35d142883.jpg,0,0,1,1,1
f14b1878e.jpg,0,0,0,0,0
2be7b0fb4.jpg,0,0,0,0,0
5a3e79676.jpg,0,0,1,0,1
30c4c4c6e.jpg,0,0,0,0,0
a6f761c3f.jpg,0,0,0,0,0
a1d5d669f.jpg,0,0,1,0,1
cd7d5af6d.jpg,0,0,1,0,1
603fc5bfa.jpg,0,0,0,0,0
1834d87c4.jpg,0,0,0,0,0
b4d920147.jpg,0,0,1,0,1
7063cb92d.jpg,0,0,1,0,1
9ff2aa5c5.jpg,0,0,1,0,1
bfd7696b4.jpg,0,0,0,0,0
0bb3b11e1.jpg,0,0,0,0,0
b5b48f9f3.jpg,0,0,1,0,1
3522dffe4.jpg,0,0,0,0,0
a74cb0466.jpg,0,0,0,0,0
6fcfab295.jpg,0,0,1,0,1
8ec0d428d.jpg,0,0,1,0,1
e850c3a86.jpg,0,0,0,0,0
ec52fac2d.jpg,0,0,1,0,1
fa130006f.jpg,0,0,1,0,1
56997bb72.jpg,0,0,0,0,0
7e5c4b68d.jpg,0,0,0,0,0
c571c7c32.jpg,1,0,0,0,1
95eaae02e.jpg,0,0,1,0,1
b5967f1ce.jpg,0,0,0,1,1
0534f1b45.jpg,0,0,1,0,1
eee142d9a.jpg,0,0,1,0,1
25c940a74.jpg,0,0,1,0,1
6c3f3324a.jpg,0,0,0,0,0
eb6e21966.jpg,0,0,0,0,0
3c5ff1a83.jpg,0,0,0,0,0
3fcad5fbe.jpg,0,0,0,0,0
172e692e1.jpg,0,0,1,0,1
d717541d8.jpg,0,0,0,0,0
87edd91dc.jpg,0,0,1,0,1
90dbb625a.jpg,0,0,0,0,0
8766919e9.jpg,0,0,0,0,0
97eef7fca.jpg,0,0,0,0,0
415252307.jpg,0,0,1,0,1
cbc433467.jpg,0,0,0,0,0
4d9b0f8c6.jpg,0,0,1,0,1
4efe827ed.jpg,0,0,1,0,1
8496706ed.jpg,0,0,0,0,0
89ce91437.jpg,0,0,0,0,0
b70e904f7.jpg,0,0,1,0,1
c50fd5e7b.jpg,0,0,0,0,0
19dcbc01f.jpg,0,0,0,0,0
a8312b3b0.jpg,1,0,0,0,1
4cb7e5302.jpg,0,0,1,0,1
04802a6c2.jpg,0,0,0,0,0
aef3c904b.jpg,0,0,0,0,0
70807c2c5.jpg,0,0,1,0,1
e869869f0.jpg,0,0,0,0,0
d7c5eab80.jpg,0,0,0,0,0
5c3ececea.jpg,0,0,0,0,0
8edf2ed7d.jpg,0,0,0,0,0
94f95f5ec.jpg,0,0,0,0,0
71db63586.jpg,0,0,0,0,0
ed3615966.jpg,0,0,1,0,1
207e88d4a.jpg,0,0,1,0,1
cc61104ff.jpg,0,0,1,0,1
b509edc06.jpg,0,0,0,0,0
fda1a539d.jpg,0,0,0,1,1
f3c800e30.jpg,0,0,0,0,0
74b25b3a2.jpg,0,0,1,0,1
fa564380a.jpg,0,0,0,0,0
bce091bac.jpg,0,0,0,1,1
9612e2ee3.jpg,0,0,1,0,1
139a60994.jpg,0,0,0,0,0
47d3379c1.jpg,1,0,0,0,1
3a27bc80a.jpg,0,0,0,0,0
785c2aeb5.jpg,0,0,1,0,1
60c48f53e.jpg,0,0,0,0,0
509c2cea7.jpg,0,0,0,0,0
81ed57b21.jpg,0,0,0,0,0
4de08bdef.jpg,0,0,0,0,0
8b4a58055.jpg,0,0,0,0,0
ea7752e39.jpg,0,0,0,0,0
0be6eca0c.jpg,0,0,0,0,0
81ab8f502.jpg,0,0,1,0,1
764fa24b0.jpg,0,0,1,1,1
e7eebb438.jpg,1,0,0,0,1
4e1d262fb.jpg,0,1,0,0,1
e8f6b3f16.jpg,0,0,0,0,0
b483a0a1a.jpg,0,0,1,0,1
9844183a4.jpg,1,0,0,0,1
f4223a623.jpg,0,0,0,0,0
034e64ff3.jpg,0,0,0,0,0
dd3bf4f47.jpg,0,0,0,0,0
4e39d8c5c.jpg,0,0,0,1,1
629277c2f.jpg,1,0,0,0,1
5a03cd4f1.jpg,0,0,1,0,1
377ff90ad.jpg,0,0,1,0,1
1e7c529a2.jpg,0,0,1,0,1
badd96385.jpg,0,0,0,1,1
76b119e36.jpg,0,0,1,0,1
446b75ffb.jpg,0,0,1,0,1
7ee5a339e.jpg,0,0,0,0,0
708c66026.jpg,0,0,1,0,1
73ebf6bfd.jpg,0,0,0,0,0
c9d2f6b05.jpg,0,0,1,0,1
5064ecb6d.jpg,0,0,1,0,1
93126606c.jpg,0,0,0,1,1
fa08fa8c5.jpg,0,0,1,0,1
e4d2933d9.jpg,0,0,1,0,1
c5d7c08da.jpg,0,0,0,0,0
020ff3106.jpg,0,0,1,0,1
a2889c2fa.jpg,1,1,0,0,1
782cfb1c5.jpg,0,0,1,0,1
865b83c3f.jpg,0,0,0,1,1
a82acacf2.jpg,0,0,0,0,0
db749e5a8.jpg,0,0,0,0,0
0d3edfec6.jpg,0,0,1,0,1
f2b6d2c32.jpg,0,0,0,0,0
5ec80000e.jpg,0,0,1,0,1
18cc39190.jpg,0,0,0,0,0
366248602.jpg,0,0,0,0,0
ae3047bf7.jpg,0,0,1,0,1
e475fb44e.jpg,0,0,1,0,1
88d4948ed.jpg,0,0,0,0,0
879ac99d0.jpg,0,0,0,0,0
68c9524d6.jpg,1,0,0,0,1
458b5f58b.jpg,0,0,0,0,0
cdf669a1f.jpg,0,0,0,1,1
64c16a1c2.jpg,0,0,1,0,1
d6a450631.jpg,0,0,1,0,1
395e96be9.jpg,0,0,1,0,1
6db85659a.jpg,0,0,0,0,0
37ced4e1d.jpg,0,0,0,0,0
20ed61e3a.jpg,0,0,1,0,1
9d299f398.jpg,0,0,0,0,0
2511b27f5.jpg,0,0,1,0,1
df55b085a.jpg,0,0,0,1,1
c8f6c1533.jpg,0,0,0,0,0
4bf305cdc.jpg,0,0,0,0,0
b2bc836da.jpg,0,0,0,0,0
f79f9f617.jpg,0,0,1,0,1
e5dd1ea97.jpg,0,0,1,0,1
f75fb2c26.jpg,0,0,0,0,0
1ebf04057.jpg,0,0,0,0,0
bda7b8a7e.jpg,0,0,0,0,0
88178518d.jpg,0,0,0,0,0
4a39fd531.jpg,0,0,0,1,1
f95d6f436.jpg,0,0,1,0,1
ed69c5fcf.jpg,1,0,0,0,1
cd78d5408.jpg,0,0,0,0,0
db89feeba.jpg,0,0,1,0,1
52faeb955.jpg,0,0,1,0,1
177151af4.jpg,0,0,0,0,0
84dc30d02.jpg,0,0,0,0,0
886eebf8c.jpg,0,0,1,0,1
d86727f32.jpg,0,0,1,0,1
429782c75.jpg,0,0,1,0,1
2a8bd4103.jpg,0,0,0,0,0
1d3f3c69c.jpg,0,0,0,0,0
4cf93f820.jpg,0,0,0,0,0
12375dd7a.jpg,0,0,1,0,1
bf3bea2f0.jpg,0,0,0,0,0
9b8365463.jpg,0,0,0,0,0
4b09a3911.jpg,0,0,1,0,1
18c97da58.jpg,0,0,0,0,0
6d08d7ab4.jpg,0,0,1,0,1
54faae5d4.jpg,0,0,0,0,0
5457e4e20.jpg,0,0,1,0,1
75778a6a1.jpg,0,0,1,0,1
dc1acc527.jpg,0,0,1,0,1
d685dc83f.jpg,0,0,0,1,1
ac6d3cefd.jpg,0,0,0,0,0
0384b81f8.jpg,0,0,0,0,0
6c8b1519e.jpg,0,0,1,0,1
0817e2da4.jpg,0,0,1,0,1
1dae739cb.jpg,0,0,0,0,0
d8e11064e.jpg,0,0,0,0,0
50fb57a6c.jpg,0,0,1,0,1
e36a70d40.jpg,0,0,1,0,1
2c6b52b3f.jpg,0,0,1,0,1
b162a9cb2.jpg,0,0,1,0,1
7d58142ba.jpg,0,0,1,0,1
c81c30ca0.jpg,0,0,1,0,1
92fb94f69.jpg,0,0,1,0,1
640b3aede.jpg,1,0,0,0,1
a0383c60d.jpg,0,0,0,0,0
01b492dd6.jpg,0,0,1,0,1
2f8cf11d3.jpg,0,0,1,0,1
3bc8e7028.jpg,0,0,1,0,1
c0065dcab.jpg,0,0,1,0,1
86063fcba.jpg,1,0,0,0,1
4a00eaee7.jpg,0,0,0,0,0
b3d88bde6.jpg,0,0,1,0,1
88af2f89b.jpg,0,0,0,0,0
8cd4a4a89.jpg,0,0,0,0,0
73a4c6d1f.jpg,1,0,0,0,1
4aac09cdc.jpg,0,0,0,0,0
53df66e91.jpg,0,0,0,0,0
17c821b3f.jpg,1,0,0,0,1
c9a8a25c4.jpg,0,0,0,0,0
5cc1f869a.jpg,0,0,0,0,0
35bcc10db.jpg,0,0,0,0,0
101bc8aa5.jpg,0,0,1,0,1
7c159d683.jpg,0,0,1,0,1
f297f6838.jpg,0,1,0,0,1
b9f4d70ec.jpg,0,0,0,0,0
44b8a9dec.jpg,0,0,1,0,1
bfbf7dc87.jpg,0,0,0,0,0
6355bf572.jpg,1,0,0,0,1
c21edfb97.jpg,1,0,0,0,1
69071acbc.jpg,0,0,1,0,1
2d3c47b87.jpg,0,0,0,0,0
fe689cf0a.jpg,0,1,0,0,1
1af650ab4.jpg,0,0,1,0,1
b2d4a1767.jpg,0,0,1,0,1
3410a74a8.jpg,0,0,0,0,0
8016e642c.jpg,0,0,1,0,1
9781a26de.jpg,0,0,0,0,0
23c3474fb.jpg,0,0,1,0,1
70c4fe7c3.jpg,0,0,0,0,0
fdb71f007.jpg,0,0,0,0,0
9444656a8.jpg,0,0,0,0,0
1259fbac8.jpg,0,0,1,0,1
8709ea899.jpg,0,0,1,0,1
34e5be38b.jpg,0,0,0,0,0
db5dd1ed3.jpg,0,0,0,1,1
bd60e8f14.jpg,0,0,0,0,0
c184f9f35.jpg,0,0,1,0,1
946227d6c.jpg,0,0,1,0,1
904677cea.jpg,0,0,1,1,1
cebdada28.jpg,0,0,0,0,0
358a4fc0c.jpg,0,0,0,0,0
bba583ae1.jpg,0,0,0,1,1
fb6a70917.jpg,0,0,1,0,1
cecab5a39.jpg,0,0,1,0,1
d4932b31a.jpg,0,0,0,0,0
1473a83e2.jpg,0,0,1,0,1
7cd098a67.jpg,0,0,0,0,0
800b8c9d1.jpg,0,0,1,0,1
1e9aec741.jpg,0,0,1,0,1
9165be267.jpg,0,0,0,0,0
86a54a0e9.jpg,0,0,1,0,1
9ead58088.jpg,0,0,1,0,1
45d8d79d7.jpg,0,0,0,0,0
7f8d10098.jpg,0,0,0,1,1
2a95756e7.jpg,0,0,1,0,1
091d21109.jpg,0,0,1,0,1
f945df120.jpg,0,0,0,0,0
b98aee209.jpg,0,1,0,0,1
03af7f0c0.jpg,0,0,0,0,0
5238bc100.jpg,0,1,0,0,1
6b92f5221.jpg,0,0,1,0,1
3dde7f79a.jpg,0,0,0,0,0
d636cbd42.jpg,0,0,0,1,1
45ca0606a.jpg,0,0,0,0,0
ac7e898e6.jpg,0,0,1,0,1
11c481d5e.jpg,0,0,1,0,1
558bffe73.jpg,0,0,0,0,0
cf2af7292.jpg,0,0,0,0,0
ec3fe85d6.jpg,0,0,1,1,1
7d88005db.jpg,0,0,0,0,0
2dadb2d12.jpg,0,0,0,0,0
b9fa8b135.jpg,1,0,0,0,1
f35093ccb.jpg,0,0,0,0,0
4bf995227.jpg,0,0,1,0,1
42353cc21.jpg,0,0,1,0,1
f37af29b7.jpg,0,0,1,0,1
30070d59d.jpg,0,0,1,0,1
749407e33.jpg,0,0,1,0,1
c633454bd.jpg,0,0,0,0,0
7393b145f.jpg,0,0,1,0,1
2433ff110.jpg,0,0,0,0,0
15aeb5d52.jpg,0,0,1,0,1
6f0683e45.jpg,0,0,1,0,1
410194f0a.jpg,0,0,1,1,1
8ca764a09.jpg,0,0,0,0,0
24e125a16.jpg,0,1,0,0,1
4c9408c95.jpg,0,0,0,0,0
6ee81c40c.jpg,0,0,1,1,1
8cceaf17c.jpg,0,0,0,0,0
d9697c9ab.jpg,0,0,0,0,0
47b5ab1bd.jpg,0,0,1,0,1
a58bc739c.jpg,0,0,0,0,0
e0546380b.jpg,0,0,0,0,0
7cb0d415a.jpg,0,0,0,0,0
bd8860de4.jpg,0,0,0,0,0
762c16cc9.jpg,0,0,1,0,1
c05ffed36.jpg,0,0,0,0,0
72682f66a.jpg,0,0,0,0,0
81816646e.jpg,0,0,0,0,0
e19dec218.jpg,0,0,0,0,0
c35fa49e2.jpg,1,1,0,0,1
514222386.jpg,0,0,1,0,1
3503a107c.jpg,0,0,0,0,0
0c2522533.jpg,0,0,1,0,1
3da31ea30.jpg,0,0,1,0,1
80de9f3e1.jpg,0,0,1,0,1
7c83d2da1.jpg,0,0,1,1,1
82ee8158b.jpg,0,0,0,0,0
bb352d01e.jpg,1,0,0,0,1
d70100be8.jpg,1,0,0,0,1
9570a27f4.jpg,0,0,1,0,1
3dffc3010.jpg,0,0,1,0,1
1a8eb71da.jpg,0,0,1,0,1
990195c76.jpg,0,0,1,0,1
67ffa0fc7.jpg,0,0,1,0,1
d9845d7ae.jpg,0,0,0,0,0
6f02a72d3.jpg,0,0,0,0,0
18cc78e81.jpg,0,0,0,0,0
a1c4d9bfa.jpg,0,0,0,0,0
39c094b3d.jpg,1,0,1,0,1
2cf9289c4.jpg,0,0,0,0,0
b3262467d.jpg,0,0,0,0,0
9e4147d6b.jpg,0,0,1,0,1
a750dc23a.jpg,0,0,0,1,1
7a9ab0a7b.jpg,0,0,0,0,0
cd14c73db.jpg,1,0,1,0,1
c0dee2521.jpg,0,0,1,0,1
25c0df351.jpg,0,0,1,0,1
041187764.jpg,0,0,1,0,1
d3ce7af90.jpg,0,0,0,0,0
33274bc41.jpg,0,0,0,0,0
548bc91f8.jpg,0,0,0,0,0
0ec47dc45.jpg,0,0,1,0,1
1c9ac6c1d.jpg,0,0,0,0,0
6f0cd5095.jpg,0,0,1,0,1
a21fa9b86.jpg,0,0,1,0,1
26c4b5697.jpg,0,0,0,0,0
dab5666d9.jpg,0,0,1,0,1
ff5c7f868.jpg,0,0,1,0,1
232256b21.jpg,1,0,0,0,1
09fa983ff.jpg,0,0,0,0,0
0582ac66c.jpg,0,0,0,1,1
a800aee21.jpg,1,0,0,0,1
8bb5ada5c.jpg,1,0,0,0,1
014ebe543.jpg,0,0,1,0,1
37cd2eba2.jpg,0,0,0,0,0
d7446a2b2.jpg,0,0,0,0,0
06aed81ba.jpg,0,0,1,0,1
d7c4cd2dd.jpg,0,0,0,0,0
a7c57d74f.jpg,0,0,1,0,1
2d8215a6b.jpg,0,0,0,1,1
d51ea5c21.jpg,0,0,1,0,1
6085fc4cc.jpg,0,0,1,0,1
b44b62755.jpg,0,0,0,0,0
d85d973bd.jpg,0,0,0,0,0
e970f97d5.jpg,0,0,0,0,0
63b63d495.jpg,0,0,1,0,1
b3920826e.jpg,0,0,1,0,1
55901ac51.jpg,0,0,1,1,1
22a125a81.jpg,0,0,1,0,1
df917bee3.jpg,0,0,0,0,0
c5b9dccf7.jpg,0,0,1,0,1
a5a87540b.jpg,0,0,0,0,0
e6654d18f.jpg,0,0,0,0,0
57ab2cf83.jpg,0,0,0,0,0
59ae6ad57.jpg,0,0,0,0,0
581bb7389.jpg,0,0,1,0,1
1a759ef19.jpg,0,0,0,0,0
142036308.jpg,0,0,0,0,0
b6b66ca8c.jpg,0,0,1,0,1
6e0729dc0.jpg,0,0,1,0,1
6dfd81e89.jpg,0,0,1,0,1
67799f68e.jpg,0,0,0,0,0
6aaead7bb.jpg,0,0,1,0,1
0929b3d8f.jpg,0,0,1,0,1
0855026b4.jpg,0,0,0,0,0
ab0010546.jpg,0,0,1,0,1
33691f767.jpg,0,0,0,0,0
dff8ecef4.jpg,1,0,0,0,1
a6984e46c.jpg,0,0,0,0,0
4a6f4aec4.jpg,0,0,0,0,0
456db19dc.jpg,0,0,0,0,0
8c8914931.jpg,0,0,1,0,1
6ecfb9df5.jpg,0,0,1,0,1
cf2c7e42c.jpg,0,0,0,0,0
6909e168c.jpg,1,0,0,0,1
fdb705792.jpg,0,0,1,0,1
94caf2212.jpg,0,0,1,0,1
0bfce2f41.jpg,0,0,1,0,1
8fb078599.jpg,0,0,0,0,0
117e76e70.jpg,0,0,0,0,0
f8a3b9065.jpg,0,0,1,0,1
0ea67158e.jpg,0,0,0,0,0
6931cadb0.jpg,0,0,0,0,0
94dac8944.jpg,0,0,0,0,0
d37c88411.jpg,0,0,1,0,1
238cfd09f.jpg,0,0,1,0,1
7ff9e795d.jpg,0,0,0,1,1
09d70d8f0.jpg,0,0,1,0,1
4d930ad34.jpg,1,0,0,0,1
3159ee27a.jpg,0,0,1,0,1
fe7459fe6.jpg,0,0,0,0,0
a72f6f83d.jpg,0,0,0,0,0
0832de752.jpg,1,0,0,0,1
b33edc431.jpg,0,0,0,0,0
1380154bd.jpg,0,0,0,0,0
e9cff204e.jpg,0,0,0,0,0
2f20a50ea.jpg,0,0,0,0,0
123b0882e.jpg,1,0,0,0,1
e0eefb4a2.jpg,0,0,1,1,1
77343ffda.jpg,0,0,1,0,1
a4f1180ba.jpg,0,0,1,0,1
bbea91022.jpg,0,0,1,0,1
08d9cdf3b.jpg,0,0,0,0,0
4defcdb36.jpg,0,0,1,0,1
bfd38637f.jpg,0,0,0,1,1
d930342a1.jpg,0,0,0,0,0
4e7f0e825.jpg,0,0,1,0,1
400161088.jpg,0,0,1,0,1
0218c0fcc.jpg,0,0,0,1,1
d95c9d342.jpg,1,0,0,0,1
0fab4b372.jpg,0,0,0,0,0
ca3a80cea.jpg,0,0,0,0,0
da20fe743.jpg,0,0,1,0,1
7329b8668.jpg,0,0,1,0,1
f597d415e.jpg,0,0,0,0,0
88e1122cb.jpg,1,0,0,0,1
10ea01334.jpg,0,0,0,0,0
dc2b020ba.jpg,0,0,1,0,1
46655e050.jpg,0,0,1,1,1
ecd0a7a42.jpg,0,1,0,0,1
81bd64447.jpg,0,0,0,0,0
60aca03e2.jpg,0,0,1,0,1
97b77f9e6.jpg,0,0,1,0,1
9db7b8d33.jpg,0,0,0,0,0
636214476.jpg,0,0,1,0,1
d169e1b81.jpg,0,0,0,1,1
137bea7ce.jpg,0,0,0,0,0
1198f83d2.jpg,0,0,1,0,1
5132041da.jpg,0,0,1,0,1
1287c7c74.jpg,0,0,1,0,1
5c9b16686.jpg,0,0,1,0,1
19a0b8362.jpg,0,0,0,0,0
90360df70.jpg,0,0,0,0,0
661c42b97.jpg,0,0,0,0,0
c12bbdec9.jpg,0,0,1,0,1
306b1dbc1.jpg,0,0,1,0,1
aae6bc5be.jpg,0,0,1,0,1
b8ae3032c.jpg,0,0,0,0,0
c480b0e1a.jpg,0,0,0,0,0
ebeaefa1b.jpg,0,0,0,0,0
b9f8dffba.jpg,0,0,1,0,1
6be920c9d.jpg,0,0,0,1,1
9b3ef82c7.jpg,0,0,0,0,0
0bfcf7a71.jpg,0,0,1,0,1
a88dc13d6.jpg,0,0,1,0,1
7f7beccda.jpg,0,0,0,0,0
16a1cf5b9.jpg,0,0,1,0,1
a86b9299f.jpg,0,0,0,0,0
974750ad1.jpg,0,0,1,0,1
eb5aec756.jpg,0,0,0,0,0
c131d5030.jpg,0,0,1,0,1
44eaa8416.jpg,0,0,0,0,0
99f9d2375.jpg,0,0,0,0,0
4f1f6dee0.jpg,0,0,1,0,1
fab50d91a.jpg,1,0,0,0,1
41ec6505f.jpg,0,0,1,0,1
95b95a425.jpg,0,0,1,0,1
314088824.jpg,0,0,0,0,0
9fce63e11.jpg,0,0,1,0,1
c20b32738.jpg,0,0,1,0,1
cd23d4841.jpg,0,0,0,1,1
02ea1d0e8.jpg,0,0,0,0,0
b87571cc4.jpg,0,0,1,0,1
b309c82de.jpg,0,0,0,0,0
4421ca253.jpg,0,0,0,0,0
afcd4d5ee.jpg,0,0,0,0,0
c9a28779c.jpg,0,0,0,0,0
efca9c938.jpg,1,0,0,0,1
af0aad614.jpg,0,0,1,0,1
8612b1c18.jpg,0,0,0,0,0
aa1c7c9cd.jpg,0,0,0,0,0
b90e286a5.jpg,1,0,0,0,1
300a00766.jpg,0,0,1,0,1
d85f94a97.jpg,0,0,1,0,1
038f14456.jpg,0,0,0,1,1
8b1fd00ed.jpg,0,0,0,0,0
088ecc915.jpg,0,0,0,0,0
131196b13.jpg,0,0,0,0,0
426a4b4b8.jpg,0,0,0,0,0
c9fb9abd9.jpg,0,0,1,0,1
f6854fafc.jpg,0,0,0,0,0
1205a8e2b.jpg,0,0,0,0,0
67fc6eeb8.jpg,0,0,0,0,0
fec666a05.jpg,0,0,0,0,0
4c5617af0.jpg,0,0,0,0,0
91c93baf0.jpg,0,0,0,0,0
dccad1675.jpg,0,0,0,0,0
87e057954.jpg,0,0,1,0,1
a9d54a2fe.jpg,0,0,0,0,0
889454305.jpg,0,0,1,0,1
f965e553b.jpg,0,0,1,0,1
a7f29f0b3.jpg,0,0,0,0,0
dd2390317.jpg,0,0,0,1,1
d5353adfc.jpg,0,0,1,0,1
ba369b556.jpg,0,0,0,0,0
ebb817ec9.jpg,0,0,0,1,1
f55acfc8e.jpg,1,0,0,0,1
f0f70d7ad.jpg,0,0,1,0,1
3a153274d.jpg,1,0,0,0,1
34ded2e0e.jpg,0,0,0,0,0
64dc9ef9a.jpg,1,0,1,0,1
5b1e3d933.jpg,0,0,1,0,1
0da1c044f.jpg,0,0,1,0,1
863b300cb.jpg,0,0,1,0,1
e0cf5558b.jpg,0,0,1,0,1
6355bcd53.jpg,0,0,1,0,1
1296079c8.jpg,0,0,0,0,0
0becaa911.jpg,0,0,0,0,0
6b86a9593.jpg,0,1,0,0,1
40c16ae94.jpg,0,0,0,0,0
43e5215d6.jpg,0,0,1,0,1
763871334.jpg,0,0,1,0,1
b1ba20011.jpg,0,0,0,0,0
c6af2acac.jpg,0,0,0,0,0
a0ee7a955.jpg,0,0,1,0,1
0ce6ef153.jpg,0,0,1,0,1
8e85eb81f.jpg,0,0,0,1,1
d1cea465b.jpg,1,0,0,0,1
9f6016bcc.jpg,0,0,1,0,1
5ff129eb1.jpg,0,0,1,0,1
76c02a2aa.jpg,0,0,0,0,0
c389100a5.jpg,1,0,1,0,1
194f48184.jpg,0,0,0,0,0
81caf7932.jpg,0,0,0,0,0
cc4f577af.jpg,0,0,0,0,0
0842fa725.jpg,0,1,0,0,1
98111e480.jpg,0,0,0,0,0
30a6a340c.jpg,0,1,0,0,1
fad2dd8ee.jpg,0,1,1,0,1
471a0c83c.jpg,0,0,1,0,1
aec9cbfb0.jpg,0,0,0,0,0
19115aedb.jpg,0,0,1,0,1
1c448e585.jpg,0,0,0,0,0
b43445f69.jpg,0,0,0,0,0
f54c0a5b9.jpg,0,0,0,0,0
370b998e7.jpg,0,0,1,0,1
f36bc094e.jpg,0,0,1,0,1
582a8c235.jpg,0,0,0,0,0
dea277f4a.jpg,0,0,1,0,1
a8b77ce4d.jpg,1,0,0,0,1
455241741.jpg,0,0,1,0,1
54fc1f606.jpg,0,0,0,1,1
3cfe319b3.jpg,0,0,0,0,0
0eeb95f8f.jpg,0,0,0,0,0
72d5da20f.jpg,0,0,1,0,1
2cc298242.jpg,0,0,0,0,0
646acd6c3.jpg,0,0,0,0,0
b5df32617.jpg,0,0,0,0,0
b732ea1f3.jpg,0,0,1,0,1
99288b018.jpg,0,0,0,0,0
48bfce24a.jpg,0,0,0,0,0
95aff808c.jpg,0,0,1,0,1
c83b606d1.jpg,1,0,0,0,1
042691991.jpg,0,0,0,0,0
311f6c34f.jpg,0,0,1,0,1
64261b3f7.jpg,0,0,1,0,1
f5dbb7e00.jpg,0,0,0,0,0
54f1891ad.jpg,0,0,1,0,1
45cca62e0.jpg,0,0,1,0,1
f07e9ccda.jpg,0,0,0,0,0
5c55d1bbf.jpg,0,0,1,0,1
66e6c8a78.jpg,0,0,0,0,0
031f334ec.jpg,0,0,1,0,1
dd2f53d43.jpg,0,0,0,0,0
51b211df9.jpg,0,0,1,0,1
2b0d476d6.jpg,0,1,0,0,1
e869118bb.jpg,0,0,1,0,1
9515afade.jpg,0,0,0,1,1
5f39f57ea.jpg,0,0,1,0,1
a3148f47c.jpg,0,1,0,0,1
c3bffce10.jpg,0,0,1,0,1
de8718f9d.jpg,0,0,0,0,0
51f993f26.jpg,0,0,0,0,0
beb14dec4.jpg,0,0,0,0,0
c6d8f17d0.jpg,0,0,0,0,0
262d788d8.jpg,0,0,0,0,0
9e76cabaa.jpg,0,0,0,0,0
00bc01bfe.jpg,1,0,0,0,1
8b6cfcf35.jpg,0,0,1,0,1
3e70d064f.jpg,0,0,1,0,1
d81f90b35.jpg,0,0,1,0,1
a9cee6edb.jpg,0,0,1,0,1
adbe07a60.jpg,0,0,1,0,1
41028db98.jpg,0,0,1,0,1
70ca927b0.jpg,0,0,0,0,0
71cc16dd7.jpg,0,0,0,0,0
63c46a774.jpg,1,0,1,0,1
1b8ef5392.jpg,0,0,1,0,1
4ed62a0c0.jpg,0,0,0,0,0
34ee04d85.jpg,0,0,1,0,1
b4c7a5a60.jpg,0,0,0,0,0
d04e02d1f.jpg,0,0,0,1,1
2012a6d02.jpg,0,1,0,0,1
614054f86.jpg,0,0,0,0,0
6afa917f2.jpg,0,0,0,0,0
2f6c8eab7.jpg,0,0,0,0,0
0483ecae0.jpg,0,0,0,0,0
f8107b51d.jpg,0,0,0,0,0
b3d4c7809.jpg,1,0,0,0,1
9ec897b68.jpg,0,0,1,0,1
53994e13b.jpg,0,0,1,0,1
961c00401.jpg,0,0,0,0,0
07c3d6d77.jpg,0,1,0,0,1
f88d122b9.jpg,0,0,1,1,1
122c21f79.jpg,0,0,0,0,0
48b41f49d.jpg,0,0,0,0,0
bc2a7a375.jpg,0,0,0,0,0
f380e604c.jpg,0,0,1,0,1
5cd2125a9.jpg,0,0,0,0,0
af0dd8534.jpg,0,0,0,0,0
f66a9a7f3.jpg,0,0,1,0,1
1a750bfc8.jpg,0,0,0,0,0
2f5bc2750.jpg,0,0,0,0,0
29ae2bdc9.jpg,0,0,0,1,1
de7ccd490.jpg,0,0,1,0,1
37bc122bd.jpg,0,0,1,0,1
856f0b6bd.jpg,0,0,1,0,1
def010af5.jpg,0,0,1,0,1
6fa4ec1d0.jpg,0,0,0,0,0
08f37071a.jpg,0,0,0,0,0
196d65e42.jpg,0,0,1,0,1
3c0a7290f.jpg,0,0,0,0,0
8e5f4851e.jpg,0,0,1,0,1
f1529241c.jpg,0,0,0,0,0
bc5caa66d.jpg,0,0,0,0,0
214465021.jpg,0,1,0,0,1
ffd0223a7.jpg,0,0,0,0,0
d706e7f5e.jpg,0,0,0,0,0
2eb20e316.jpg,0,0,0,0,0
4ab8a2a13.jpg,0,0,1,0,1
b030ec597.jpg,0,0,1,0,1
5f7e6cfdd.jpg,0,0,0,0,0
259d812b3.jpg,0,0,1,0,1
60c41d5b0.jpg,0,0,0,0,0
206c20ee0.jpg,0,0,1,0,1
76c08f031.jpg,0,0,0,0,0
412067256.jpg,0,0,0,0,0
01b6c2dc1.jpg,0,0,0,0,0
62122709f.jpg,0,0,1,0,1
c98702129.jpg,0,0,1,1,1
f6620bebb.jpg,0,0,0,0,0
a4fa37d47.jpg,0,0,0,0,0
d2e980156.jpg,0,0,0,0,0
6bb002045.jpg,0,0,1,0,1
9424f9664.jpg,0,0,1,0,1
560c8f003.jpg,0,0,0,0,0
eb62ffab1.jpg,0,0,0,0,0
3eff5782b.jpg,0,0,0,0,0
24e21e85a.jpg,0,0,1,0,1
976b8a242.jpg,0,0,1,0,1
63ee5bc32.jpg,0,0,0,0,0
5698f3507.jpg,0,0,0,1,1
9699f82fe.jpg,0,0,0,1,1
e1260600a.jpg,0,0,0,0,0
06ad83bac.jpg,0,0,1,0,1
689491df4.jpg,0,0,0,0,0
d52150d70.jpg,0,0,0,0,0
71ce72925.jpg,0,0,1,0,1
f848466cb.jpg,0,0,1,0,1
8d36899b1.jpg,0,0,1,0,1
008d0f87b.jpg,0,0,1,0,1
b4ad3aac5.jpg,0,0,0,0,0
988afc273.jpg,0,0,1,0,1
356e7a71a.jpg,0,0,1,0,1
d38405dce.jpg,0,0,0,0,0
b32f9fddd.jpg,0,0,1,1,1
1f43421a7.jpg,0,0,1,0,1
fc113cb7e.jpg,1,0,0,0,1
1b3619d14.jpg,0,0,0,0,0
75070e973.jpg,0,0,0,1,1
7907c3a1d.jpg,0,0,0,0,0
27b1670da.jpg,0,0,1,0,1
2af23562d.jpg,0,0,0,0,0
ab70f8ba6.jpg,0,0,1,0,1
39b8cb37a.jpg,0,0,0,1,1
9b7aa28e9.jpg,0,0,0,0,0
ce1988f13.jpg,0,0,0,0,0
516b72597.jpg,1,0,0,0,1
c1c3651cc.jpg,0,0,1,0,1
55728df3e.jpg,0,0,0,0,0
d183a7238.jpg,0,0,0,0,0
b3eb9c9cb.jpg,0,0,1,0,1
81ff630e3.jpg,1,0,1,0,1
e66eb3d68.jpg,0,0,1,0,1
5a9086b81.jpg,0,0,0,0,0
2253d7244.jpg,0,0,1,0,1
053bf4b5f.jpg,0,0,0,0,0
27f99b836.jpg,1,0,0,0,1
e7c915edc.jpg,0,0,1,0,1
0905fe055.jpg,1,0,0,0,1
4738a7cf7.jpg,0,0,0,0,0
d1ba24779.jpg,0,0,0,0,0
ee1450e82.jpg,0,0,1,0,1
37c13cf96.jpg,0,0,0,0,0
d8aeec2d5.jpg,0,0,1,1,1
49c529ce6.jpg,0,0,0,0,0
1aecf21ad.jpg,0,0,0,0,0
30b516c73.jpg,0,0,0,0,0
510b9c5cc.jpg,1,0,0,0,1
33a479d47.jpg,0,0,0,1,1
c4aeca424.jpg,0,0,1,0,1
4bb0742a2.jpg,0,0,0,0,0
a272e2e20.jpg,0,0,0,0,0
12ef6188f.jpg,0,0,0,0,0
96a0c2754.jpg,0,0,0,0,0
959c91306.jpg,0,0,0,0,0
04d9a0db8.jpg,0,0,0,0,0
5c36982d0.jpg,0,0,1,0,1
c59c7f789.jpg,0,0,0,1,1
31fdbb560.jpg,0,0,0,1,1
b6f61c6b0.jpg,0,0,0,1,1
594e2b83f.jpg,0,0,1,0,1
5e3a14360.jpg,0,0,0,0,0
e9b05db06.jpg,0,0,0,0,0
8a485f766.jpg,0,0,1,0,1
58b3000b1.jpg,0,0,0,0,0
b20fcab43.jpg,0,0,1,0,1
4fd7307d3.jpg,0,0,0,0,0
c85dc059a.jpg,0,0,0,0,0
8938b12eb.jpg,0,0,0,0,0
5607d6b35.jpg,0,0,0,0,0
08ba29346.jpg,0,0,0,0,0
084abb378.jpg,0,0,0,0,0
50b285302.jpg,0,0,1,0,1
cee6f5bec.jpg,0,0,1,0,1
86752d23a.jpg,0,0,1,0,1
2f6fd7d87.jpg,0,0,1,0,1
8b87f24ec.jpg,0,0,0,0,0
37e017985.jpg,0,0,0,0,0
5eebc2c76.jpg,0,0,0,0,0
9723d431a.jpg,0,0,0,0,0
64b0f37d7.jpg,0,0,0,0,0
378426794.jpg,0,0,0,0,0
e2ec0b2fc.jpg,0,0,0,0,0
1664d4b17.jpg,0,0,1,0,1
6f5080dd7.jpg,0,0,1,0,1
9d0b3a0f7.jpg,0,0,1,0,1
7e6f6ba62.jpg,0,0,0,0,0
bb52ff5d9.jpg,0,0,0,0,0
53abc091a.jpg,0,0,0,0,0
483e4b5f7.jpg,0,0,1,0,1
847a45986.jpg,0,0,0,0,0
82aafd015.jpg,0,0,1,0,1
df997913a.jpg,0,0,0,0,0
3035a46b7.jpg,0,0,1,0,1
6f46868d9.jpg,0,0,1,0,1
ce0697dee.jpg,0,0,0,0,0
a7e675896.jpg,1,0,0,0,1
13169e4cf.jpg,0,0,1,0,1
3a0a9a167.jpg,1,0,0,0,1
d8be02bfa.jpg,0,0,0,0,0
ba47ceeec.jpg,0,0,0,0,0
3573170d7.jpg,0,0,0,0,0
1065b4d64.jpg,0,0,0,0,0
a4906327e.jpg,0,0,1,0,1
02bf279c9.jpg,0,0,1,0,1
ceeab1c90.jpg,0,0,0,0,0
b2985ca11.jpg,0,0,0,0,0
260ee2f59.jpg,0,0,1,0,1
856b4f598.jpg,0,0,0,0,0
4784189ec.jpg,0,0,1,0,1
d84ad849e.jpg,1,0,0,0,1
3df5661f0.jpg,0,0,0,0,0
0167a740e.jpg,1,0,0,0,1
b778a2a3e.jpg,0,0,0,0,0
1fdd142e9.jpg,0,0,0,0,0
66c487b25.jpg,1,0,1,0,1
2c14af3b2.jpg,0,0,0,0,0
af1c8d7bb.jpg,0,0,0,0,0
c191c77e1.jpg,0,0,0,0,0
8eb422b05.jpg,1,0,0,0,1
b7a2b2275.jpg,0,0,1,0,1
d0577e299.jpg,0,0,1,0,1
7b79706b6.jpg,1,0,0,0,1
86e195ec0.jpg,0,0,0,0,0
5ed08442d.jpg,0,0,1,0,1
34a94858a.jpg,0,0,1,0,1
fdf3a16fc.jpg,0,0,1,0,1
c8e26e892.jpg,0,0,1,0,1
e7fb372da.jpg,0,0,1,0,1
c270e97fc.jpg,0,0,0,0,0
7138b8b2a.jpg,0,0,0,0,0
9d73bc0ef.jpg,0,0,1,0,1
636139dbf.jpg,0,0,0,0,0
03461f8e0.jpg,0,0,1,0,1
2d7a69b1f.jpg,0,0,0,0,0
ca02e9e92.jpg,0,0,1,0,1
fc8cb11db.jpg,1,0,0,0,1
fdb5ae9d4.jpg,0,0,1,0,1
a68a791fb.jpg,0,0,0,0,0
6eb2c9a9a.jpg,0,0,1,0,1
cd475d2a3.jpg,0,0,1,0,1
feababedf.jpg,0,0,0,0,0
05fc29f57.jpg,0,0,0,0,0
cf45f7a4a.jpg,0,0,0,0,0
1d5ad5541.jpg,0,0,1,0,1
c4d0af8e1.jpg,0,0,1,0,1
b02923eea.jpg,0,0,0,0,0
2b15517b1.jpg,0,0,1,0,1
1be849dd0.jpg,0,0,1,0,1
a6fcd0f71.jpg,0,0,1,0,1
1c92b4274.jpg,0,0,0,0,0
dd41bdd9e.jpg,0,0,0,0,0
a10c2a8dd.jpg,0,0,0,0,0
41dbbca4f.jpg,0,0,0,0,0
d3ba7a242.jpg,0,0,0,0,0
b664c557f.jpg,0,0,0,0,0
1b64a8b18.jpg,0,0,0,0,0
4cca18753.jpg,0,1,0,0,1
8a09333c4.jpg,0,0,1,0,1
2e3b354cd.jpg,0,0,1,0,1
e83d27de8.jpg,0,0,1,0,1
5a4ca9b10.jpg,0,0,1,0,1
9f7063103.jpg,0,0,1,0,1
f41c0d27c.jpg,0,0,0,0,0
d47afce21.jpg,0,0,0,0,0
bdfa2974d.jpg,0,0,1,0,1
fb38bb7bf.jpg,0,0,1,0,1
1ba01937f.jpg,0,0,0,1,1
85e251638.jpg,0,0,0,0,0
9278ab6ba.jpg,0,0,1,0,1
10909b4bb.jpg,0,0,1,0,1
1809bcad9.jpg,0,0,1,0,1
ba12ba223.jpg,0,0,0,0,0
1755b86e4.jpg,0,0,1,0,1
a0e01eb84.jpg,0,0,1,0,1
de1f2b234.jpg,0,0,1,0,1
02c79bfcb.jpg,0,0,1,0,1
5ad654fc4.jpg,1,0,0,0,1
fbdde63d5.jpg,1,0,0,0,1
6ea15065e.jpg,0,0,0,0,0
d8a2472a7.jpg,0,0,0,0,0
653125e34.jpg,0,0,0,0,0
fdc83849e.jpg,0,0,1,0,1
ce5f0cec3.jpg,0,0,1,0,1
b07380a2e.jpg,1,0,0,0,1
c26912861.jpg,0,0,1,0,1
203f204d0.jpg,0,0,0,0,0
47454aedd.jpg,0,0,1,0,1
cd662eda7.jpg,0,0,1,0,1
72754d67c.jpg,0,0,0,0,0
e3cb41559.jpg,0,0,0,0,0
199c7ca22.jpg,0,0,0,0,0
f789a780c.jpg,0,0,0,0,0
621706556.jpg,0,0,0,0,0
9c936d05f.jpg,0,0,1,0,1
5d218419b.jpg,0,0,1,0,1
c20989bd4.jpg,0,0,1,0,1
1d64dd62e.jpg,0,0,0,0,0
b4124fe84.jpg,0,0,1,0,1
0a9a7a6c7.jpg,0,0,1,0,1
706efa6c9.jpg,0,0,0,0,0
5ba7d0f08.jpg,0,0,1,0,1
677828765.jpg,0,0,0,1,1
697ff5265.jpg,0,0,0,0,0
9c4e61003.jpg,1,0,0,0,1
f4829742c.jpg,0,0,0,0,0
726971100.jpg,0,0,0,0,0
03284f71b.jpg,0,0,0,0,0
9e908d39e.jpg,0,0,0,0,0
d6d3224d2.jpg,0,0,1,0,1
987b603f7.jpg,0,0,0,0,0
62b0a31ba.jpg,0,0,1,0,1
60f9e221f.jpg,0,0,0,0,0
9848d62a6.jpg,0,0,0,0,0
e44a065d8.jpg,0,0,1,0,1
00ded7837.jpg,0,0,0,0,0
3ae2aba5e.jpg,0,0,1,0,1
2feb3983d.jpg,0,0,0,0,0
6bf2151b8.jpg,0,0,1,0,1
a81499b19.jpg,0,0,1,0,1
ac6367260.jpg,0,1,0,1,1
bd5c85ced.jpg,0,0,0,0,0
22458f946.jpg,1,0,0,0,1
94c4ca4c1.jpg,0,0,1,0,1
6a9ff4b0c.jpg,0,1,0,0,1
811ed7a89.jpg,0,0,0,0,0
5dd11afc4.jpg,0,0,0,0,0
02709b038.jpg,0,0,0,0,0
01ebe0d32.jpg,0,0,1,0,1
8898932bd.jpg,0,0,1,1,1
d5a746371.jpg,0,0,0,0,0
7847cda9c.jpg,0,0,0,0,0
82ac8152a.jpg,0,0,0,0,0
7806aa75f.jpg,0,0,1,0,1
11b1e2910.jpg,0,0,0,0,0
cbd27127f.jpg,0,0,1,0,1
9b7974523.jpg,0,0,1,0,1
d0a0b9951.jpg,0,0,1,0,1
1b6a9d41b.jpg,0,0,0,0,0
3688df8e4.jpg,0,0,1,0,1
de7529941.jpg,0,0,0,0,0
f67811762.jpg,0,0,1,0,1
3996e2b5c.jpg,0,0,0,0,0
57d263755.jpg,0,0,0,0,0
a314405e3.jpg,0,0,0,0,0
da55b8d85.jpg,0,0,0,0,0
a8241cf3d.jpg,0,0,1,0,1
889c66e18.jpg,0,0,0,1,1
b9752d783.jpg,0,0,1,0,1
0ecf31314.jpg,0,0,1,0,1
834a537f4.jpg,0,0,0,0,0
3738d1881.jpg,0,0,1,0,1
ed4b2a7b2.jpg,0,0,0,0,0
f503817dd.jpg,0,0,0,1,1
43513da40.jpg,0,0,0,0,0
210e0e803.jpg,0,0,0,0,0
94a5728a6.jpg,0,0,0,0,0
104856a03.jpg,0,0,0,0,0
4cc6b09fd.jpg,0,0,1,0,1
16c60441c.jpg,0,0,1,0,1
ab2300506.jpg,0,0,1,0,1
108502c97.jpg,0,0,0,0,0
5660432cc.jpg,0,0,1,0,1
18615eacf.jpg,0,0,1,0,1
2111e4f3f.jpg,0,0,1,0,1
bfe627357.jpg,0,0,0,0,0
9d4d73931.jpg,0,0,0,0,0
42f9b96b6.jpg,0,0,0,0,0
e862448c8.jpg,0,0,0,0,0
bf5502c1c.jpg,0,0,1,0,1
9906c980e.jpg,0,0,1,0,1
88957ccdd.jpg,0,0,0,0,0
bd54aaaea.jpg,0,0,1,0,1
d6039d5d3.jpg,0,0,0,0,0
f0075e43c.jpg,0,0,1,0,1
a73c4e62c.jpg,0,0,0,0,0
e86fa030c.jpg,0,0,0,0,0
c53577f91.jpg,0,0,0,0,0
6d1c45f2c.jpg,0,0,0,0,0
4687b4274.jpg,0,0,0,0,0
2ec8d4b22.jpg,0,0,0,0,0
f22b67de8.jpg,0,0,1,0,1
9a83c23d1.jpg,0,0,1,0,1
cddba1672.jpg,0,0,0,0,0
2722e2ba6.jpg,0,0,1,0,1
2001189bd.jpg,0,0,0,0,0
d5ff65cd6.jpg,1,0,0,0,1
649890305.jpg,0,0,1,0,1
3a43adb32.jpg,0,0,1,0,1
ada6c433b.jpg,0,0,0,0,0
fcc15caae.jpg,0,0,0,0,0
15ca4bc45.jpg,0,0,0,0,0
745f1a8cb.jpg,0,0,0,0,0
e745c7388.jpg,0,0,1,0,1
bb177c530.jpg,0,0,0,0,0
99ead2c8b.jpg,0,0,0,0,0
c2bc67c36.jpg,0,0,1,0,1
ca1ba152c.jpg,0,0,0,0,0
4c2b3ccc9.jpg,0,0,1,0,1
ac2b13f3f.jpg,0,0,0,0,0
cf384e2e4.jpg,0,0,0,0,0
2558c43bf.jpg,0,0,1,1,1
80db59ec2.jpg,0,0,1,1,1
8fd88a0c1.jpg,1,0,0,0,1
631c2334a.jpg,0,0,0,1,1
e3fe831b7.jpg,0,0,1,0,1
b7982b7d8.jpg,0,0,1,0,1
6f45aa88d.jpg,0,0,1,0,1
dc8e7690a.jpg,0,0,1,0,1
a9945ecd5.jpg,0,0,1,0,1
5722f7171.jpg,0,0,0,0,0
19a352c2f.jpg,0,0,1,0,1
19c645c25.jpg,0,0,1,0,1
328c0fc75.jpg,0,0,1,0,1
eeffa4c49.jpg,1,0,1,0,1
59849c3de.jpg,1,0,0,0,1
51aa20891.jpg,0,0,0,0,0
5aff55ed5.jpg,0,0,1,0,1
434dc37a2.jpg,0,0,1,0,1
2b7315722.jpg,0,0,1,0,1
bedfbcf7b.jpg,0,0,1,0,1
5d22d4c0d.jpg,0,0,0,0,0
0a728f2a5.jpg,0,0,0,0,0
c5e2b8fff.jpg,0,0,1,0,1
0dfd831a1.jpg,0,0,0,0,0
efc63b0b9.jpg,0,0,1,0,1
04055fd3e.jpg,0,0,1,0,1
bc751c15d.jpg,0,1,0,0,1
4a3180158.jpg,0,0,0,0,0
8c64a3681.jpg,0,0,1,0,1
902ba9941.jpg,0,0,1,0,1
6078cc0b1.jpg,0,0,1,0,1
0c21c4b46.jpg,0,0,1,0,1
1d7f05244.jpg,0,0,1,0,1
f789ae3cc.jpg,0,0,0,0,0
7a1251b77.jpg,0,0,1,0,1
1b2dcaa3d.jpg,0,0,0,0,0
132e8ca58.jpg,0,0,1,0,1
698fdc957.jpg,0,0,0,0,0
9c01e6441.jpg,0,0,0,0,0
c7a4a7472.jpg,0,0,0,1,1
f7f48c1a7.jpg,0,0,0,0,0
2fb473bb4.jpg,0,0,0,0,0
04246167f.jpg,0,0,1,0,1
1d694b8dc.jpg,0,0,1,0,1
9d24b2e5b.jpg,0,0,0,0,0
70da511d4.jpg,0,0,0,0,0
3c30d891e.jpg,0,0,1,0,1
054190eb2.jpg,0,0,1,0,1
bb9bfedfd.jpg,0,0,0,1,1
6cf26b38c.jpg,0,0,1,0,1
bfc7f2dfa.jpg,0,0,0,0,0
533012eb6.jpg,0,0,0,0,0
0dfc5aa21.jpg,0,0,0,0,0
e9e95609c.jpg,0,0,0,0,0
da3d96f2f.jpg,0,0,1,0,1
8f76dd4ec.jpg,0,0,1,0,1
f0859ea87.jpg,0,0,0,0,0
1481a35e4.jpg,0,0,0,0,0
d535c41bf.jpg,0,0,1,0,1
43c5f80e6.jpg,0,0,0,0,0
b31d1c693.jpg,0,0,1,0,1
0dced41aa.jpg,0,0,0,0,0
387b30006.jpg,0,0,1,0,1
6f74d9e70.jpg,0,0,1,0,1
a5f996baa.jpg,0,0,1,0,1
29b8c3350.jpg,0,0,0,0,0
6666f7f16.jpg,0,0,1,0,1
428ebe246.jpg,0,0,1,0,1
2abff2a85.jpg,0,0,0,0,0
16ec8f55a.jpg,0,0,0,0,0
05b8ed770.jpg,0,0,0,0,0
3974a2a75.jpg,0,0,1,0,1
e658a2891.jpg,0,0,1,0,1
7f98c3635.jpg,0,0,0,0,0
5d65e94a7.jpg,0,0,0,0,0
ae4753c89.jpg,0,0,1,0,1
888263bf8.jpg,0,0,0,0,0
dcc4ae98f.jpg,0,0,1,0,1
f3a5aa94c.jpg,0,0,1,0,1
a87090528.jpg,0,0,0,0,0
0cdce1e66.jpg,0,0,0,0,0
433ee3ba0.jpg,1,0,0,0,1
02a78fb18.jpg,0,0,0,0,0
f9a93b750.jpg,0,0,0,0,0
79b39c931.jpg,0,0,1,0,1
bfe025097.jpg,0,0,1,0,1
cb4f01ce6.jpg,0,0,0,0,0
3153ea0ef.jpg,0,0,0,0,0
e0a16fca0.jpg,0,0,0,0,0
99d359803.jpg,0,0,1,1,1
6091e8db7.jpg,0,0,0,0,0
40aae2e57.jpg,0,0,1,0,1
1501f53a2.jpg,0,0,1,0,1
90b461f2a.jpg,0,0,1,0,1
ddca3e643.jpg,0,0,1,0,1
542499e15.jpg,0,0,0,0,0
09552b326.jpg,0,0,1,0,1
d598af62f.jpg,0,0,1,0,1
200e555b4.jpg,0,0,0,1,1
3b3daeb1b.jpg,0,0,0,0,0
18eeb26f7.jpg,0,0,0,0,0
c14eabf41.jpg,1,0,0,0,1
cf06584db.jpg,1,0,0,0,1
c204673e4.jpg,0,0,1,0,1
71e2bb12a.jpg,0,0,1,0,1
d5a7bd3de.jpg,0,0,0,0,0
8e50a63bb.jpg,0,0,0,0,0
7ff662abf.jpg,0,0,0,0,0
f9db48c10.jpg,0,0,0,0,0
ebce68542.jpg,0,0,1,0,1
048d14d3f.jpg,0,0,1,0,1
bc3c8163e.jpg,0,0,1,0,1
203935b70.jpg,0,0,0,0,0
6e3f85bb9.jpg,0,0,1,0,1
1a9c38991.jpg,1,0,0,0,1
1be84c6a7.jpg,0,0,1,0,1
69053f274.jpg,0,0,0,0,0
7604be5f3.jpg,0,0,1,0,1
dac8a53f7.jpg,0,0,0,0,0
cc02b6f5a.jpg,1,0,0,0,1
ed8d0e78c.jpg,0,0,1,0,1
8568c875c.jpg,0,0,0,0,0
7ea03b257.jpg,0,0,0,1,1
b9def70a3.jpg,0,0,0,0,0
d7b55e108.jpg,0,0,0,0,0
16f619f33.jpg,0,0,0,0,0
6f42c704a.jpg,0,0,0,0,0
eb5d79866.jpg,0,0,1,1,1
4aa45169c.jpg,0,0,0,0,0
07611b0a1.jpg,0,0,0,0,0
d6de5f24f.jpg,0,0,0,0,0
1e896dda7.jpg,0,0,0,0,0
21b335784.jpg,0,0,1,0,1
37f4e9602.jpg,0,0,1,0,1
689af3e16.jpg,0,0,1,0,1
70645d70a.jpg,0,0,0,0,0
ebfe6e61d.jpg,0,0,0,0,0
f675eb92e.jpg,0,0,0,0,0
13e1de19b.jpg,0,0,0,0,0
85be23fbf.jpg,0,0,0,0,0
3977fffae.jpg,0,0,0,0,0
e22c8bee8.jpg,0,0,0,0,0
7998298c2.jpg,1,0,0,0,1
74c8a2d5a.jpg,0,0,0,0,0
778f81d4a.jpg,0,0,0,0,0
5b1628412.jpg,0,0,0,0,0
0f3528f69.jpg,0,0,0,0,0
2f62ab26c.jpg,0,0,0,0,0
3d63dd538.jpg,0,0,0,0,0
dbd727558.jpg,0,0,0,0,0
4dd35625f.jpg,0,0,1,0,1
6818b1f86.jpg,0,0,0,0,0
7f577c471.jpg,1,0,0,0,1
9846785ee.jpg,0,0,1,0,1
12c03a410.jpg,0,0,0,0,0
59664a874.jpg,0,0,0,0,0
98017b765.jpg,0,0,1,0,1
5da78dca1.jpg,0,0,1,0,1
eb18f69ed.jpg,0,0,1,0,1
1e5f88c2c.jpg,0,0,0,0,0
1afbf2cc3.jpg,0,0,0,0,0
759b68ebd.jpg,0,0,1,0,1
689768b30.jpg,0,0,1,0,1
c8c0e5b9d.jpg,0,0,1,0,1
e4e9700de.jpg,0,0,0,1,1
27f0f986f.jpg,0,0,0,0,0
f0b2483fa.jpg,0,0,0,0,0
0d13c2a23.jpg,1,0,0,0,1
4fe40fc03.jpg,0,0,0,0,0
af807ce02.jpg,0,0,1,0,1
80ec6ed97.jpg,0,0,0,0,0
cdc029021.jpg,0,0,0,0,0
3e185a3fe.jpg,0,0,1,0,1
0b15dd467.jpg,0,0,0,0,0
309488202.jpg,1,0,0,0,1
2e8f2ddb8.jpg,0,0,1,0,1
3160151fd.jpg,0,0,0,0,0
bfb064127.jpg,0,0,1,0,1
6b7e04658.jpg,0,0,1,0,1
2fa3a9f3e.jpg,0,0,1,0,1
f634eed36.jpg,0,0,0,0,0
42935bb3a.jpg,1,0,0,0,1
3d25c4bad.jpg,0,0,1,0,1
5b0413b89.jpg,0,0,1,0,1
600dcf318.jpg,0,0,0,0,0
6af49356c.jpg,0,0,0,0,0
cc9c8cb56.jpg,0,0,0,0,0
6c88c5714.jpg,0,0,0,0,0
2e35ebe13.jpg,0,0,1,0,1
5b5ad8482.jpg,0,0,1,0,1
5227a284c.jpg,0,0,0,0,0
0ed2b54f1.jpg,0,0,0,0,0
9804396ef.jpg,0,0,1,0,1
515f9551b.jpg,0,0,0,0,0
7095ad89d.jpg,0,0,0,1,1
6c9efa832.jpg,0,0,0,0,0
9c7d10c89.jpg,0,0,1,0,1
c6ef2006c.jpg,0,0,0,0,0
9a8c769b4.jpg,0,0,1,0,1
b37a57736.jpg,0,0,1,0,1
9385c4719.jpg,0,0,0,0,0
9932d3827.jpg,0,0,0,0,0
94b8f7a17.jpg,0,0,0,0,0
cf938dcaa.jpg,0,0,0,0,0
d30ad2e83.jpg,1,0,0,0,1
9fcfa539e.jpg,0,0,0,0,0
89b4f62f1.jpg,0,0,1,0,1
6e4a1d647.jpg,1,0,0,0,1
777d02fde.jpg,0,0,0,0,0
5bc5b180b.jpg,0,0,0,0,0
713f8ef91.jpg,0,0,1,0,1
f9da1e38a.jpg,0,0,0,0,0
88646d398.jpg,0,0,1,0,1
24d88228f.jpg,0,0,1,0,1
8366824fe.jpg,0,0,0,1,1
2f81193e3.jpg,0,0,1,0,1
f046dc5fa.jpg,0,0,0,0,0
738850f07.jpg,0,0,1,0,1
61a58bcc6.jpg,0,0,0,0,0
bf49c40f4.jpg,0,0,1,0,1
0bef9d940.jpg,0,0,0,0,0
841984e0c.jpg,0,0,0,0,0
16a50624d.jpg,0,0,0,1,1
908bebc17.jpg,0,0,0,0,0
2c8a82986.jpg,0,0,0,0,0
44c7ae7bc.jpg,0,0,0,0,0
4072c3bb5.jpg,0,0,1,0,1
6149dc4ee.jpg,1,0,1,0,1
b35d94e9c.jpg,0,0,0,0,0
cf1152c44.jpg,0,0,1,0,1
b9b5cb6f5.jpg,1,0,0,0,1
7a7282702.jpg,1,0,0,0,1
5baeac055.jpg,0,0,1,0,1
003ac9d2a.jpg,0,0,0,0,0
f3a9b7ad1.jpg,1,0,1,0,1
52be91fda.jpg,0,0,1,0,1
f777798f2.jpg,0,0,0,0,0
9d8369659.jpg,0,0,1,0,1
6e8878a30.jpg,0,0,1,0,1
561da28b1.jpg,0,0,0,0,0
412061b78.jpg,0,0,0,0,0
5c2495c58.jpg,0,0,0,0,0
682271cbc.jpg,0,0,1,0,1
9d1e2defb.jpg,0,0,1,0,1
68ebc581e.jpg,0,0,1,0,1
2fcd2c351.jpg,0,0,0,0,0
954fe7dcf.jpg,0,0,0,0,0
fc37492b6.jpg,0,0,0,0,0
841c364ec.jpg,0,0,1,0,1
7acead167.jpg,0,0,0,0,0
669dbcc19.jpg,0,0,1,0,1
72df2d40d.jpg,0,0,1,0,1
37e20749d.jpg,0,0,0,0,0
bf9fbfaf7.jpg,0,0,0,0,0
4e7ba4854.jpg,0,0,1,0,1
9172281a1.jpg,0,0,0,0,0
0fd171923.jpg,0,0,1,0,1
0cefc1f4f.jpg,0,0,1,0,1
a71e53574.jpg,0,0,1,0,1
da5d7e692.jpg,0,0,0,0,0
3887e646f.jpg,0,0,0,0,0
8e75db0a0.jpg,0,0,0,0,0
e7c8bb535.jpg,0,0,0,0,0
adfc5f0e0.jpg,0,0,1,0,1
2527831fa.jpg,0,0,1,0,1
6a5ae043c.jpg,0,0,0,0,0
ac97767a7.jpg,0,0,1,0,1
005dbf0e0.jpg,0,0,0,0,0
2d26b9dda.jpg,1,0,0,0,1
5cc9018f0.jpg,0,0,1,0,1
f98a8ae54.jpg,1,0,0,0,1
3fe32ff2f.jpg,0,1,0,0,1
a129732b2.jpg,0,0,1,0,1
6db2856e8.jpg,0,0,0,0,0
e6c0fca2a.jpg,0,0,0,0,0
15f8fd390.jpg,0,0,1,0,1
56da18173.jpg,0,0,1,0,1
51938ecf0.jpg,0,0,1,0,1
4ea0f4710.jpg,0,0,0,1,1
d96428a9e.jpg,0,0,1,0,1
8f8104c9c.jpg,0,0,0,1,1
661fcb87e.jpg,0,0,1,0,1
7827a1157.jpg,0,0,1,0,1
6592d059e.jpg,0,0,0,0,0
1a8440db2.jpg,1,0,0,0,1
61bc906d9.jpg,0,0,1,0,1
fd02408b4.jpg,0,0,0,0,0
57cb45ba8.jpg,0,0,1,0,1
e33294689.jpg,0,0,0,0,0
732d33c3a.jpg,0,0,0,0,0
2384602d3.jpg,0,0,0,0,0
1287339e5.jpg,0,0,1,0,1
4cf6612c8.jpg,0,0,0,0,0
4d8fac53d.jpg,0,0,0,0,0
49acef8b0.jpg,0,0,0,0,0
da57134fa.jpg,0,0,0,0,0
a687ef75e.jpg,0,0,0,0,0
d98664198.jpg,0,1,1,0,1
37df5752a.jpg,1,0,0,0,1
db1b35480.jpg,0,0,1,0,1
b33a903ac.jpg,0,0,0,0,0
33cba45f1.jpg,0,0,0,0,0
1ee38e570.jpg,0,0,1,0,1
5b5543800.jpg,0,0,0,1,1
a9f5f9806.jpg,0,0,1,0,1
4941491de.jpg,0,0,1,0,1
bfd7ecfe9.jpg,0,0,1,0,1
533261093.jpg,0,0,0,0,0
dfd0385e1.jpg,0,0,0,0,0
2933c4fbc.jpg,0,0,0,0,0
af940d1ae.jpg,0,0,0,0,0
66fb37513.jpg,0,0,0,0,0
3dccdd6a0.jpg,0,0,0,0,0
2f396fbee.jpg,0,0,0,0,0
596ab1a7f.jpg,0,0,0,0,0
7c764812d.jpg,1,0,1,0,1
45212b455.jpg,0,0,1,0,1
f4495532f.jpg,0,0,0,1,1
3cafcfd96.jpg,0,0,1,0,1
2719e3b47.jpg,0,0,1,0,1
be13b4853.jpg,0,0,1,0,1
62390e1f1.jpg,0,0,0,0,0
3bda81a0b.jpg,0,0,0,0,0
8ebc9cadc.jpg,0,0,1,0,1
9612cf3ee.jpg,0,0,1,0,1
41e79c2f4.jpg,0,0,1,0,1
8adfbc19f.jpg,0,0,0,0,0
cfed66579.jpg,0,0,1,0,1
43746d404.jpg,0,0,1,0,1
6b7ea4c13.jpg,0,0,1,0,1
8ed3c433b.jpg,0,0,1,0,1
7e7204700.jpg,0,0,0,0,0
10e429bfc.jpg,0,0,1,0,1
716a00d8e.jpg,0,0,0,0,0
58d6e5853.jpg,0,0,0,0,0
6f242c68c.jpg,0,0,0,0,0
733e36f26.jpg,0,0,1,0,1
7b9105470.jpg,0,0,0,0,0
3622e19a4.jpg,0,0,0,0,0
d47dfa0e4.jpg,0,0,1,0,1
e2abceace.jpg,0,0,1,0,1
620568126.jpg,0,0,1,0,1
e7ca69c59.jpg,0,0,0,0,0
b6c0a38e9.jpg,0,0,1,0,1
337cd6723.jpg,0,0,0,0,0
bd70c4b99.jpg,0,0,1,0,1
2fd206b23.jpg,0,0,0,0,0
9ad4e14ae.jpg,0,0,1,0,1
a664d8138.jpg,0,0,1,0,1
f03379160.jpg,1,0,0,0,1
0b2d14bfd.jpg,0,0,0,0,0
40889ddf9.jpg,0,0,1,0,1
0141c9bf3.jpg,0,0,1,0,1
0eb737bd5.jpg,0,0,0,0,0
315767421.jpg,0,0,0,0,0
ef24240a0.jpg,0,0,1,0,1
e616ad745.jpg,0,0,1,0,1
521f4df19.jpg,0,0,1,0,1
e8a04b4f8.jpg,0,0,1,0,1
22255a58e.jpg,0,0,0,0,0
b79c520bb.jpg,0,0,0,0,0
687cd2813.jpg,0,0,0,0,0
0ff538004.jpg,0,0,1,0,1
9772f9a2c.jpg,0,0,1,0,1
4ebb6d63a.jpg,0,0,0,0,0
92565d0e6.jpg,0,0,0,0,0
9db428c2d.jpg,0,0,0,0,0
519e11f0b.jpg,0,0,1,1,1
7dcd46899.jpg,0,1,0,0,1
2907229bf.jpg,0,0,0,0,0
0a21ce787.jpg,0,0,1,0,1
9ae440fd0.jpg,0,0,1,0,1
342a65f7b.jpg,0,0,1,1,1
1ab7b5ed2.jpg,0,0,1,0,1
4ec0d49df.jpg,0,0,1,0,1
34c77b57a.jpg,0,0,0,0,0
e4f959925.jpg,0,0,0,0,0
7cf4f552c.jpg,0,0,1,0,1
f60cdbdcf.jpg,0,0,0,0,0
a8a69d47e.jpg,0,0,0,0,0
f3b2ffe61.jpg,0,0,0,0,0
ea2f3714a.jpg,0,0,0,0,0
9b09b2a38.jpg,0,1,0,0,1
50f069727.jpg,0,0,0,0,0
88254037e.jpg,0,0,0,0,0
215edd511.jpg,0,1,0,0,1
ab6530468.jpg,0,0,1,0,1
3b657666a.jpg,0,0,0,0,0
65eb8d35d.jpg,0,0,0,0,0
484439824.jpg,0,0,1,0,1
bd3e08bae.jpg,0,0,0,0,0
d50c2bbae.jpg,0,0,0,0,0
c17607edb.jpg,0,0,0,0,0
315405789.jpg,0,0,0,1,1
eef10580b.jpg,0,0,1,0,1
fac9867d0.jpg,0,0,0,0,0
d9145f0fb.jpg,0,0,1,0,1
7e79e75ca.jpg,0,0,0,0,0
51f9ccdd2.jpg,0,0,1,0,1
aecfe5ad8.jpg,0,0,0,0,0
0d22c1559.jpg,0,0,1,0,1
3a98df6da.jpg,0,0,0,0,0
c167117c8.jpg,0,0,1,0,1
1b955ad28.jpg,0,0,1,0,1
0ea151b2f.jpg,0,0,1,0,1
023a21cf2.jpg,0,0,0,0,0
8425b5187.jpg,0,0,0,0,0
e9463eb04.jpg,0,0,1,0,1
de1ca5185.jpg,0,0,0,0,0
7c016d59f.jpg,0,0,0,0,0
b059badb4.jpg,0,0,0,0,0
de964f1e4.jpg,0,0,1,0,1
6382e222f.jpg,0,0,0,0,0
c3d462329.jpg,0,0,0,0,0
af17634f8.jpg,0,0,0,0,0
c3528b146.jpg,0,0,0,0,0
f7916450e.jpg,1,0,0,0,1
75173c73a.jpg,0,0,0,0,0
e16b7d494.jpg,0,0,0,1,1
be10893b2.jpg,0,0,0,0,0
265c5dac3.jpg,0,0,0,0,0
981a45fda.jpg,0,0,0,0,0
b110ca8c2.jpg,0,0,1,0,1
f2675f133.jpg,0,0,0,0,0
6fabaf589.jpg,0,0,1,0,1
86c678c32.jpg,0,0,1,0,1
53f2e3c44.jpg,0,1,0,0,1
5489138ba.jpg,0,0,0,0,0
c646462b5.jpg,0,0,1,1,1
52b379913.jpg,0,0,0,0,0
8f7032bd2.jpg,0,0,1,0,1
9efbc9bb6.jpg,0,0,1,0,1
c42076330.jpg,0,0,1,0,1
8dce4f71f.jpg,0,0,1,0,1
64fc246e7.jpg,0,0,1,0,1
5463b35d3.jpg,0,0,0,0,0
5c876d114.jpg,0,0,1,0,1
29334d3ea.jpg,0,0,0,0,0
88b8b20dd.jpg,0,0,0,0,0
9916058df.jpg,0,0,0,0,0
bbe88f4c8.jpg,0,0,0,0,0
111ea31b8.jpg,0,0,0,0,0
26f6f4c72.jpg,0,0,1,0,1
c3d7412a0.jpg,0,0,1,0,1
aa2db8e29.jpg,0,0,1,0,1
a0c6fd992.jpg,0,0,1,0,1
c57607580.jpg,0,0,1,0,1
eb8fe7e47.jpg,0,0,1,0,1
fdcaa4692.jpg,0,0,1,0,1
e06eb8f50.jpg,0,0,0,0,0
554ee47b6.jpg,0,0,1,0,1
f503725aa.jpg,0,0,0,0,0
b5d9dfe6d.jpg,0,0,1,0,1
b008ebddf.jpg,0,0,0,0,0
5aa1c319d.jpg,0,0,1,0,1
16cf961d6.jpg,1,0,0,0,1
82171ab4a.jpg,0,0,0,0,0
64782db0a.jpg,1,0,0,0,1
24fdedc37.jpg,0,0,0,1,1
238d6df92.jpg,0,0,1,0,1
6603e9f89.jpg,0,0,0,1,1
5e99fe1cd.jpg,0,0,0,0,0
eef6ec80a.jpg,0,0,1,0,1
0a5a82b86.jpg,0,0,0,0,0
dcd1ff127.jpg,0,0,0,1,1
dc4900cb3.jpg,0,0,0,0,0
999497bb8.jpg,0,0,1,0,1
04072b39a.jpg,0,0,1,0,1
87f0ecf9f.jpg,0,0,0,0,0
a41e950ce.jpg,1,0,0,0,1
ce02060b9.jpg,0,0,0,1,1
f3c12bd05.jpg,0,0,0,0,0
8dc0f0966.jpg,0,0,1,0,1
f2ff5cfd7.jpg,0,0,1,0,1
0ebb34d89.jpg,0,0,1,0,1
58e63b56e.jpg,0,0,1,0,1
757aa3828.jpg,0,0,1,0,1
3d559892c.jpg,0,0,1,0,1
621ba04b6.jpg,0,0,0,0,0
21ea71d4a.jpg,0,0,1,0,1
8b4af5900.jpg,0,0,1,0,1
baca6503a.jpg,0,0,0,1,1
ec5abc2f0.jpg,0,0,1,0,1
31ef144f8.jpg,0,0,0,0,0
6e4a7cca6.jpg,1,0,0,0,1
cd64c39a7.jpg,1,0,0,0,1
77a545147.jpg,0,0,1,0,1
59e3cf08c.jpg,0,0,0,0,0
a8ca5b17d.jpg,0,0,0,0,0
1fed233e0.jpg,1,0,0,0,1
97e10407d.jpg,0,0,1,0,1
4638d6124.jpg,0,0,0,0,0
79ccb5e88.jpg,0,0,1,0,1
84694fac9.jpg,0,0,0,0,0
79307aa18.jpg,0,0,1,0,1
cff20dde9.jpg,0,0,1,0,1
76606ed44.jpg,0,0,0,0,0
8fbd70ddf.jpg,0,0,1,0,1
b68c2531c.jpg,0,0,1,0,1
535f1aa8d.jpg,0,0,0,0,0
42378d868.jpg,0,0,0,0,0
e5f9a5bb9.jpg,0,0,1,1,1
00762aa3b.jpg,0,0,0,0,0
30c53cda7.jpg,0,0,0,0,0
108ea689b.jpg,0,0,1,0,1
9f054c54f.jpg,1,0,0,0,1
1cd446dc7.jpg,0,0,0,0,0
646a4e69a.jpg,0,0,1,0,1
7fc7bab6b.jpg,0,0,1,0,1
b93f5fdc0.jpg,0,0,1,0,1
6dbd47d4f.jpg,0,0,1,0,1
47c24f230.jpg,1,0,0,0,1
6ff8d1e9c.jpg,0,0,1,0,1
9fdb4a6aa.jpg,0,0,0,0,0
8d5fd264c.jpg,0,0,1,0,1
e04f5c163.jpg,0,0,1,0,1
defee8509.jpg,0,0,1,0,1
295e39efa.jpg,0,0,0,0,0
6f0b6b59d.jpg,0,0,0,0,0
b52933f82.jpg,0,0,1,0,1
20964a4f0.jpg,0,0,1,1,1
0d4eae8de.jpg,0,0,0,1,1
592e75073.jpg,0,0,0,0,0
ac15719f1.jpg,0,0,1,0,1
efe5694bf.jpg,0,1,0,0,1
9e9c6cd05.jpg,0,0,0,0,0
ee346cc79.jpg,0,0,1,0,1
84232105a.jpg,0,0,0,1,1
45878314e.jpg,0,0,0,0,0
7527e260f.jpg,0,0,0,0,0
18aa8af7c.jpg,0,0,1,0,1
83e65d90e.jpg,0,0,1,0,1
5af025ad7.jpg,0,0,0,1,1
14b5ab5a6.jpg,0,0,0,0,0
ec90adfcb.jpg,0,0,0,0,0
7471614be.jpg,0,0,0,0,0
fcd874407.jpg,0,0,1,0,1
5e228bd48.jpg,0,0,0,0,0
1ecfcc78b.jpg,0,0,0,0,0
bd6298d4f.jpg,0,0,1,0,1
313b9ba80.jpg,1,0,0,0,1
b7df222b1.jpg,0,0,1,0,1
eaebc549c.jpg,0,0,1,0,1
b5ad8fb0f.jpg,0,0,0,0,0
1fc012f23.jpg,0,0,1,1,1
478d8265d.jpg,0,0,0,0,0
cd042da54.jpg,0,0,0,0,0
d8d7851ee.jpg,0,0,0,0,0
6b2a60dba.jpg,0,0,0,0,0
b107bf5bd.jpg,0,0,1,0,1
e1295bfa5.jpg,0,0,0,0,0
576910e29.jpg,0,0,1,1,1
068c6c4a9.jpg,0,1,0,0,1
9fa18df3e.jpg,0,0,0,0,0
4c2bd254d.jpg,0,0,1,0,1
77dcba76f.jpg,0,0,0,0,0
dabbc106c.jpg,0,0,0,1,1
cd38fd93a.jpg,0,0,0,0,0
c6c4d6ba7.jpg,0,0,0,0,0
a8b171a05.jpg,0,0,0,0,0
3f2a7867c.jpg,0,0,1,0,1
e622e319f.jpg,0,0,1,0,1
e90e3e9e3.jpg,0,0,1,0,1
3d40be6af.jpg,0,0,1,0,1
d0a4de7c8.jpg,0,0,1,0,1
a922edcb6.jpg,0,0,1,0,1
ffb48ee43.jpg,0,0,1,0,1
7232c2ceb.jpg,0,0,1,0,1
b3bf49ca1.jpg,0,0,1,0,1
f6a0c323a.jpg,0,0,0,0,0
b3b742102.jpg,0,0,1,0,1
b6a257b28.jpg,0,1,0,0,1
1fd4cb300.jpg,0,0,0,0,0
8645f73f1.jpg,0,0,1,0,1
f14cec989.jpg,0,0,1,0,1
316cafa11.jpg,0,0,0,0,0
31433d3b4.jpg,0,0,0,1,1
8e56a6400.jpg,0,0,0,0,0
7045dfb19.jpg,0,0,0,0,0
8bd35f020.jpg,0,0,1,0,1
cbb495392.jpg,0,0,0,0,0
441cb4bcf.jpg,0,0,0,0,0
f10768627.jpg,1,0,1,0,1
0a4ef8ee7.jpg,0,0,0,0,0
91649dea7.jpg,0,0,1,0,1
447d8ce19.jpg,0,0,1,0,1
5e658dfcb.jpg,0,0,0,0,0
d23a1bdc9.jpg,0,0,1,0,1
e3988634c.jpg,0,0,1,0,1
91acd9d7a.jpg,0,0,0,0,0
d89d52e53.jpg,1,0,0,0,1
8e6f1eb4f.jpg,0,0,1,0,1
ce7dd1fac.jpg,0,0,0,0,0
18bacf0e3.jpg,0,0,1,0,1
d407563d4.jpg,0,0,1,0,1
085f71134.jpg,0,0,0,0,0
ff73c8e76.jpg,0,0,0,0,0
1f93c38d7.jpg,0,0,0,0,0
243685594.jpg,0,0,0,0,0
0dcfc9c19.jpg,0,0,0,0,0
0f9a12222.jpg,1,0,0,0,1
286d2eb1c.jpg,0,0,1,0,1
87a285597.jpg,0,0,0,0,0
a835a0e50.jpg,0,0,1,0,1
4e5b28887.jpg,0,0,1,0,1
ecdebc6ad.jpg,0,0,1,0,1
19ab4c335.jpg,0,0,1,1,1
a080c7611.jpg,0,0,0,0,0
dc0c6c0de.jpg,0,0,1,0,1
69403726e.jpg,0,0,1,0,1
34796245f.jpg,0,0,0,0,0
5b66c8d1f.jpg,0,0,1,0,1
bbf8b7ad8.jpg,0,0,1,0,1
c60002bcd.jpg,0,0,1,0,1
397bdbbf6.jpg,0,0,1,0,1
a5092043e.jpg,0,0,1,0,1
1195bebaf.jpg,0,0,0,0,0
a3c477831.jpg,0,0,0,1,1
9a6ac5406.jpg,0,0,0,0,0
31450f104.jpg,0,0,0,0,0
2866cf8b6.jpg,0,0,0,0,0
6afbf77ec.jpg,0,0,1,0,1
fb7812d7c.jpg,0,0,0,0,0
de3037e2a.jpg,0,0,0,0,0
7bde96c82.jpg,0,0,1,0,1
c66591b5f.jpg,0,0,0,0,0
f5a4016bb.jpg,0,0,1,0,1
c811d489f.jpg,0,0,1,0,1
974b07e79.jpg,0,0,1,0,1
e31906f91.jpg,0,0,0,0,0
df4b00e66.jpg,0,0,0,0,0
76aba363e.jpg,0,0,1,0,1
83c2e79d1.jpg,0,0,1,0,1
481ddca2b.jpg,0,0,0,0,0
f37f07255.jpg,0,0,0,0,0
3328c4bf9.jpg,0,0,1,0,1
76504fdc1.jpg,0,0,0,0,0
848a1b795.jpg,0,0,1,0,1
b045a0df2.jpg,0,0,0,1,1
d35fb7129.jpg,1,0,0,0,1
0b1e5a7a5.jpg,0,1,0,0,1
092145f0c.jpg,0,0,1,0,1
d963739c3.jpg,0,0,0,0,0
1636d2e36.jpg,0,0,0,0,0
92079664c.jpg,0,0,0,0,0
2eeed5102.jpg,1,0,0,0,1
2d8e8e789.jpg,0,0,1,0,1
36a689ebf.jpg,0,0,1,0,1
887e72cb4.jpg,0,0,1,0,1
8dbe6a9d8.jpg,0,0,1,0,1
d2e68511e.jpg,0,0,0,0,0
86ffabc49.jpg,0,0,0,1,1
3a8d0b7ba.jpg,1,0,0,0,1
9bfa8c569.jpg,0,0,0,0,0
7bc5a99d5.jpg,0,0,0,0,0
2c56741a3.jpg,0,0,1,0,1
a3110d7db.jpg,0,0,0,0,0
ba4ac3636.jpg,0,0,1,1,1
cf85856f2.jpg,0,0,0,0,0
97192a78b.jpg,0,0,1,0,1
afc4ca4f0.jpg,0,0,1,0,1
50308589f.jpg,0,0,0,0,0
ac9cc4f1b.jpg,0,0,0,0,0
632afd007.jpg,0,0,0,0,0
1875c660c.jpg,0,0,0,0,0
2a9e93a87.jpg,1,0,0,0,1
07c8c77a3.jpg,0,0,1,0,1
57d157679.jpg,0,0,1,0,1
698cfb297.jpg,0,0,0,0,0
74fd247fc.jpg,0,0,0,1,1
9cbbc9472.jpg,0,0,0,0,0
d96c0e264.jpg,0,0,0,1,1
18c3cb344.jpg,0,0,0,0,0
47a629526.jpg,0,0,1,1,1
83886dd5d.jpg,0,0,0,0,0
e22b027ee.jpg,0,0,1,0,1
981943659.jpg,0,0,0,0,0
00f95222c.jpg,0,0,0,0,0
3a66177ea.jpg,0,0,1,0,1
6430ea237.jpg,1,0,1,0,1
a135808ff.jpg,0,0,1,0,1
c084838d5.jpg,0,0,0,1,1
7bb25cc94.jpg,1,0,0,0,1
daf2897e4.jpg,0,0,1,0,1
0d224e852.jpg,0,0,1,0,1
b7f1c1eea.jpg,0,0,0,0,0
f99b7c8aa.jpg,0,0,1,0,1
b228e91a7.jpg,0,0,1,0,1
de50ea03d.jpg,0,0,0,0,0
4b5490a9f.jpg,1,0,0,0,1
0fb0a9555.jpg,0,0,0,0,0
3ad134b40.jpg,1,1,0,0,1
dbe808a3d.jpg,0,0,0,0,0
50d92eec1.jpg,0,0,0,0,0
82bd1670a.jpg,0,0,0,0,0
dbe3f3192.jpg,0,0,1,0,1
1cf3a123f.jpg,0,0,0,0,0
451335c9e.jpg,0,0,0,0,0
38a8d41da.jpg,0,0,0,0,0
4309cec5f.jpg,0,0,0,0,0
fcf5cf8e2.jpg,0,0,1,0,1
a1f5481df.jpg,0,0,1,0,1
5bcc61d96.jpg,0,0,1,0,1
e9e65d5f1.jpg,0,0,0,0,0
76094e200.jpg,0,0,1,0,1
a37e8f7f5.jpg,0,0,0,0,0
5e3f90ef0.jpg,0,0,0,0,0
f23288425.jpg,0,0,1,0,1
45c983e84.jpg,0,0,1,0,1
c98f15480.jpg,0,0,0,0,0
ac30b2306.jpg,0,0,0,0,0
9bd8189cb.jpg,0,0,0,0,0
2f7334d6f.jpg,0,0,1,0,1
9856bebc1.jpg,0,0,0,0,0
b2ad335bf.jpg,0,0,1,0,1
e8748c3e9.jpg,0,0,0,0,0
c804959b3.jpg,0,0,1,0,1
9c3c1d8a6.jpg,0,0,0,0,0
e00ad65a3.jpg,0,0,0,0,0
40b68e3bb.jpg,0,0,1,0,1
59e4baab6.jpg,0,0,1,0,1
53b273e7a.jpg,0,0,0,0,0
27b7ce725.jpg,0,0,1,0,1
def2e3f57.jpg,0,0,1,0,1
34d5479f3.jpg,0,0,1,0,1
e63aa9aaa.jpg,0,0,1,0,1
f72f8467b.jpg,0,0,0,0,0
6a15b9733.jpg,0,0,0,1,1
213eae951.jpg,0,0,0,0,0
15e25d808.jpg,0,0,0,0,0
7f4bbb940.jpg,1,0,0,0,1
62638f27a.jpg,0,0,0,0,0
68d96eaa7.jpg,0,0,0,0,0
776b6ae61.jpg,0,0,0,0,0
621c5bfe5.jpg,0,0,0,1,1
1e3328de6.jpg,0,0,0,0,0
98c72ec09.jpg,0,0,0,0,0
7749df027.jpg,1,0,0,0,1
bdae09f43.jpg,0,0,0,0,0
737777e98.jpg,0,0,0,0,0
230ce1940.jpg,0,0,0,0,0
24e3826ff.jpg,0,0,1,0,1
8de366fb3.jpg,0,0,1,0,1
dbf8177c1.jpg,0,0,0,1,1
b9b3b12aa.jpg,0,1,0,0,1
d57873aaa.jpg,0,0,1,1,1
b4862994a.jpg,0,0,0,0,0
34fb31821.jpg,0,0,0,0,0
ab4fab99e.jpg,0,0,0,1,1
f0dc068a8.jpg,0,0,1,0,1
5cd2a9b53.jpg,0,0,0,0,0
333832839.jpg,0,0,1,0,1
2cd7c2a1c.jpg,0,0,0,0,0
8f499b94d.jpg,0,0,0,0,0
7cf7e0fa6.jpg,0,0,1,0,1
f0344b3ad.jpg,0,0,0,0,0
8c2a5c8f7.jpg,0,0,1,0,1
4220ef6ea.jpg,0,0,0,0,0
dce70d399.jpg,1,0,0,0,1
09323504a.jpg,0,0,1,0,1
c1601bb3b.jpg,0,0,0,0,0
e07f3eb4b.jpg,0,0,1,0,1
62b81735c.jpg,0,0,1,1,1
acfbc40a2.jpg,0,0,0,0,0
a78f72e04.jpg,0,0,1,0,1
b687a4580.jpg,0,0,0,0,0
8f0dcad21.jpg,0,0,1,0,1
2acd6db1e.jpg,0,0,0,0,0
06e55cb16.jpg,0,0,1,0,1
3bbc6a08c.jpg,0,0,0,0,0
b612e5812.jpg,0,0,0,1,1
3bd7705a9.jpg,0,0,0,0,0
73e1969d4.jpg,0,0,0,1,1
f8981ac65.jpg,0,0,0,0,0
fbd219354.jpg,0,0,1,0,1
ddce2a301.jpg,0,0,1,0,1
d3d2df811.jpg,0,0,1,0,1
aeadf8fde.jpg,0,0,1,0,1
5f459aeb3.jpg,0,0,0,1,1
cbd81d5c5.jpg,0,0,0,0,0
765876b94.jpg,0,0,1,0,1
aae9a3452.jpg,0,0,0,0,0
70a644cb3.jpg,0,0,1,0,1
fdb7c0397.jpg,0,0,1,1,1
8e01fb963.jpg,0,0,1,0,1
82f6ab6aa.jpg,1,0,0,0,1
83ba89ac3.jpg,0,0,1,1,1
b4482a765.jpg,0,0,0,0,0
b719010ac.jpg,0,0,1,0,1
a57369d47.jpg,0,0,1,0,1
016af13d0.jpg,0,0,1,0,1
98c0127d3.jpg,0,0,1,0,1
bd23fafce.jpg,0,0,0,0,0
2f8b63032.jpg,0,0,0,0,0
4b762b230.jpg,0,0,1,0,1
f84ae7a4b.jpg,0,0,1,0,1
0d9d2aa59.jpg,0,0,1,0,1
a52f36666.jpg,0,0,1,0,1
da42cc9c1.jpg,0,0,0,0,0
d652c9109.jpg,0,0,1,0,1
a4dc8cd6c.jpg,0,0,0,0,0
850058ea8.jpg,0,0,1,0,1
ea970bedf.jpg,0,0,1,0,1
5e6c70479.jpg,0,0,0,0,0
c267ba17c.jpg,0,0,0,0,0
70702e468.jpg,0,0,0,0,0
c543e902b.jpg,0,0,1,0,1
c89490346.jpg,0,0,1,0,1
975f12b62.jpg,0,0,1,0,1
117ddaa9f.jpg,0,0,1,0,1
fcc7c9c3c.jpg,0,0,0,0,0
e9c4686f0.jpg,0,0,1,0,1
5172a46ee.jpg,0,0,0,0,0
e30a322d7.jpg,0,0,1,1,1
f6565a40a.jpg,0,0,1,0,1
51d7bee0a.jpg,0,0,1,0,1
e11ed6a65.jpg,0,0,1,0,1
96f47ecaf.jpg,0,0,0,0,0
248660ca9.jpg,0,0,0,0,0
694a51dba.jpg,0,0,0,0,0
e1f08c59c.jpg,0,0,1,0,1
f06fbd0e7.jpg,0,0,1,0,1
40ab005e7.jpg,0,0,1,0,1
ebe0d614b.jpg,0,0,1,0,1
2907d9279.jpg,0,0,0,0,0
9c27c1365.jpg,1,0,0,0,1
01919944c.jpg,0,0,1,0,1
9fee0c63a.jpg,0,0,0,0,0
7a2908c51.jpg,0,0,1,0,1
465808594.jpg,0,0,1,0,1
9ab015391.jpg,0,0,0,0,0
93775b19c.jpg,0,0,1,0,1
70365a449.jpg,0,0,0,0,0
2176b94a5.jpg,0,0,1,0,1
b7e06286b.jpg,0,0,0,0,0
9bf97c980.jpg,0,0,1,0,1
ef7331888.jpg,0,0,0,0,0
d129fe51e.jpg,0,0,1,0,1
87ebb9d4f.jpg,0,0,1,0,1
a705ed228.jpg,0,0,0,0,0
b8b03dcfe.jpg,0,0,1,0,1
cec71df2a.jpg,0,0,0,0,0
774400958.jpg,0,0,1,0,1
578b43574.jpg,0,0,0,0,0
7b2257638.jpg,0,0,1,0,1
799a31455.jpg,0,0,0,0,0
9225b7290.jpg,0,0,0,0,0
132511b8b.jpg,0,0,0,1,1
a0155346d.jpg,0,0,1,0,1
92e699da4.jpg,0,0,1,1,1
64f0c5fe1.jpg,0,0,0,0,0
0bc0d715e.jpg,0,0,1,0,1
0b3a0fabe.jpg,0,0,0,0,0
9d9e8722f.jpg,0,0,0,0,0
b56726dee.jpg,0,0,0,0,0
685593407.jpg,0,0,1,0,1
34a5114d6.jpg,0,0,1,1,1
f49a67645.jpg,0,0,0,0,0
a42c54240.jpg,0,0,0,0,0
22b2206c8.jpg,0,0,0,0,0
e02ffc95b.jpg,0,0,1,0,1
83e2d9e33.jpg,0,0,0,0,0
3888ec2cd.jpg,1,0,0,0,1
ce6358d6f.jpg,0,0,0,0,0
5ad48b934.jpg,1,1,0,0,1
830ab6c11.jpg,0,0,1,0,1
85881e82e.jpg,0,0,0,0,0
d8f5a6706.jpg,0,0,1,1,1
e868908d6.jpg,0,0,1,0,1
dc7c4b465.jpg,0,0,0,0,0
55df6fcdb.jpg,0,0,1,0,1
d0a956f92.jpg,1,0,1,0,1
53fa72f86.jpg,0,0,1,0,1
844a48ae2.jpg,0,0,1,0,1
8561d4265.jpg,0,0,0,0,0
0473a80ee.jpg,0,0,0,0,0
ef8ba30c0.jpg,0,0,1,1,1
be6a4a1d1.jpg,0,0,0,0,0
ab16f0e09.jpg,1,0,0,0,1
4e8ead4b3.jpg,0,0,0,0,0
df5fa0c40.jpg,0,0,0,0,0
b40abdab2.jpg,0,0,1,0,1
92dce921f.jpg,0,0,0,0,0
e5b65b5ec.jpg,0,0,1,0,1
05a2c2eb0.jpg,0,0,0,0,0
cac7e2298.jpg,0,0,0,0,0
875bf7f2e.jpg,0,0,0,0,0
a3a47b0f8.jpg,0,0,0,0,0
4a4bb688a.jpg,0,0,0,0,0
1f1426f32.jpg,0,0,1,0,1
0c6b1cfeb.jpg,0,0,0,0,0
f00c6d4b2.jpg,0,0,0,0,0
2a698fced.jpg,0,0,0,0,0
ecb3a4be6.jpg,0,0,1,0,1
76a3506de.jpg,0,0,0,0,0
374d9c63f.jpg,0,0,0,1,1
d442be7a6.jpg,0,0,0,0,0
31262e8f9.jpg,0,0,1,0,1
30ba0b89a.jpg,0,0,1,0,1
ce58cf8e1.jpg,0,0,1,0,1
3520eaa6d.jpg,0,0,1,0,1
ea8acd661.jpg,0,0,1,0,1
adaa22413.jpg,0,0,0,0,0
941e9a9d6.jpg,1,0,0,0,1
ae86464c0.jpg,0,0,0,0,0
da2c63b68.jpg,0,0,0,0,0
33a63f8da.jpg,0,0,0,0,0
012d29df4.jpg,0,0,1,0,1
e89d1f0d8.jpg,0,0,1,0,1
fcded3d29.jpg,0,0,1,0,1
8b9681587.jpg,0,0,1,0,1
fd32f8ad3.jpg,1,0,0,0,1
1dbe980cc.jpg,0,0,0,0,0
87b5d669b.jpg,0,0,0,0,0
2530c41a1.jpg,0,0,0,0,0
7b52c0c6c.jpg,0,0,0,0,0
b2461e55e.jpg,0,0,1,0,1
4d4cb6e78.jpg,0,0,1,0,1
f78601072.jpg,0,0,0,0,0
da6fb7dc1.jpg,1,0,0,0,1
4af0f0204.jpg,0,0,1,0,1
6b665ad9f.jpg,0,0,0,0,0
38f4e6d5a.jpg,0,0,1,0,1
ea476b31f.jpg,0,0,1,0,1
d8f40c205.jpg,0,0,0,0,0
602bfaba5.jpg,0,0,0,1,1
2434f1395.jpg,0,0,1,0,1
abe8e7faf.jpg,0,0,1,0,1
eb1195bcc.jpg,0,0,0,1,1
5ca03f4fb.jpg,0,0,1,0,1
90b5b429a.jpg,1,0,0,0,1
5860f9e57.jpg,0,0,0,0,0
216630aec.jpg,0,0,0,0,0
48f6abec0.jpg,0,0,1,0,1
904584541.jpg,0,0,0,1,1
221f866cc.jpg,0,0,1,0,1
e122028b3.jpg,0,0,0,0,0
9beece43e.jpg,1,0,0,0,1
326d25e8c.jpg,0,0,1,0,1
300433e9c.jpg,0,0,0,0,0
d452dff24.jpg,0,0,0,0,0
3672ac3e3.jpg,0,0,0,0,0
990d967ad.jpg,0,0,1,0,1
088a6bb94.jpg,0,0,1,0,1
2c445e6a9.jpg,0,0,1,0,1
15f14781f.jpg,0,0,1,0,1
b64b9969e.jpg,0,0,1,1,1
64a9ec83c.jpg,0,0,0,0,0
c6a37a198.jpg,0,0,0,0,0
2c24736d5.jpg,0,0,1,0,1
6b226dec1.jpg,0,0,1,0,1
186ecdd0c.jpg,0,0,0,0,0
5f5a2e357.jpg,0,0,0,0,0
18af1ceb1.jpg,0,0,0,0,0
9d4b9f63c.jpg,0,0,0,1,1
1279bdb2d.jpg,0,0,0,0,0
a886bfcfc.jpg,1,0,0,0,1
078cb6932.jpg,0,0,0,0,0
4aca6c4a7.jpg,0,0,1,0,1
7f08f1369.jpg,0,0,0,0,0
29da75230.jpg,0,0,1,0,1
883ce8f4f.jpg,0,0,0,0,0
cdbc80c3d.jpg,1,0,1,0,1
6943e2d09.jpg,0,0,1,0,1
16fbb83d5.jpg,0,0,0,0,0
cb93f342e.jpg,0,0,1,1,1
9b4b832e8.jpg,0,0,0,0,0
c1f0252de.jpg,0,0,1,0,1
5613bb745.jpg,0,0,1,0,1
89a27ad96.jpg,0,0,0,0,0
90daee822.jpg,0,0,1,0,1
45993565a.jpg,0,0,1,0,1
81b4bf91a.jpg,0,0,1,0,1
71fc663a9.jpg,0,0,0,0,0
43198fdde.jpg,0,0,0,0,0
0c495b1c8.jpg,0,0,1,0,1
bf3431728.jpg,0,0,1,0,1
1dba99dc5.jpg,0,0,1,0,1
68666853c.jpg,0,0,0,0,0
9d7410696.jpg,0,0,0,0,0
a41d19162.jpg,0,0,0,0,0
b8be43898.jpg,0,0,1,0,1
732bd67ee.jpg,1,0,0,0,1
15f78ae69.jpg,0,0,0,0,0
e34f68168.jpg,0,0,1,0,1
91d9d473a.jpg,0,0,0,0,0
910127691.jpg,0,0,1,0,1
1fd758653.jpg,0,0,0,0,0
b5b6de778.jpg,1,0,0,0,1
afc26c2a0.jpg,0,0,1,0,1
1a1380e4f.jpg,0,0,0,0,0
5891749fb.jpg,1,0,0,0,1
9b6c6fea2.jpg,0,0,0,0,0
3feed5ab3.jpg,0,0,0,0,0
b06523fa7.jpg,0,0,0,0,0
20fe56d9e.jpg,0,0,0,0,0
1689be8c8.jpg,0,0,0,0,0
f799d498a.jpg,0,0,0,0,0
f6b7fc8e4.jpg,0,0,0,0,0
33a4b4335.jpg,0,0,1,0,1
9707626fa.jpg,0,0,0,0,0
61dff697f.jpg,0,0,1,0,1
e816d6d9a.jpg,1,0,0,0,1
a4e9ea485.jpg,0,0,0,0,0
427085ef4.jpg,0,0,1,0,1
5b9c9191b.jpg,0,0,0,0,0
2f390008f.jpg,0,0,1,0,1
dcd6231d8.jpg,0,0,0,0,0
49e401327.jpg,0,0,0,0,0
8e53eee1d.jpg,1,0,0,0,1
bb765d50c.jpg,1,0,1,0,1
2338ed2ae.jpg,0,0,0,0,0
4bfbe85ff.jpg,0,0,0,1,1
6100ef061.jpg,0,0,0,0,0
5eae1fad1.jpg,0,0,1,0,1
5665ada1b.jpg,0,0,1,1,1
dbe26ec70.jpg,0,0,0,0,0
82c24f149.jpg,0,0,0,0,0
7e6015fc5.jpg,0,0,1,0,1
73896c8ad.jpg,0,0,0,0,0
aee116071.jpg,0,0,1,0,1
d65ad4cfa.jpg,1,0,0,0,1
19402ed6b.jpg,0,0,0,0,0
50dbfb4ec.jpg,0,0,0,0,0
eb4225311.jpg,0,0,1,0,1
fa492c084.jpg,0,0,0,0,0
e7bfb9172.jpg,0,0,0,0,0
d80ccc3d8.jpg,0,0,0,0,0
b08712015.jpg,1,0,0,0,1
3bd3ed1d6.jpg,0,0,0,0,0
4c36590af.jpg,0,0,0,1,1
7d4269eeb.jpg,0,0,0,0,0
0fa3f0dab.jpg,0,0,1,0,1
8d74ea350.jpg,0,0,1,0,1
6bef89182.jpg,0,0,0,0,0
847c643da.jpg,0,0,0,0,0
dcfd9b8c4.jpg,0,0,1,0,1
5db20dd94.jpg,0,0,0,0,0
153b56c43.jpg,0,0,1,0,1
f8cdb7672.jpg,0,0,0,0,0
19d5d25a6.jpg,0,0,1,0,1
446c4efb5.jpg,0,0,1,0,1
539baaeda.jpg,0,0,1,0,1
2cdb702b8.jpg,0,0,0,0,0
903ba6c8b.jpg,0,0,0,0,0
09d84ff22.jpg,0,0,1,0,1
49416ce82.jpg,0,0,1,0,1
4d6cff7f8.jpg,0,0,1,0,1
a26432b80.jpg,0,0,0,0,0
ef3c774d4.jpg,0,0,1,0,1
8059001d1.jpg,0,0,0,0,0
e490e1b5b.jpg,0,0,0,0,0
98ac8a784.jpg,0,0,0,0,0
fbbd2ed0d.jpg,1,0,0,0,1
84e51db1c.jpg,0,0,1,1,1
07cbfd1f8.jpg,0,0,1,1,1
a0a34a07c.jpg,0,0,1,0,1
03098160c.jpg,0,0,0,0,0
b45c67a1f.jpg,1,0,0,0,1
3de1a29d8.jpg,0,0,1,0,1
b35ab5606.jpg,0,0,1,0,1
d3e44d1b4.jpg,0,0,1,0,1
3d65402c6.jpg,0,0,0,0,0
9082ff635.jpg,0,0,0,0,0
446860e27.jpg,0,0,0,0,0
facc4ddc7.jpg,0,0,1,0,1
8ceba5ea5.jpg,0,0,1,0,1
c98404d89.jpg,0,1,0,0,1
31d4bf60d.jpg,0,0,0,0,0
c75d53df5.jpg,0,0,0,0,0
1feaa8b3f.jpg,0,0,1,0,1
4f70ba311.jpg,0,0,1,0,1
37715d87e.jpg,0,0,0,0,0
a10c18895.jpg,0,0,1,0,1
62bae0f56.jpg,0,0,1,0,1
9c7a6cf21.jpg,0,0,1,0,1
554d5a941.jpg,0,0,1,0,1
7c42bd8b8.jpg,0,0,0,0,0
7dc860e41.jpg,0,0,0,0,0
c3fc438be.jpg,0,0,0,0,0
622851fbe.jpg,0,0,0,0,0
81e7fcead.jpg,0,0,0,0,0
5983e88bd.jpg,0,0,0,0,0
5b6d6b7ff.jpg,0,0,0,0,0
53f9c84f6.jpg,0,0,0,0,0
c9e0634d0.jpg,0,0,0,1,1
7da9335fd.jpg,0,0,0,0,0
75cef038b.jpg,0,0,0,0,0
1c96b0bbc.jpg,0,1,0,0,1
4f065758e.jpg,0,0,0,0,0
f836658ad.jpg,0,0,0,0,0
cc0bf97cf.jpg,0,0,1,0,1
e04f1f2a6.jpg,0,0,1,0,1
8f6f43755.jpg,0,0,0,0,0
52b3b763f.jpg,0,0,0,0,0
81891e821.jpg,0,0,1,0,1
37e15649e.jpg,0,0,0,0,0
e35a68f07.jpg,1,0,0,0,1
3df2a0383.jpg,1,1,0,0,1
809b70c5d.jpg,0,0,0,0,0
c6a29f8f0.jpg,0,0,1,0,1
57c594518.jpg,0,0,1,0,1
ef60f8163.jpg,0,0,1,0,1
611ed97fe.jpg,0,0,0,0,0
f2ad0871c.jpg,0,0,1,0,1
3f0b1c635.jpg,0,0,0,1,1
22f766f4c.jpg,0,0,0,0,0
9d22ddbf2.jpg,0,0,1,0,1
e98824ca8.jpg,0,0,1,0,1
e7268620b.jpg,0,0,1,0,1
5eeb58b97.jpg,0,0,0,0,0
0ee9187b6.jpg,0,0,0,0,0
8e933231b.jpg,1,0,0,0,1
5c7a09dc0.jpg,0,0,1,0,1
39eae7a92.jpg,0,0,0,0,0
28f005ffe.jpg,0,0,1,0,1
289d03d64.jpg,0,0,1,0,1
6a99258af.jpg,0,0,0,0,0
56120829d.jpg,0,0,1,0,1
c539c7336.jpg,0,0,1,0,1
891837278.jpg,0,0,1,0,1
7895bdd52.jpg,0,0,0,0,0
79550304c.jpg,0,0,1,0,1
09e15218c.jpg,0,0,1,0,1
5dd89309f.jpg,0,0,1,0,1
306415665.jpg,0,0,1,0,1
a3fc0bdd6.jpg,0,0,0,0,0
53c689378.jpg,0,0,0,0,0
a49d608f5.jpg,0,0,0,0,0
04985b2a8.jpg,0,0,0,0,0
d2dbe0265.jpg,0,0,0,0,0
7dc5466c1.jpg,0,0,0,0,0
c78f55508.jpg,0,0,1,0,1
9b3d6aa5f.jpg,0,0,1,0,1
567e1f981.jpg,0,0,1,0,1
7626234a2.jpg,0,0,1,0,1
a73464691.jpg,0,0,0,0,0
6dd3b812d.jpg,0,0,0,0,0
3655ba8dc.jpg,0,0,0,0,0
29ff8d6f4.jpg,0,0,1,0,1
c40a05198.jpg,0,0,1,0,1
1522f11af.jpg,0,0,0,0,0
a2e083f69.jpg,0,0,1,0,1
57d20b2d8.jpg,0,0,0,0,0
a2e51f9a0.jpg,0,0,0,0,0
bc9e35c07.jpg,0,0,1,0,1
d1a618e4f.jpg,0,0,1,0,1
f27d7bda2.jpg,0,0,0,0,0
8145c3c51.jpg,0,0,0,0,0
e4a08cef1.jpg,0,0,0,0,0
da1cc77a7.jpg,0,0,0,0,0
ada45f479.jpg,0,0,0,0,0
4145dcb6d.jpg,0,0,0,0,0
633e82d81.jpg,0,0,0,0,0
41bbe4edd.jpg,0,0,1,0,1
0db7ec4f0.jpg,0,0,1,0,1
3b58d7324.jpg,1,0,0,0,1
58049fca1.jpg,0,0,1,0,1
1d28002da.jpg,0,0,1,0,1
d2649178a.jpg,0,0,0,0,0
0d7e52a91.jpg,0,0,1,0,1
45b946123.jpg,0,0,1,0,1
6e469f738.jpg,0,0,0,0,0
f9486d8fd.jpg,0,0,0,0,0
c686055be.jpg,0,0,1,0,1
0db448eb7.jpg,0,0,1,0,1
d7c7e1747.jpg,0,0,0,0,0
00cdb56a0.jpg,0,0,1,0,1
29d83d9ce.jpg,0,0,1,0,1
69ac3c629.jpg,0,0,0,1,1
d80d59653.jpg,0,0,0,1,1
74bd73f6d.jpg,0,0,1,1,1
313c72ff8.jpg,0,0,1,0,1
1d61649b1.jpg,0,0,0,0,0
a37cc5202.jpg,0,0,0,0,0
4157934a2.jpg,0,0,1,0,1
76ff61cb4.jpg,0,0,1,0,1
41f3899a5.jpg,0,1,0,0,1
8546c7a76.jpg,0,0,0,0,0
8c2be5c87.jpg,0,0,1,0,1
d95b18cf8.jpg,0,0,0,0,0
66987e071.jpg,0,0,1,0,1
ee1ab393a.jpg,0,0,0,0,0
ae9c7966a.jpg,0,0,1,0,1
e86b2f3e2.jpg,0,1,0,0,1
0bc3f8ce8.jpg,0,0,1,0,1
2d3b4027c.jpg,0,0,0,0,0
9811d8099.jpg,0,0,0,0,0
878824b35.jpg,0,0,1,0,1
7987236e4.jpg,0,0,0,0,0
afdb25da1.jpg,0,0,0,0,0
58a953c4a.jpg,0,0,0,0,0
a38aa9808.jpg,0,0,0,0,0
8f0e1809d.jpg,1,0,0,0,1
988f05868.jpg,0,0,0,0,0
91696aaca.jpg,1,0,1,0,1
4c312324d.jpg,0,0,0,0,0
02d8c6b30.jpg,0,0,1,0,1
578e97b72.jpg,0,0,0,0,0
0e0377ffa.jpg,0,0,1,0,1
57f3ced60.jpg,0,0,0,0,0
b6d3f2485.jpg,0,0,0,0,0
35e0b450a.jpg,0,0,0,0,0
bbd271bd8.jpg,0,0,0,0,0
1841b3825.jpg,0,0,0,0,0
514c3734e.jpg,0,0,0,0,0
60b79ec56.jpg,0,0,0,0,0
9a762b892.jpg,0,0,0,0,0
dbcd9e81c.jpg,0,0,1,0,1
fe8e137c0.jpg,1,0,0,0,1
460ab7579.jpg,0,0,1,0,1
b9f8d4019.jpg,0,0,0,0,0
3b26ddea1.jpg,0,0,0,0,0
a31bad68b.jpg,0,0,1,0,1
1b2b4d68f.jpg,0,0,0,0,0
4d0d9efd8.jpg,0,0,0,0,0
8981c24c8.jpg,0,0,1,0,1
2a6669d9a.jpg,0,0,1,0,1
c4562eb61.jpg,0,0,0,0,0
9347e65bb.jpg,0,0,1,0,1
fb8c8f732.jpg,0,0,1,0,1
9e3aec0e0.jpg,0,0,0,0,0
56d919ac4.jpg,0,0,0,0,0
06d0fbb0c.jpg,0,0,1,0,1
fc0541a53.jpg,1,0,0,0,1
57cc4e2d3.jpg,0,0,1,0,1
43eea2fe0.jpg,0,0,0,0,0
251ed373d.jpg,0,0,1,0,1
892582cf9.jpg,1,0,0,0,1
3571dc5a5.jpg,0,0,0,0,0
ea6227174.jpg,0,0,1,1,1
35f1de28e.jpg,0,0,0,0,0
a72d931f0.jpg,1,0,0,0,1
07a238cf0.jpg,0,0,0,0,0
a59a92ca2.jpg,0,0,0,0,0
867572f1e.jpg,0,0,1,0,1
27e3c4a82.jpg,0,0,0,0,0
fbadf780f.jpg,0,0,0,1,1
b6e3b8a8c.jpg,0,0,0,0,0
508637e33.jpg,0,0,0,0,0
019f42c2a.jpg,0,0,1,0,1
a2b2c9e3e.jpg,0,0,1,0,1
938a15be6.jpg,1,0,1,0,1
c5e69fd8f.jpg,0,0,1,0,1
839f0c541.jpg,0,0,0,0,0
cd7186a59.jpg,0,0,0,0,0
50ac97479.jpg,0,0,1,0,1
391b766d3.jpg,0,0,1,0,1
624e942f6.jpg,0,0,1,0,1
98b373b67.jpg,0,0,0,0,0
c13a6a141.jpg,0,0,0,0,0
d60caeae2.jpg,0,0,0,0,0
b1cf6d807.jpg,0,0,1,0,1
80691d1ae.jpg,0,0,0,0,0
fcacd299d.jpg,0,0,1,0,1
1308a608d.jpg,1,0,0,0,1
9b62dc81c.jpg,1,0,0,0,1
fdab86eb7.jpg,0,0,1,0,1
b12e436c3.jpg,0,0,1,0,1
41b122bb7.jpg,0,0,1,0,1
33cc4c0df.jpg,0,0,0,0,0
e45010a6a.jpg,0,0,1,0,1
1eee7f0da.jpg,0,0,0,0,0
9d64b3372.jpg,0,0,1,0,1
ac31ed0c3.jpg,0,0,0,0,0
4e643b0e3.jpg,0,0,0,0,0
2b2e02314.jpg,0,0,0,0,0
3a14b011a.jpg,0,0,1,0,1
8976f1c8b.jpg,0,0,0,0,0
1fcecb643.jpg,0,0,1,0,1
2fcfb108a.jpg,0,0,1,1,1
c34bf9bec.jpg,0,1,0,0,1
39960c9e9.jpg,0,0,0,1,1
767b96d1a.jpg,0,0,1,0,1
f0074b888.jpg,0,0,1,0,1
604e200e1.jpg,0,0,1,0,1
3c2544a04.jpg,0,0,0,0,0
d238605c1.jpg,0,1,0,0,1
1e7415a4c.jpg,0,0,0,0,0
b5696c8f3.jpg,0,0,1,0,1
a4b1020cc.jpg,0,0,0,0,0
adcc1cac6.jpg,0,0,0,0,0
6e18bef6b.jpg,0,0,1,0,1
47aea9052.jpg,0,0,0,1,1
308c978a7.jpg,0,0,1,0,1
7e2c9bc22.jpg,0,0,0,0,0
45b362a50.jpg,0,0,1,0,1
1453b2506.jpg,0,0,0,0,0
299d06031.jpg,0,0,1,0,1
fe6f8e502.jpg,0,0,1,0,1
b7155ddaf.jpg,0,0,0,0,0
c48774b2c.jpg,0,0,0,0,0
fcd374576.jpg,0,1,0,0,1
9028ff68e.jpg,0,0,1,0,1
31cf10f6e.jpg,0,0,1,0,1
4854add54.jpg,0,0,1,0,1
8d1cd3b88.jpg,1,0,0,0,1
e8a40861a.jpg,0,0,1,0,1
cd465dc7d.jpg,0,0,1,0,1
1b13686ba.jpg,0,0,0,0,0
a2ff5d12e.jpg,0,0,0,0,0
b0f9fff35.jpg,0,0,1,0,1
8b4c9a3d0.jpg,0,0,0,0,0
c2d1aece4.jpg,0,0,0,0,0
4adecf939.jpg,0,0,0,0,0
a7b2ab721.jpg,0,0,0,0,0
9962acd22.jpg,0,0,1,0,1
308f2e562.jpg,0,0,0,1,1
17ac2163c.jpg,0,1,0,0,1
5649454b6.jpg,0,0,0,0,0
dd44675da.jpg,0,0,0,0,0
405507351.jpg,0,0,1,0,1
9ea9ca4c8.jpg,0,0,1,0,1
f66364942.jpg,0,0,1,0,1
77fa6c315.jpg,0,0,0,0,0
85d958a51.jpg,0,0,0,0,0
523e97839.jpg,0,0,0,0,0
a013f42d6.jpg,0,0,0,0,0
9147356db.jpg,1,0,0,0,1
06e5521bc.jpg,0,0,0,0,0
add980018.jpg,0,0,1,0,1
a8a543129.jpg,0,0,0,0,0
f21b0be46.jpg,0,0,1,0,1
d58b336d8.jpg,0,0,0,1,1
373daa632.jpg,0,0,1,0,1
fe471b6c5.jpg,0,0,0,0,0
1c3efa3ca.jpg,0,0,0,0,0
0198ab92d.jpg,0,0,0,0,0
832f21ec5.jpg,0,0,0,0,0
ed9f33dc2.jpg,0,0,1,0,1
7435bcc25.jpg,0,0,1,0,1
dee68db68.jpg,0,0,1,0,1
9519a2ec8.jpg,0,0,0,0,0
f278ce929.jpg,0,0,0,0,0
e589cb68b.jpg,0,0,1,0,1
9ab372c8c.jpg,1,0,0,0,1
7b0a87344.jpg,0,0,1,0,1
5affd9802.jpg,1,0,1,0,1
558a45a09.jpg,0,0,0,0,0
b0bd510db.jpg,0,0,0,1,1
e98a1dd4a.jpg,0,0,0,0,0
f1611c743.jpg,0,0,0,0,0
61a2a3de3.jpg,0,0,0,0,0
8d96c4c5c.jpg,0,0,0,0,0
ba3cdb064.jpg,0,0,1,0,1
25ba4dfae.jpg,0,0,1,1,1
6c3a82b05.jpg,0,0,0,0,0
943c5abcd.jpg,0,0,1,0,1
a4dff615e.jpg,0,0,1,0,1
203052fde.jpg,0,0,0,0,0
f40bb2e24.jpg,0,0,1,0,1
527b50f74.jpg,0,0,1,0,1
46af8b042.jpg,0,0,1,0,1
c55802a79.jpg,0,0,1,0,1
5bf75ef9a.jpg,0,0,0,0,0
c2a43c185.jpg,0,0,0,0,0
b1adeb194.jpg,0,0,0,0,0
8e08d9cd6.jpg,1,0,0,0,1
387deae63.jpg,0,0,0,0,0
3ac71c924.jpg,0,0,1,0,1
68b70cab1.jpg,0,0,1,0,1
bdcc4b222.jpg,0,0,0,0,0
aa49482e5.jpg,0,0,0,1,1
20a0d5ea9.jpg,0,0,0,0,0
4b9664b0a.jpg,0,0,1,0,1
fed23a483.jpg,0,0,1,0,1
cb9c3d622.jpg,0,0,0,1,1
aff01777f.jpg,1,0,0,0,1
139b7e692.jpg,0,0,1,1,1
d11f3fd35.jpg,0,0,1,0,1
08a1a079b.jpg,1,0,1,0,1
0d0c21687.jpg,0,0,0,0,0
a152690b6.jpg,1,0,1,0,1
b21f4da7f.jpg,0,0,1,0,1
33e7b3469.jpg,0,0,0,0,0
0cf509103.jpg,1,0,0,0,1
6b8b5c4a5.jpg,0,1,0,0,1
55303df62.jpg,0,0,1,0,1
b217432b9.jpg,0,0,0,0,0
9c4c38dab.jpg,0,0,1,0,1
b4cc410e5.jpg,0,0,0,0,0
6caa89d4e.jpg,1,0,0,0,1
284f0aee6.jpg,0,0,1,0,1
414b98504.jpg,0,0,0,0,0
4b56df46d.jpg,0,0,1,1,1
e42311f08.jpg,0,0,0,1,1
7c0745f39.jpg,1,0,0,0,1
26a8ac13a.jpg,0,0,0,0,0
54c49ad1f.jpg,0,0,0,0,0
c5a76e581.jpg,0,0,0,0,0
08e21ba66.jpg,0,0,0,0,0
4eea878dd.jpg,0,0,1,0,1
8a3adca3c.jpg,0,0,0,0,0
f33e7a4b3.jpg,1,0,0,0,1
470a96423.jpg,0,0,1,0,1
a56df9123.jpg,0,1,0,0,1
a29c6239f.jpg,0,0,1,1,1
7d4f862bf.jpg,0,0,0,0,0
f5b50a959.jpg,1,0,1,0,1
15b56bf43.jpg,0,0,0,1,1
9c45e55ca.jpg,0,0,0,0,0
2d4471837.jpg,0,0,1,0,1
9aec868be.jpg,0,0,0,0,0
da522f333.jpg,0,0,1,0,1
0e45812d6.jpg,0,0,0,0,0
0a9aaba9a.jpg,0,0,1,0,1
ae51109d0.jpg,0,0,0,0,0
edb2ae02b.jpg,0,0,0,0,0
9b72243dc.jpg,0,0,1,0,1
7f3204217.jpg,0,0,1,0,1
03e2515a7.jpg,0,0,0,0,0
1bd394dd6.jpg,0,0,1,0,1
1b6aefdb7.jpg,0,0,1,0,1
04bf23eba.jpg,0,0,0,0,0
759bf5b4b.jpg,0,0,0,0,0
effb2ffd3.jpg,0,0,0,0,0
c88590b3f.jpg,0,0,0,1,1
9ba68fdaa.jpg,0,0,1,0,1
3d42a49b2.jpg,0,0,0,0,0
69205724f.jpg,1,0,0,0,1
0841074c1.jpg,0,0,1,0,1
ed5d6f10a.jpg,1,0,0,0,1
96279bbc2.jpg,0,0,1,0,1
f10f625fd.jpg,0,0,1,0,1
324a68581.jpg,0,0,0,0,0
97a933eaa.jpg,0,0,1,0,1
c135aedee.jpg,0,0,1,0,1
9eea99817.jpg,0,0,0,0,0
46ddd1f95.jpg,0,0,0,0,0
21af0ec58.jpg,0,0,1,0,1
1df9eefe5.jpg,0,1,0,0,1
0e01b820c.jpg,0,0,0,1,1
3ca655ceb.jpg,0,0,1,0,1
413a310c8.jpg,0,0,0,0,0
d50164a40.jpg,0,0,1,0,1
dbfb99099.jpg,0,0,0,0,0
fcea4a36f.jpg,0,0,1,0,1
70a38928c.jpg,0,0,1,0,1
70f223e17.jpg,0,0,0,0,0
325794217.jpg,0,0,0,0,0
3f7e10763.jpg,0,0,1,0,1
476a0129a.jpg,0,0,1,0,1
d5133ffca.jpg,0,0,0,0,0
f48988d6a.jpg,0,0,1,0,1
c7aeb9c82.jpg,0,0,1,1,1
5c5a0ce34.jpg,0,0,0,0,0
2770fe933.jpg,0,0,0,1,1
354760e3e.jpg,0,0,1,0,1
a485d538c.jpg,0,0,1,0,1
7e743dab7.jpg,0,0,0,0,0
9da113655.jpg,0,0,0,0,0
232a62357.jpg,0,0,1,0,1
6fcfca8f2.jpg,0,0,0,0,0
ec2ade8c1.jpg,0,0,0,0,0
74e593376.jpg,0,0,1,0,1
764b4998b.jpg,0,0,0,0,0
da2ee0937.jpg,0,0,0,0,0
e9f18d64d.jpg,0,0,0,0,0
7ed009073.jpg,0,0,0,0,0
7f3181e44.jpg,0,1,0,0,1
5b188752b.jpg,0,0,1,0,1
e30ea20d9.jpg,0,0,1,0,1
528112571.jpg,0,0,1,0,1
28045eb99.jpg,0,0,0,0,0
fd3dd0ae2.jpg,0,0,0,0,0
594d97d26.jpg,1,0,1,0,1
8b0496df3.jpg,0,0,0,0,0
023353d24.jpg,0,0,0,0,0
b27127d1d.jpg,0,0,1,1,1
0d5e07a0d.jpg,0,0,0,0,0
9c47d5ca7.jpg,0,0,0,0,0
43a450e62.jpg,0,0,1,0,1
4c67c9b8e.jpg,1,0,0,0,1
8b6c404ac.jpg,0,1,0,0,1
d72037f3c.jpg,0,0,1,0,1
7024daf09.jpg,0,0,0,0,0
d4da4dc47.jpg,0,0,1,0,1
f08716423.jpg,0,0,1,0,1
e6f9e427b.jpg,0,0,0,0,0
d9fc7e2f2.jpg,0,0,0,0,0
b0d290bbf.jpg,0,0,0,0,0
33f34b728.jpg,0,0,1,0,1
235ba1dd3.jpg,0,0,1,0,1
b8c07feb2.jpg,0,0,0,0,0
b3aa31a86.jpg,0,0,1,0,1
87a14e62f.jpg,0,0,0,0,0
68e5d4470.jpg,0,0,0,0,0
b32e4eb4b.jpg,0,0,0,0,0
edd2ff0dd.jpg,0,0,1,0,1
f605d5ede.jpg,0,0,0,0,0
17158eff6.jpg,0,0,0,0,0
7a961ae18.jpg,0,0,1,0,1
bdc800e05.jpg,0,0,0,0,0
8a375b486.jpg,0,0,1,0,1
7e427f34b.jpg,0,0,0,0,0
0a9799f01.jpg,0,0,0,0,0
08b10468d.jpg,0,0,0,1,1
a725b623a.jpg,0,0,1,0,1
b5b99c878.jpg,0,0,1,1,1
5ff533576.jpg,0,0,1,0,1
8bab4626b.jpg,0,0,1,0,1
8a09e8354.jpg,0,0,0,0,0
9e94842da.jpg,0,0,0,0,0
4ba9def27.jpg,0,0,0,0,0
2188f5429.jpg,0,0,1,0,1
13ca110ae.jpg,1,0,0,0,1
93ad48645.jpg,0,0,0,0,0
91c27607f.jpg,0,0,0,0,0
bbe2a369a.jpg,0,0,0,0,0
619e14fc9.jpg,0,0,0,0,0
72e49c314.jpg,0,0,1,0,1
914cd79a8.jpg,0,0,0,0,0
863868ed4.jpg,0,0,1,0,1
c9c186f0b.jpg,0,0,0,0,0
9c3705f4e.jpg,0,0,0,0,0
27fb17019.jpg,0,0,1,0,1
42695cb60.jpg,0,0,1,0,1
45309a743.jpg,0,0,0,0,0
441142b29.jpg,0,0,0,0,0
4d35cc84e.jpg,0,0,1,0,1
69e3729fa.jpg,0,0,0,0,0
35451fe42.jpg,0,0,0,0,0
3af904b99.jpg,0,0,1,0,1
1058879b4.jpg,0,0,0,0,0
c6d849ce2.jpg,0,0,0,0,0
96299c17c.jpg,0,0,1,0,1
d86b4b652.jpg,0,0,0,0,0
562e2274c.jpg,0,0,0,0,0
9c522d453.jpg,0,0,1,0,1
f52e7d092.jpg,0,0,1,0,1
22ac7041b.jpg,0,0,0,0,0
463fe382b.jpg,0,1,0,0,1
f3d2fbd91.jpg,1,0,0,0,1
8d25eb2c7.jpg,0,0,1,0,1
7caecb871.jpg,0,0,0,0,0
77f3dccab.jpg,0,0,0,0,0
afbab41f0.jpg,0,0,1,0,1
0ca999106.jpg,0,0,0,0,0
6b9106729.jpg,0,0,0,0,0
ac2f58068.jpg,0,0,0,0,0
058a1e3b8.jpg,0,0,1,0,1
4cf035406.jpg,0,0,0,0,0
b31b54a50.jpg,0,0,0,0,0
c5d85e8ec.jpg,0,0,0,0,0
a48712720.jpg,0,0,0,0,0
8bb714882.jpg,0,0,0,0,0
4da0260d5.jpg,0,0,0,0,0
7cf827fc8.jpg,0,0,0,0,0
dfc895f18.jpg,0,0,0,1,1
2c77b3fe1.jpg,0,0,0,0,0
b6d964955.jpg,0,0,1,0,1
c7fe435c0.jpg,0,1,0,0,1
b0daf9907.jpg,0,0,0,0,0
695a460be.jpg,0,0,1,0,1
5e995a151.jpg,0,0,0,0,0
634f15fd4.jpg,0,0,0,0,0
56bf01513.jpg,0,0,1,0,1
f5a1bb561.jpg,0,0,0,0,0
fc921f66a.jpg,0,0,0,0,0
b3bbd7121.jpg,0,0,1,0,1
fa52d8ecd.jpg,0,0,0,0,0
a7f3a0644.jpg,0,0,0,0,0
742b24ac9.jpg,0,0,0,0,0
8000b4ad8.jpg,0,0,0,0,0
af3692d16.jpg,0,0,0,0,0
db82efbd9.jpg,0,0,0,0,0
d78e97810.jpg,0,0,1,0,1
2b1f20578.jpg,0,0,1,0,1
d75725fc3.jpg,0,1,0,0,1
af09a0336.jpg,0,0,0,1,1
bee1352f9.jpg,0,0,0,0,0
4824f9200.jpg,0,0,0,0,0
3e8ec270d.jpg,0,0,0,0,0
0986996f0.jpg,0,0,1,0,1
d36df54f6.jpg,0,0,1,0,1
0e62d06d5.jpg,0,0,1,0,1
ba4008245.jpg,0,0,1,0,1
be8e28587.jpg,0,0,0,0,0
6ef680dd3.jpg,0,0,0,0,0
933f29b10.jpg,0,0,0,0,0
e70c4768b.jpg,0,0,1,0,1
6e9963232.jpg,0,0,1,0,1
7a32eba62.jpg,0,0,1,0,1
046c35525.jpg,1,0,0,0,1
2395db536.jpg,0,0,1,0,1
7242fe32c.jpg,0,0,1,1,1
18fc395b4.jpg,1,0,0,0,1
1a1d0ced7.jpg,0,0,0,0,0
70c0aebb4.jpg,0,0,0,0,0
f8e2dbdf4.jpg,0,0,0,0,0
19cf72d91.jpg,1,0,0,0,1
d5e8af85b.jpg,1,0,0,0,1
0fe38037f.jpg,0,0,0,0,0
75f910862.jpg,0,0,0,0,0
a7e79695b.jpg,0,0,1,0,1
f727d997a.jpg,0,1,0,0,1
2363aaa1f.jpg,0,0,0,0,0
45a876055.jpg,0,0,0,0,0
c8bb69681.jpg,0,0,0,0,0
2757df221.jpg,0,0,0,1,1
fea3da755.jpg,0,0,1,0,1
712faf067.jpg,0,0,1,0,1
34d7b963b.jpg,0,0,0,0,0
2b33c67ea.jpg,0,0,1,0,1
63adb88f1.jpg,1,0,0,0,1
26a99fc0b.jpg,0,0,0,0,0
05f5e7366.jpg,0,0,1,0,1
aee406fff.jpg,0,0,0,0,0
3af515180.jpg,0,0,1,0,1
44afdef26.jpg,0,0,0,0,0
12d7ffca7.jpg,0,0,0,0,0
735d9afc3.jpg,0,0,1,0,1
1d34ad26c.jpg,1,0,0,0,1
11418b1c5.jpg,1,0,0,0,1
e7aff0392.jpg,0,0,1,0,1
67fd150c6.jpg,0,0,1,0,1
c9b12b9d3.jpg,0,0,0,0,0
24884c39c.jpg,0,0,1,0,1
b87c9b9b4.jpg,0,0,0,0,0
432f8ce39.jpg,0,0,1,0,1
1b2d85fa8.jpg,0,0,0,0,0
5080067a2.jpg,0,0,0,0,0
2f61b4688.jpg,0,0,0,0,0
10631d848.jpg,0,0,0,0,0
b00fa58e7.jpg,0,0,0,0,0
fdc84bdc4.jpg,0,0,0,0,0
cc73c4765.jpg,0,0,1,0,1
cf4008024.jpg,0,0,1,0,1
5294d00dc.jpg,0,0,0,0,0
5e29012ca.jpg,0,0,1,0,1
9eace863c.jpg,0,0,1,0,1
d5a1067a2.jpg,1,0,0,0,1
8364cd311.jpg,0,0,0,1,1
8a2a8a476.jpg,0,0,1,0,1
6b463443e.jpg,0,0,0,0,0
3986e38ad.jpg,0,0,0,0,0
0b620e67a.jpg,0,0,0,0,0
87e990d66.jpg,0,0,1,0,1
917cdbff6.jpg,0,0,0,1,1
8827d2bd3.jpg,0,0,1,0,1
2ef48ec18.jpg,0,0,0,0,0
1aa7e1c47.jpg,0,0,0,0,0
0f0e5dcf1.jpg,0,0,0,0,0
073f2a466.jpg,0,0,0,0,0
caab76443.jpg,0,0,0,0,0
7773445b7.jpg,0,0,1,0,1
321a6df3f.jpg,0,0,1,0,1
63d58f327.jpg,0,0,0,0,0
3c4a1b57f.jpg,0,0,1,0,1
f7f2e339e.jpg,0,0,1,0,1
9d742f4b4.jpg,0,0,0,0,0
ba1b1787f.jpg,0,0,0,0,0
e899be178.jpg,0,0,0,0,0
d377de6cc.jpg,0,0,1,0,1
3af8d2d69.jpg,0,0,0,0,0
405a1bf06.jpg,0,0,0,0,0
e7b061629.jpg,0,0,1,0,1
bd1e7ea2d.jpg,1,0,0,0,1
3fd678c06.jpg,0,0,1,0,1
747a360b4.jpg,0,0,0,0,0
6d4bc1b08.jpg,0,0,0,0,0
8aaaf636b.jpg,0,0,0,0,0
0399d7c46.jpg,0,0,0,0,0
42af54b00.jpg,0,0,1,0,1
5fd638b66.jpg,0,0,0,0,0
d8d851749.jpg,0,0,1,0,1
a0b862abb.jpg,0,0,0,0,0
8177945a9.jpg,1,0,0,0,1
460e2213c.jpg,1,0,0,0,1
deaa30604.jpg,1,0,0,0,1
20366ec45.jpg,0,0,0,0,0
af1cd15ef.jpg,0,0,0,0,0
c2c5086dc.jpg,0,0,0,0,0
105c65107.jpg,0,0,0,0,0
d69cd7557.jpg,1,0,0,0,1
26ef69c0f.jpg,0,0,0,0,0
6fb878fef.jpg,1,0,0,0,1
195c67ce9.jpg,0,0,0,0,0
76b0945b4.jpg,0,0,0,0,0
9825b8905.jpg,0,0,0,0,0
3ecff5d55.jpg,1,0,0,0,1
6e99aef86.jpg,0,0,1,0,1
6de495da5.jpg,0,0,1,0,1
5562229c3.jpg,0,0,1,0,1
07fd9f3e6.jpg,0,0,0,0,0
f508bc529.jpg,0,0,1,0,1
c9c7d9ddb.jpg,0,0,1,0,1
5f0c8d167.jpg,0,0,1,0,1
429650b38.jpg,0,0,1,0,1
75c92cceb.jpg,0,0,0,0,0
3a39aed30.jpg,0,0,0,0,0
9f43931af.jpg,0,0,1,0,1
865b35014.jpg,0,0,1,0,1
9fdcc3ff0.jpg,0,0,0,0,0
c5406794b.jpg,0,0,0,0,0
24154161c.jpg,0,0,0,1,1
1e4aaae3e.jpg,0,0,1,0,1
7ea0bcec7.jpg,0,0,0,0,0
e3d92bcc1.jpg,0,0,0,0,0
aab6434b3.jpg,0,0,0,1,1
b86c963d6.jpg,0,0,1,1,1
5b1e974a2.jpg,0,0,1,0,1
218ef654a.jpg,0,0,0,0,0
9253b216e.jpg,0,0,1,0,1
e1bf6b458.jpg,0,0,0,0,0
63cf275e8.jpg,0,0,1,0,1
a9108753d.jpg,0,0,1,0,1
9fc472430.jpg,0,0,1,0,1
baa5a076a.jpg,0,0,0,0,0
4192ac388.jpg,0,0,0,0,0
b1639af61.jpg,0,0,0,1,1
984c6e129.jpg,0,0,1,0,1
5b3d4785d.jpg,0,0,0,0,0
d34f96af3.jpg,0,0,0,0,0
4c12f034c.jpg,0,0,1,0,1
2eb80839e.jpg,0,0,0,0,0
81032f953.jpg,0,0,0,0,0
60a4b3df2.jpg,0,0,1,0,1
b229bd6b5.jpg,0,0,1,0,1
896f852dd.jpg,0,0,1,0,1
7c3a553d0.jpg,0,0,1,0,1
963b7a441.jpg,1,0,1,0,1
6d266664c.jpg,0,0,1,0,1
499e4d3f0.jpg,0,0,0,0,0
08041ffdb.jpg,0,0,0,0,0
81b40126d.jpg,0,0,0,0,0
538ed855c.jpg,0,0,0,0,0
4ecf05db6.jpg,0,0,1,0,1
b8fc355a4.jpg,0,0,0,0,0
0be878d63.jpg,0,0,0,0,0
8dd5b0f4d.jpg,0,0,0,0,0
e7916b283.jpg,0,0,0,0,0
1da26ff0c.jpg,0,0,0,0,0
534666b46.jpg,0,0,1,0,1
667f219fa.jpg,0,0,0,0,0
3ef6709c7.jpg,0,0,0,0,0
0712fbd90.jpg,0,0,1,0,1
924bccdc1.jpg,0,0,0,0,0
823994b16.jpg,0,0,1,0,1
62d9fd113.jpg,0,0,1,0,1
28d08d220.jpg,0,0,0,0,0
3e6f0aa57.jpg,0,0,0,0,0
583f6dd8a.jpg,0,0,0,0,0
c330ba942.jpg,1,0,0,0,1
fe5f1f766.jpg,0,0,0,0,0
2c213b074.jpg,0,0,0,0,0
ace59105f.jpg,0,0,1,0,1
185c3d54f.jpg,0,0,0,0,0
296aa930a.jpg,0,0,0,0,0
1b12de419.jpg,0,0,1,0,1
d95598b3a.jpg,0,0,1,0,1
075ae68f4.jpg,0,0,0,0,0
4fcc02177.jpg,0,0,0,0,0
cb70a10d6.jpg,0,0,0,0,0
7e2e92987.jpg,0,0,0,0,0
ef94ca813.jpg,0,0,0,1,1
0d258e4ae.jpg,0,0,0,0,0
633701ae3.jpg,0,0,1,0,1
45680b581.jpg,0,0,0,0,0
bec64003f.jpg,0,0,1,0,1
3f3c1170e.jpg,0,0,1,0,1
a1bede9b1.jpg,0,0,1,0,1
a838b8e5c.jpg,0,0,0,0,0
a21d2da50.jpg,0,0,0,0,0
1d0861206.jpg,1,0,0,0,1
d6c91e8e7.jpg,0,0,1,0,1
19e96b746.jpg,0,0,0,0,0
036c7d18c.jpg,0,0,1,0,1
4341a2af7.jpg,0,0,0,0,0
8a886614f.jpg,0,0,0,0,0
639f2d9e3.jpg,0,0,0,0,0
d3f297e2d.jpg,0,0,0,0,0
2cf6be112.jpg,0,0,0,0,0
e6f8789d6.jpg,0,0,1,0,1
3b290fa47.jpg,0,0,0,0,0
1b053c667.jpg,0,0,1,0,1
4857d0687.jpg,0,0,1,0,1
16a8c937b.jpg,0,0,0,0,0
e4acd9063.jpg,0,0,0,0,0
4dc86abd8.jpg,0,0,0,0,0
2c061aed6.jpg,0,0,1,0,1
166645a0b.jpg,0,0,1,0,1
71d3b0598.jpg,0,0,1,0,1
8e9103c91.jpg,0,0,1,0,1
1ccb093e6.jpg,0,1,0,0,1
d20ee0a9b.jpg,0,0,0,0,0
a0baccc57.jpg,0,0,0,0,0
be59e708c.jpg,0,0,0,0,0
038c9fdad.jpg,0,0,0,0,0
b2fcc9bd6.jpg,0,0,0,0,0
61defe67d.jpg,0,0,0,0,0
43529152d.jpg,0,0,0,0,0
846788254.jpg,1,0,0,0,1
1f5cd4df7.jpg,0,0,1,0,1
d8ce6ab59.jpg,0,0,0,0,0
294eb0ae9.jpg,0,0,0,0,0
03ae2bc91.jpg,0,0,0,0,0
ae41ecb3f.jpg,0,0,1,0,1
9741c9475.jpg,0,0,0,1,1
82e82b713.jpg,0,0,1,0,1
de8aa269b.jpg,0,0,1,0,1
dfcc8d751.jpg,0,0,1,0,1
c609cbe50.jpg,0,0,0,0,0
2b16d6f98.jpg,0,0,1,0,1
924edab1b.jpg,0,0,0,0,0
282425786.jpg,0,0,1,0,1
3c5941d72.jpg,0,0,1,0,1
5db4d2daa.jpg,0,0,1,0,1
710867c2f.jpg,0,0,0,0,0
ca3372f43.jpg,0,0,0,0,0
b71af94cb.jpg,0,0,0,0,0
a6aceec2e.jpg,0,0,1,1,1
3979d10ac.jpg,0,0,1,0,1
edbd80289.jpg,0,0,1,0,1
b9e47cf86.jpg,0,0,1,0,1
a49b73fd3.jpg,0,0,0,0,0
4733edde8.jpg,0,0,1,0,1
6bfcce918.jpg,0,0,0,0,0
7fa8baf41.jpg,0,0,0,0,0
46529ecd4.jpg,0,0,0,0,0
579e764a7.jpg,0,0,0,0,0
a22639daa.jpg,1,0,0,0,1
17f01b94d.jpg,1,0,0,0,1
095c6bcdc.jpg,0,0,0,0,0
715d0aed0.jpg,0,0,0,0,0
c3ff1a7cd.jpg,0,0,1,0,1
82ab1eb7f.jpg,1,0,0,0,1
05b847b1f.jpg,0,0,0,0,0
10972add9.jpg,0,0,1,0,1
acfdc8ec2.jpg,0,0,1,0,1
0dc953a31.jpg,0,0,1,0,1
faab4b759.jpg,0,0,1,0,1
fd85c439e.jpg,0,0,0,0,0
79882f5d2.jpg,0,0,0,0,0
7620c36fb.jpg,0,0,1,0,1
3c456ebb8.jpg,0,0,1,0,1
9cee4ab2e.jpg,1,0,0,0,1
fb2d75aea.jpg,0,1,0,0,1
0dd76b019.jpg,0,0,1,0,1
75c6af69c.jpg,0,0,1,0,1
60fb3a793.jpg,0,0,1,0,1
384e76325.jpg,0,0,0,0,0
763402396.jpg,0,0,1,0,1
1ee9359c6.jpg,0,0,0,0,0
21eb1e1aa.jpg,0,0,1,0,1
0d2c6fdf8.jpg,0,0,0,0,0
4dbadaa3e.jpg,1,0,1,0,1
1435e5572.jpg,0,0,0,0,0
3f6b0b63a.jpg,0,0,0,0,0
0c7930c2d.jpg,0,0,0,0,0
2789df930.jpg,0,1,0,0,1
a5cb0256f.jpg,0,0,0,1,1
2aeb8dbd6.jpg,0,0,0,0,0
10ad74934.jpg,0,0,0,0,0
d25356a51.jpg,0,0,1,0,1
f5c8f7766.jpg,0,0,0,1,1
fffe98443.jpg,0,0,1,0,1
f6d0cca5b.jpg,1,0,0,0,1
311a05f93.jpg,0,0,0,0,0
c34f14586.jpg,0,0,1,1,1
e225d313b.jpg,0,0,0,0,0
354c2317a.jpg,0,0,0,0,0
8f4a566fb.jpg,1,0,0,0,1
b138e942e.jpg,0,0,0,1,1
2e2f5467c.jpg,0,0,1,0,1
f1699cb5a.jpg,0,0,1,0,1
953052b34.jpg,0,0,0,0,0
6308e03ad.jpg,0,0,1,0,1
7a379d900.jpg,0,0,0,0,0
69e618f88.jpg,0,0,1,0,1
74bbe241c.jpg,0,0,0,0,0
b925ef3b7.jpg,1,0,0,0,1
26c3a7dd5.jpg,0,0,1,0,1
ae5a0fa7c.jpg,0,0,0,1,1
0da0d2c17.jpg,0,0,1,0,1
96d357cc4.jpg,0,0,0,0,0
c9215fb7a.jpg,0,0,1,0,1
aae7792ca.jpg,0,0,0,0,0
4a206315f.jpg,0,0,0,0,0
7f506ca06.jpg,0,0,0,0,0
59f7de86b.jpg,0,0,0,0,0
2797387f0.jpg,0,0,0,0,0
f273460c7.jpg,0,0,0,0,0
4cccbe396.jpg,0,0,1,0,1
2e3b90bc4.jpg,0,0,0,0,0
98dd5b46e.jpg,0,0,0,0,0
74cd21b41.jpg,1,0,0,0,1
b08f17760.jpg,0,0,0,0,0
a1a0111dd.jpg,0,0,0,0,0
0b0f32a34.jpg,0,0,0,0,0
65cb0add2.jpg,0,0,0,0,0
96c8dd5a2.jpg,0,0,1,0,1
01dbcd2ec.jpg,0,0,0,0,0
a6a6f59c7.jpg,0,0,1,0,1
163cc2750.jpg,0,0,0,1,1
8e6d94a54.jpg,0,0,0,0,0
f64bb97a6.jpg,0,0,1,1,1
41333f13c.jpg,0,0,1,0,1
4cbb91ed2.jpg,0,0,1,0,1
380e3ba93.jpg,1,0,0,0,1
935e893bb.jpg,0,0,0,0,0
4448b4286.jpg,0,0,1,0,1
e95faa0b1.jpg,0,0,1,0,1
3dbbb330a.jpg,0,0,1,0,1
c683195bf.jpg,0,0,1,0,1
e22b3105b.jpg,0,0,0,0,0
bf1005177.jpg,0,0,0,0,0
f793f797d.jpg,0,0,0,0,0
4eeafada5.jpg,0,0,0,0,0
dea52fa7a.jpg,0,0,0,0,0
0bfe252d0.jpg,0,0,0,0,0
87e27ae0a.jpg,0,0,1,0,1
69d546af3.jpg,0,0,1,0,1
b3cbe980b.jpg,0,0,0,0,0
b56de2940.jpg,0,0,1,0,1
6320ec8c6.jpg,0,0,1,0,1
2fe09e89a.jpg,0,0,1,0,1
2a91edbe9.jpg,0,0,0,0,0
5feafe9c5.jpg,0,0,1,0,1
32854e5bf.jpg,0,0,0,0,0
ccd8a89ee.jpg,0,0,0,0,0
22cabd56f.jpg,0,0,1,0,1
3d6ddd339.jpg,0,0,0,0,0
5a913dda0.jpg,0,0,1,0,1
f950b713a.jpg,0,0,0,0,0
6ce526a3a.jpg,0,0,1,0,1
4f3633a21.jpg,0,0,0,0,0
297f50d2d.jpg,0,0,0,0,0
978a4f978.jpg,0,0,0,0,0
97a67b410.jpg,0,0,1,1,1
0d99ab39c.jpg,0,0,1,0,1
af0534891.jpg,0,0,0,0,0
dfc9f643d.jpg,0,0,0,0,0
c65471f28.jpg,0,0,1,0,1
7fc9cb824.jpg,0,0,1,0,1
4c18e968f.jpg,0,0,1,0,1
44ec8bf6e.jpg,0,0,0,0,0
7d3f9dfa1.jpg,0,0,0,0,0
bc23335bc.jpg,0,0,1,0,1
149ac1c03.jpg,0,0,0,0,0
049bad998.jpg,0,0,1,0,1
8baffdc70.jpg,0,0,1,0,1
6109c07c7.jpg,0,0,0,0,0
9e2d7ad80.jpg,0,0,1,0,1
a9a5ac063.jpg,0,0,0,1,1
eb3f5c9c8.jpg,0,0,1,0,1
87789797a.jpg,0,0,0,0,0
82be365ea.jpg,0,0,1,0,1
03db6bbc3.jpg,0,0,1,1,1
005f02e20.jpg,0,0,1,0,1
a8d60ce91.jpg,0,0,0,0,0
19e918673.jpg,0,0,0,1,1
ec8c34113.jpg,1,0,0,0,1
486b452b6.jpg,0,0,1,0,1
b4b21055e.jpg,0,0,0,0,0
8bdf6cee5.jpg,0,0,1,0,1
8a3ce8312.jpg,1,0,0,0,1
0405e7c54.jpg,0,1,0,0,1
22827c51d.jpg,0,0,1,0,1
5bd1b8afa.jpg,0,0,0,0,0
255a79790.jpg,0,0,0,0,0
acd30bd6a.jpg,0,1,0,0,1
f1f6b0f09.jpg,0,0,1,0,1
c5fccc67c.jpg,0,0,0,0,0
65eed1612.jpg,0,0,1,0,1
e764efaa9.jpg,0,0,1,0,1
09e4f864e.jpg,0,0,0,0,0
4695c2d2a.jpg,0,0,1,0,1
5b53fc5e8.jpg,0,0,1,0,1
0792723f1.jpg,0,0,0,0,0
035021da2.jpg,0,0,1,0,1
c3e823e83.jpg,0,0,0,0,0
e9309d54e.jpg,0,0,0,0,0
a0444f94b.jpg,0,0,0,0,0
eabbbc433.jpg,0,0,0,0,0
33f5cdc5e.jpg,0,0,0,1,1
ce3818dfd.jpg,0,0,1,0,1
5adb00ee3.jpg,0,0,1,0,1
817a545aa.jpg,0,0,1,0,1
9a67575cf.jpg,0,0,0,0,0
79c456a92.jpg,0,0,1,0,1
3041d63ba.jpg,0,0,1,0,1
a5f450999.jpg,0,0,0,0,0
d9e856cff.jpg,0,0,0,0,0
df0168063.jpg,0,0,1,0,1
a8de477f0.jpg,0,0,1,0,1
20bb27a04.jpg,0,1,0,0,1
83e554974.jpg,0,0,0,0,0
aaa145a7e.jpg,0,0,0,0,0
6abf76aad.jpg,0,0,1,0,1
334a77fc4.jpg,0,0,1,0,1
788a675e7.jpg,0,0,1,0,1
f1807fbdd.jpg,0,0,1,0,1
06b49e34f.jpg,0,0,1,0,1
eebcc0af3.jpg,1,0,0,0,1
b28c3ee61.jpg,0,0,0,0,0
d44db82d2.jpg,0,0,1,0,1
6d9559d13.jpg,0,0,1,0,1
b9f5fe198.jpg,0,0,0,1,1
5b88d9e1a.jpg,0,0,1,0,1
c62da61d8.jpg,0,0,1,0,1
66c7d94b2.jpg,0,0,1,0,1
c4cde08c3.jpg,0,0,0,0,0
29dcd28af.jpg,1,0,0,0,1
4598f8be0.jpg,0,0,1,0,1
0e3ade070.jpg,0,0,0,0,0
f1e348d35.jpg,0,0,1,0,1
9cf6c69a5.jpg,0,0,0,0,0
e998b2a8c.jpg,0,0,0,0,0
3c1f834dd.jpg,0,0,0,0,0
9aa44fa54.jpg,0,0,0,0,0
16d9c0a30.jpg,0,0,0,0,0
e0593f542.jpg,0,0,1,0,1
5fbb1a20d.jpg,0,0,0,0,0
17685ac2d.jpg,0,0,0,0,0
3b48b3bd4.jpg,0,0,0,0,0
68656ca18.jpg,0,0,1,0,1
a5da48f64.jpg,0,0,0,0,0
05747b10b.jpg,0,1,0,0,1
c95db6975.jpg,0,0,1,0,1
8840bb118.jpg,0,0,0,0,0
1918f3176.jpg,0,0,0,0,0
d8c10c73f.jpg,0,0,0,0,0
710ce771d.jpg,0,0,0,0,0
101cb7171.jpg,0,0,0,0,0
cbd1444bd.jpg,0,0,0,0,0
abab01f92.jpg,1,0,1,0,1
2c9060446.jpg,0,0,0,0,0
93e01b862.jpg,0,0,0,0,0
dc46bd374.jpg,0,0,1,0,1
cd3b9899c.jpg,1,0,0,0,1
7f196e938.jpg,0,0,0,0,0
53d6cc0b9.jpg,0,0,0,0,0
6705eb964.jpg,0,0,1,0,1
febaaaaa7.jpg,0,0,0,0,0
b41747a10.jpg,0,0,1,0,1
372bfd346.jpg,0,0,0,0,0
a1ecc1ddb.jpg,0,0,0,0,0
8e7672872.jpg,0,0,0,0,0
649822bd7.jpg,0,0,1,0,1
abac4e544.jpg,0,0,0,0,0
cbfbf3686.jpg,0,0,0,0,0
d0fb25531.jpg,0,0,1,0,1
559bcc411.jpg,0,0,1,0,1
83e63937d.jpg,0,0,1,0,1
c4fc6bbdc.jpg,0,0,0,0,0
a4e947fb4.jpg,0,0,1,0,1
ef8c8a263.jpg,0,0,1,1,1
a0fcb1803.jpg,0,0,1,0,1
66480ece5.jpg,0,0,0,0,0
97a6a8f0b.jpg,0,0,1,0,1
51d3e5941.jpg,1,0,0,0,1
6eb8690cd.jpg,1,0,0,0,1
5267fdd89.jpg,0,0,0,0,0
4d9fadf79.jpg,0,0,0,0,0
13c27aa5b.jpg,0,0,1,0,1
a7a9a1648.jpg,0,0,0,0,0
1f9b8e2e6.jpg,0,0,1,0,1
45a59cfec.jpg,0,0,1,0,1
af9b9176f.jpg,0,0,0,0,0
56355a469.jpg,0,0,0,0,0
8540353ea.jpg,0,0,1,0,1
1e0220d5c.jpg,0,0,1,0,1
085bcd104.jpg,0,0,1,0,1
f6ede545c.jpg,0,0,0,0,0
9853a668c.jpg,0,0,0,0,0
77ed43ae9.jpg,0,0,1,0,1
f1feaa507.jpg,0,0,0,0,0
4ab1aeab6.jpg,0,0,0,1,1
87b82c9cb.jpg,0,0,0,0,0
29dc27ca2.jpg,0,0,1,0,1
619733902.jpg,0,0,0,0,0
31c047fae.jpg,0,0,0,0,0
940e8cd2f.jpg,0,0,1,1,1
3463eedaf.jpg,0,0,1,0,1
bbec1ee47.jpg,0,0,1,0,1
56aaf82ea.jpg,0,0,1,0,1
fb9a07c8f.jpg,1,1,0,0,1
91b250f41.jpg,1,0,0,0,1
cb6fa8f89.jpg,0,0,1,0,1
0c4c73167.jpg,0,0,0,0,0
289ea00a3.jpg,0,0,0,0,0
82e32c810.jpg,0,0,1,0,1
fec4b10d0.jpg,0,0,1,0,1
4ee570810.jpg,0,0,1,0,1
f44229f4b.jpg,0,0,1,0,1
739cf8127.jpg,0,0,0,0,0
1c1ca0221.jpg,0,1,1,0,1
bc73f75a5.jpg,1,0,0,0,1
b379c8f14.jpg,0,0,1,0,1
c6f7fe1d2.jpg,0,0,1,0,1
fdf6a925f.jpg,0,0,0,0,0
eb6240583.jpg,0,0,0,0,0
cd23a468a.jpg,0,0,1,0,1
55c30f544.jpg,0,0,1,0,1
fd1c572bb.jpg,0,0,0,0,0
bfb1c6139.jpg,0,0,0,0,0
21d2b3168.jpg,0,0,0,0,0
09d7dba1b.jpg,0,0,1,0,1
0d1e0ae6d.jpg,0,0,0,0,0
fb352c185.jpg,1,0,0,0,1
f46d86fbe.jpg,0,0,1,0,1
64b4c2791.jpg,0,0,0,0,0
a7d5ae972.jpg,0,0,1,0,1
c3429572b.jpg,0,0,1,0,1
a64a77431.jpg,0,0,0,0,0
c58d3772f.jpg,0,0,0,0,0
972837f87.jpg,0,0,0,0,0
5843cdaf1.jpg,0,0,0,0,0
1f54ac735.jpg,0,0,0,0,0
e364fb7b7.jpg,0,0,0,0,0
9e1406b36.jpg,0,0,1,0,1
a9b87142c.jpg,0,0,0,0,0
bedff6112.jpg,0,0,0,0,0
2df89d5c2.jpg,0,0,0,0,0
b090ddc4b.jpg,0,0,0,0,0
9e37ef709.jpg,0,0,1,0,1
abedd15e2.jpg,0,0,1,0,1
051f0d825.jpg,0,0,1,0,1
40ada6a67.jpg,0,0,0,0,0
56b587e9e.jpg,0,0,0,0,0
eb4c89edf.jpg,0,0,1,0,1
628986ff3.jpg,0,0,0,0,0
8ed87432c.jpg,0,0,1,0,1
75ea4c672.jpg,0,0,1,0,1
6a6e08613.jpg,0,0,0,0,0
2d7e4ce60.jpg,0,0,0,0,0
3a0f17afd.jpg,1,0,0,0,1
e75c7bbd9.jpg,1,0,0,0,1
a9dcd6f0b.jpg,0,0,0,0,0
b63488e9d.jpg,0,0,1,0,1
eed932172.jpg,1,0,0,0,1
cc59639b2.jpg,0,0,1,1,1
1ef82c3bb.jpg,0,0,0,0,0
1d849ef03.jpg,0,0,0,0,0
5c6cba0d4.jpg,0,0,1,0,1
b51e25392.jpg,0,0,1,0,1
cbc860446.jpg,0,0,0,1,1
6c85ce812.jpg,0,0,1,0,1
8d26ca58c.jpg,0,0,1,0,1
08f9c685f.jpg,1,0,1,0,1
9f38e4503.jpg,0,0,0,0,0
bc395145e.jpg,0,0,1,0,1
353aeef37.jpg,0,0,0,0,0
4e8c83b2d.jpg,0,0,0,0,0
cc7c66720.jpg,0,0,0,1,1
bde6d9e50.jpg,0,0,1,0,1
cbd4afcc0.jpg,0,0,1,0,1
4f675d901.jpg,0,0,0,0,0
314558b5d.jpg,0,0,0,0,0
dd975164a.jpg,0,0,0,0,0
ead7d8e70.jpg,0,0,0,0,0
b5ab7a42f.jpg,0,0,1,0,1
a6980dd61.jpg,0,0,1,0,1
7a0da1fc9.jpg,0,0,0,0,0
150cadc70.jpg,0,0,1,0,1
e1375b0a1.jpg,0,0,0,0,0
ccbd751f2.jpg,0,0,1,0,1
ac3895afd.jpg,0,0,0,0,0
1e1d1606e.jpg,0,0,0,1,1
e859410a7.jpg,0,0,0,0,0
cc9e159dd.jpg,0,0,1,0,1
0f1617841.jpg,1,0,0,0,1
10bbf7cb3.jpg,0,0,1,0,1
8acb40548.jpg,0,0,0,0,0
7b4be079e.jpg,0,0,0,0,0
83e918113.jpg,0,0,0,0,0
eee687cf1.jpg,0,0,0,0,0
ba1d5f5b5.jpg,0,0,0,0,0
0340e13c4.jpg,0,0,1,0,1
cdf44eab9.jpg,0,0,0,0,0
8ee7a7a6a.jpg,0,0,1,0,1
934508437.jpg,0,0,0,0,0
4ab0e98e2.jpg,0,0,0,0,0
ba1ce59a8.jpg,0,0,1,0,1
180478e66.jpg,0,0,1,0,1
cae8be92c.jpg,0,0,0,0,0
843b29efa.jpg,0,0,1,1,1
a2444ac38.jpg,0,0,1,0,1
17fa32126.jpg,0,0,1,0,1
dbc93dc99.jpg,0,0,1,0,1
8c1fe4329.jpg,1,0,0,0,1
73303e8a0.jpg,0,0,1,0,1
61835d07a.jpg,0,0,1,0,1
efd4c37d9.jpg,0,0,0,0,0
775bddbe7.jpg,0,0,0,0,0
ff882d69e.jpg,0,0,0,0,0
6dfc0dc98.jpg,0,0,0,0,0
04a5009fa.jpg,0,0,1,0,1
2ef5b3de1.jpg,0,0,1,0,1
08630f05d.jpg,0,0,0,0,0
bdce84e23.jpg,0,0,1,0,1
ecca5b079.jpg,0,0,1,0,1
db1b6f6b5.jpg,0,0,0,0,0
76532309b.jpg,1,0,0,0,1
66a481744.jpg,0,0,0,0,0
034a72783.jpg,0,0,0,0,0
1ce62dfc0.jpg,0,0,0,0,0
a7a723242.jpg,0,0,0,0,0
69e2943d2.jpg,0,0,1,0,1
d2bbde0a4.jpg,0,0,1,0,1
ba3358802.jpg,0,0,0,0,0
b3ae9675d.jpg,0,0,0,0,0
c70599c3a.jpg,0,0,0,0,0
0482ee1d6.jpg,0,0,0,0,0
cf853b06f.jpg,0,0,1,0,1
955965785.jpg,0,0,0,0,0
6aadb8486.jpg,1,0,0,0,1
e9c9ac12d.jpg,0,0,1,0,1
cf7dbc448.jpg,0,0,1,0,1
672534146.jpg,0,0,0,0,0
a494826be.jpg,0,0,0,0,0
55edf098d.jpg,1,0,0,0,1
b1639e054.jpg,0,0,0,0,0
9664c1477.jpg,0,0,0,0,0
122e21783.jpg,0,0,0,0,0
e13c443d5.jpg,0,0,1,0,1
e385380e1.jpg,0,0,1,1,1
6ec88b7f7.jpg,0,0,0,1,1
014409fcc.jpg,0,0,0,0,0
0d617d477.jpg,0,0,1,0,1
c6b51947f.jpg,0,0,0,0,0
541f9ad41.jpg,0,0,0,0,0
5c6b05529.jpg,0,0,0,0,0
a8146bce3.jpg,0,0,1,0,1
bcbf7a4ab.jpg,0,0,0,0,0
d820dc2dd.jpg,0,0,0,0,0
5f28ca6de.jpg,0,0,1,0,1
2b8fcb5b7.jpg,0,0,1,0,1
fd86d4201.jpg,0,0,1,0,1
5e8ca0990.jpg,0,0,1,0,1
5041c4a3f.jpg,0,0,1,0,1
6c9f54be2.jpg,0,0,1,0,1
079054aa2.jpg,0,0,1,0,1
08de8621d.jpg,0,0,1,0,1
194244a20.jpg,0,0,0,0,0
147be765a.jpg,0,0,0,0,0
de1983d54.jpg,0,0,1,0,1
f33f47596.jpg,0,0,0,0,0
7c77632e8.jpg,0,0,1,0,1
40995d2e2.jpg,0,0,0,0,0
393fc7f36.jpg,0,0,0,0,0
78a084ce4.jpg,0,0,1,0,1
10c752d54.jpg,0,0,0,0,0
2c66fb097.jpg,0,0,0,0,0
a14eeb75d.jpg,0,0,1,0,1
73472d296.jpg,0,0,1,0,1
7010802fc.jpg,0,0,0,0,0
a4d3149e0.jpg,1,0,0,0,1
9fb53a74b.jpg,0,0,0,0,0
4c255637f.jpg,0,0,0,0,0
9017797fd.jpg,0,0,0,0,0
c3dc05f58.jpg,0,0,1,0,1
e13c54eb6.jpg,0,0,0,0,0
f57584fa6.jpg,1,0,0,0,1
a3fe8d17b.jpg,0,0,0,0,0
16aa5333c.jpg,0,0,1,0,1
efe81e1da.jpg,0,0,0,0,0
33efa5aa8.jpg,0,0,0,0,0
9aca6db08.jpg,0,0,0,1,1
39b364beb.jpg,0,0,0,0,0
6057916d4.jpg,0,0,1,0,1
e518fa6aa.jpg,0,0,0,0,0
877d319fd.jpg,0,0,0,0,0
8afe5eb8e.jpg,0,0,0,0,0
073d8f414.jpg,0,0,0,0,0
2994546cf.jpg,0,0,1,0,1
bea7ff137.jpg,0,0,1,0,1
74d1cd5e3.jpg,0,1,0,0,1
a1d0b7617.jpg,0,0,1,0,1
40b724998.jpg,0,0,1,0,1
29c9d8e14.jpg,0,0,0,0,0
c8e4b3a1e.jpg,0,0,1,0,1
2247fd7f0.jpg,0,0,1,0,1
083134687.jpg,0,0,0,0,0
5d1aac191.jpg,0,0,1,0,1
20a1cd67a.jpg,0,0,0,0,0
f11471db2.jpg,0,0,0,0,0
b708523c7.jpg,0,0,0,0,0
620100d93.jpg,0,0,1,0,1
cfedba84c.jpg,0,0,1,0,1
e76e3e8a5.jpg,1,0,0,0,1
464987349.jpg,0,0,1,0,1
e215c6958.jpg,0,0,0,0,0
2cfa7ea6f.jpg,1,0,0,0,1
debacdfce.jpg,0,0,0,0,0
a2cb5be8f.jpg,0,0,1,0,1
5e1f34810.jpg,0,0,1,0,1
58673aa89.jpg,0,0,1,0,1
687059efc.jpg,0,0,0,0,0
4191fffd2.jpg,0,0,0,0,0
33514c0b1.jpg,0,0,1,0,1
d68408f44.jpg,0,0,0,0,0
61072870e.jpg,0,0,0,0,0
c80f387aa.jpg,0,0,1,0,1
de3feffe8.jpg,0,0,0,0,0
c7d002c29.jpg,0,0,1,0,1
cb95ba6d9.jpg,0,0,1,0,1
93c71782d.jpg,0,0,0,0,0
3ae2f43e5.jpg,0,0,1,0,1
85b72c878.jpg,0,0,1,0,1
3847cd5a0.jpg,0,0,0,0,0
fb4ad0679.jpg,0,0,0,0,0
5dd5484fc.jpg,0,0,1,0,1
e2b3cf9a4.jpg,1,0,0,0,1
6343860bc.jpg,0,0,1,0,1
c7fb9db8c.jpg,1,0,0,0,1
adae21280.jpg,0,0,0,0,0
3c4ad030c.jpg,1,0,0,0,1
1e2ec4b36.jpg,0,0,0,0,0
b044d761a.jpg,0,0,0,0,0
d784bd04b.jpg,0,0,0,0,0
f69caf7dd.jpg,0,0,1,0,1
24debd5d7.jpg,0,0,1,0,1
670dc6f72.jpg,0,0,1,1,1
5a3db6845.jpg,0,0,1,0,1
8a87c8067.jpg,0,0,1,0,1
0aa7955fd.jpg,0,0,1,0,1
90524c39b.jpg,0,0,0,0,0
69a9effa0.jpg,0,0,0,1,1
23bb4d637.jpg,0,0,1,0,1
c53999687.jpg,0,0,0,0,0
b1276a404.jpg,0,0,0,0,0
b1b94f0fc.jpg,1,1,0,0,1
8345249a8.jpg,0,0,1,0,1
2279bbcc4.jpg,0,0,0,0,0
3c9c4454b.jpg,0,0,1,0,1
c5dbdf433.jpg,0,0,1,0,1
5f0371b4d.jpg,1,0,0,0,1
3615bac54.jpg,0,0,0,0,0
316f0236a.jpg,0,0,1,0,1
1d4fa8da0.jpg,0,0,0,0,0
7fd3d58a5.jpg,0,0,1,0,1
a5c3d1132.jpg,0,0,1,0,1
352c15e36.jpg,0,0,1,0,1
4f8d88bd7.jpg,0,0,0,0,0
74b9e429d.jpg,0,0,0,0,0
5e5cce297.jpg,0,0,0,0,0
7a497f486.jpg,0,0,0,0,0
edfe6ee4c.jpg,0,0,1,1,1
babdf889d.jpg,0,0,0,0,0
0973e56f0.jpg,0,0,0,0,0
e58d23f69.jpg,0,0,0,0,0
5d0b67f94.jpg,0,0,0,1,1
eb68932f0.jpg,0,0,0,0,0
1a3cb1bfc.jpg,0,0,0,1,1
e9b10d130.jpg,0,0,0,0,0
e52f2f2de.jpg,1,0,0,0,1
5c86de06f.jpg,0,0,1,0,1
cba39a205.jpg,0,0,1,0,1
e3279f86e.jpg,0,0,1,0,1
2c8ff99fc.jpg,0,0,0,0,0
c44015e28.jpg,0,0,1,0,1
cf5e8eb2c.jpg,0,0,1,0,1
38bca093c.jpg,0,0,0,1,1
5b1c96f09.jpg,0,0,1,0,1
e63ad114c.jpg,0,0,1,0,1
11b3d69a1.jpg,0,0,0,0,0
e078bff60.jpg,0,0,1,1,1
5cf1cb974.jpg,0,0,1,0,1
070f0733c.jpg,0,0,0,0,0
0ec90edd8.jpg,0,0,0,0,0
f95867a2b.jpg,0,0,0,0,0
1849f8952.jpg,0,0,0,1,1
a6b00abd7.jpg,0,0,1,0,1
aa9762436.jpg,0,0,0,0,0
dc5110311.jpg,0,0,0,0,0
2feb1a4a9.jpg,0,0,0,0,0
4c9245dcf.jpg,0,0,1,0,1
200992bc9.jpg,0,0,1,0,1
6b39ef48e.jpg,0,0,1,0,1
a08ace855.jpg,0,0,0,0,0
1cdbad7d2.jpg,0,0,1,0,1
4e6514402.jpg,1,0,0,0,1
44a0d5b55.jpg,0,0,1,0,1
2b8b658d7.jpg,0,0,0,0,0
2725ee8d6.jpg,0,0,1,0,1
2764c0af9.jpg,0,0,0,0,0
d11130898.jpg,0,0,1,0,1
bc23b3e0f.jpg,0,0,0,0,0
4d5d2405d.jpg,0,0,0,0,0
9fea4f2ab.jpg,0,0,1,0,1
9b6b87145.jpg,0,0,0,0,0
f1bee5caa.jpg,0,0,0,0,0
8ab72fe26.jpg,0,0,1,0,1
f10e66f64.jpg,0,0,0,0,0
bebb35a5e.jpg,0,0,1,1,1
e4dffa21c.jpg,0,0,0,0,0
7f4554482.jpg,0,0,0,0,0
116d673e3.jpg,0,0,1,0,1
e336d67b7.jpg,0,0,0,0,0
84b6bfc9a.jpg,0,0,0,0,0
ad26af6e4.jpg,0,0,0,1,1
43bb3a898.jpg,0,0,1,0,1
ebde18416.jpg,0,0,0,0,0
19ecb0e40.jpg,0,0,0,0,0
4962b3544.jpg,0,0,0,0,0
e6866fc42.jpg,0,0,0,0,0
a83442a46.jpg,0,0,0,0,0
c49d3da1b.jpg,0,0,1,1,1
b56b55a7e.jpg,0,0,0,0,0
d72237bd5.jpg,0,0,0,0,0
f9683d4b0.jpg,0,0,0,0,0
b1d3f12b6.jpg,0,0,1,1,1
833433e81.jpg,0,0,0,1,1
7b7a5e30e.jpg,0,0,0,0,0
28b393fb3.jpg,0,0,0,0,0
ce7570214.jpg,0,0,0,1,1
094b155b4.jpg,0,0,0,0,0
de85c63cb.jpg,0,0,1,1,1
db5241f19.jpg,0,0,1,0,1
c3a2f51d0.jpg,0,0,1,0,1
e09fc9a60.jpg,0,0,0,0,0
23e5dd080.jpg,1,0,0,0,1
86f6cc389.jpg,0,0,0,0,0
52cf9caf9.jpg,1,0,0,0,1
f294b84ed.jpg,0,0,1,0,1
79d28bbe8.jpg,0,0,1,0,1
7941b2b9e.jpg,0,0,0,0,0
e6d535148.jpg,0,0,0,0,0
7af586734.jpg,0,0,0,0,0
1cb0a0a2f.jpg,0,0,0,0,0
82bffd9d3.jpg,0,0,0,0,0
50742b144.jpg,0,0,1,0,1
3e1a0403b.jpg,0,0,0,0,0
c75e6bd36.jpg,0,1,0,0,1
be53ca411.jpg,0,0,0,0,0
c79086497.jpg,0,0,1,0,1
f0e6210ea.jpg,0,0,0,0,0
4bee25e3e.jpg,0,0,0,0,0
65688fbc2.jpg,0,0,1,0,1
8690fe018.jpg,0,0,0,0,0
6aa69e12c.jpg,0,0,0,0,0
5e7f11c85.jpg,0,0,0,0,0
bc7f3ef1c.jpg,0,0,0,0,0
8bcb8ebc4.jpg,0,0,0,0,0
c7b88e40a.jpg,1,0,0,0,1
a52aa70f7.jpg,0,0,0,0,0
fbab82e58.jpg,0,0,0,0,0
f16c5b437.jpg,0,0,0,0,0
69f87ba66.jpg,0,0,0,0,0
3c4d1ec4a.jpg,0,0,0,0,0
27f331654.jpg,0,0,0,0,0
09d87038e.jpg,0,0,1,0,1
d52b35e0e.jpg,0,0,1,0,1
2c8c3cb8a.jpg,0,0,0,1,1
982c2e937.jpg,0,0,1,0,1
c38e52b4a.jpg,0,0,1,0,1
1d718ddb9.jpg,0,1,0,0,1
5574a47da.jpg,0,0,1,0,1
6d7b400d0.jpg,0,0,0,0,0
05a024a74.jpg,0,0,1,0,1
478ff6696.jpg,0,0,1,0,1
2b0055ed4.jpg,0,0,1,0,1
a9e2530ed.jpg,0,0,1,0,1
f4dde5dac.jpg,1,0,0,0,1
53e812ced.jpg,0,0,0,1,1
692c14cc2.jpg,0,0,1,0,1
e1a1a00a7.jpg,0,0,0,0,0
02761e0d1.jpg,0,0,0,0,0
7fd489535.jpg,0,0,0,0,0
bdc5e666b.jpg,0,0,0,0,0
4d10e57c3.jpg,0,0,0,0,0
b4c2a01b6.jpg,0,0,0,0,0
f2613b2c4.jpg,0,0,1,0,1
ba027ff62.jpg,0,0,1,0,1
7fc8b1ce5.jpg,0,0,1,0,1
d4841f891.jpg,0,0,0,0,0
77d12abf0.jpg,0,0,0,0,0
88e6e44c1.jpg,0,0,0,0,0
f4a98f891.jpg,0,0,1,0,1
df70a7e07.jpg,1,0,0,0,1
409adafbe.jpg,0,0,1,0,1
214b9bd1a.jpg,0,0,1,0,1
0274a26b4.jpg,0,0,0,0,0
9c1b65eb2.jpg,0,0,1,0,1
f01e4eec6.jpg,0,0,1,0,1
8f42319aa.jpg,0,0,1,0,1
7a4ea2dca.jpg,0,0,0,0,0
e6bf58db7.jpg,0,0,1,0,1
26c4eacfa.jpg,0,0,0,0,0
316f0cc50.jpg,0,0,1,0,1
6a7567d37.jpg,0,0,0,0,0
0f74501fa.jpg,0,0,0,0,0
595373657.jpg,0,0,1,0,1
519d16e7c.jpg,0,0,0,0,0
7dfb9d916.jpg,0,0,1,0,1
a33b2c662.jpg,0,0,1,1,1
377bb3c23.jpg,0,0,1,0,1
d2e7ba266.jpg,0,0,0,0,0
ca4309568.jpg,0,0,1,0,1
e2ad8a12a.jpg,0,0,1,0,1
a75ec2a42.jpg,0,0,1,0,1
8088f6b20.jpg,0,0,0,0,0
32b47f255.jpg,0,0,0,0,0
28a3f7928.jpg,0,1,0,0,1
04a4777e9.jpg,0,0,1,0,1
275e3bca6.jpg,0,0,1,0,1
f1119e073.jpg,0,0,1,0,1
94e721678.jpg,1,0,0,0,1
9719f1eba.jpg,0,0,0,0,0
74e586515.jpg,0,0,0,0,0
bd2366c49.jpg,0,0,0,0,0
1b58aab8e.jpg,0,0,0,0,0
e2c071661.jpg,0,0,0,0,0
ff6cc90ca.jpg,0,0,1,0,1
b6a5f38fa.jpg,0,0,0,0,0
f02f4630b.jpg,0,0,0,0,0
e2037da93.jpg,0,0,1,1,1
792266a85.jpg,0,0,1,0,1
ef88e0b13.jpg,0,0,0,0,0
e98ffbe3d.jpg,0,0,1,0,1
72bb7c7bc.jpg,0,1,0,0,1
49b22649d.jpg,0,0,0,0,0
bbfd791f8.jpg,0,0,0,0,0
4f002a224.jpg,0,0,1,0,1
81a82d37f.jpg,0,0,0,0,0
db1c5b4f7.jpg,1,0,0,0,1
de001c4e1.jpg,0,0,1,1,1
3abc94d79.jpg,0,0,1,0,1
421e48d36.jpg,0,0,0,0,0
26b980260.jpg,0,0,1,0,1
184bd091d.jpg,0,0,0,0,0
97892278c.jpg,0,0,1,0,1
e0c12a442.jpg,0,0,0,0,0
90047b73a.jpg,0,0,0,0,0
66e43edf6.jpg,1,0,0,0,1
ab5717ad2.jpg,1,0,0,0,1
177a33f57.jpg,0,0,1,0,1
70a3c6b4d.jpg,0,0,1,0,1
5ce3611e3.jpg,0,0,1,0,1
0d4866e3c.jpg,0,1,0,0,1
08852b69d.jpg,0,0,1,0,1
802e8e4af.jpg,0,0,0,0,0
0fe52ac1e.jpg,0,0,0,0,0
f7f254746.jpg,0,0,0,0,0
9412c0cf6.jpg,0,0,1,0,1
21a5d2ddb.jpg,0,0,0,1,1
dd488d695.jpg,0,0,0,0,0
2fbdc1244.jpg,0,0,1,0,1
45059bf5b.jpg,0,0,0,0,0
9c9ea5f57.jpg,0,0,1,0,1
7789ddb5b.jpg,0,0,0,0,0
9bfcca020.jpg,0,0,1,0,1
961333d4e.jpg,0,0,1,0,1
de9737017.jpg,0,0,1,0,1
8e36f751c.jpg,0,0,0,0,0
cf5a6b951.jpg,0,0,0,0,0
694899d8e.jpg,0,0,0,0,0
703938a46.jpg,0,0,0,0,0
ca30909ec.jpg,0,0,0,0,0
46866c984.jpg,0,0,0,0,0
aa1eff0d1.jpg,0,0,0,0,0
1be49cb6f.jpg,0,0,1,0,1
90f4dd6e5.jpg,0,1,0,0,1
363519718.jpg,0,0,0,0,0
d7939330f.jpg,0,0,0,0,0
195e36565.jpg,1,0,0,0,1
49e3afca8.jpg,0,0,1,0,1
8c81bbce4.jpg,0,0,1,0,1
fcb1f2469.jpg,0,0,1,0,1
53ff38fe7.jpg,0,0,0,1,1
edf12f5f1.jpg,0,0,1,0,1
6004d82bf.jpg,0,0,0,0,0
ac0682b30.jpg,0,0,1,0,1
04d527562.jpg,0,0,0,0,0
0fe12f041.jpg,0,0,1,0,1
cbf837e30.jpg,0,0,0,0,0
02291e913.jpg,0,0,1,0,1
7fe5d431f.jpg,0,0,1,1,1
f3a39de53.jpg,0,0,0,0,0
0002cc93b.jpg,1,0,0,0,1
1daa10850.jpg,0,0,0,0,0
2c63f60e3.jpg,0,0,1,0,1
8acdec0d2.jpg,0,0,0,0,0
01c3ef286.jpg,0,0,1,0,1
405f55b63.jpg,0,0,0,0,0
70e4c95b6.jpg,0,0,1,0,1
81cec825e.jpg,0,0,0,0,0
6918f5a24.jpg,0,0,0,0,0
54c0e2d84.jpg,0,0,0,0,0
dfcbbe004.jpg,0,0,0,0,0
31a47584f.jpg,0,0,0,0,0
805ea1870.jpg,0,0,1,0,1
1fdef786c.jpg,0,0,1,1,1
eedb60662.jpg,0,0,0,0,0
dc607256d.jpg,0,0,1,0,1
28a1ea8c2.jpg,0,0,1,0,1
8a3c1e50c.jpg,0,0,0,1,1
1ef476f3c.jpg,0,0,1,0,1
54f69cb7d.jpg,0,0,0,0,0
a045e21e6.jpg,0,0,1,0,1
343e101ee.jpg,0,0,1,0,1
7637fe781.jpg,0,0,0,0,0
d5bdfa378.jpg,0,0,1,0,1
dd441d6a0.jpg,1,0,1,0,1
c1ee793b9.jpg,0,0,0,0,0
acf1b04a4.jpg,0,0,0,0,0
858307610.jpg,0,0,0,0,0
ccd0ad960.jpg,0,0,1,0,1
17eeca349.jpg,1,0,0,0,1
077f0256d.jpg,1,0,0,0,1
3d64d8da1.jpg,0,0,0,0,0
4014d6f31.jpg,0,0,1,0,1
839cb8f32.jpg,0,0,0,0,0
c62b766cc.jpg,0,0,0,0,0
4bd15a7ae.jpg,0,0,0,1,1
1c3a58b06.jpg,0,0,1,0,1
e5dc1f3a9.jpg,0,0,0,0,0
784310e8c.jpg,0,0,0,0,0
494dbc6f6.jpg,0,0,0,0,0
fb1a7bc67.jpg,0,0,1,0,1
1f1110622.jpg,0,0,0,0,0
a2bdcd021.jpg,1,0,0,0,1
769307dd5.jpg,0,0,0,0,0
374a718ca.jpg,0,0,0,0,0
4c3100013.jpg,0,0,1,0,1
1b1937685.jpg,0,0,0,0,0
0cb3064bd.jpg,0,0,1,0,1
0dc52baf6.jpg,0,0,0,0,0
d10c885f3.jpg,1,0,0,0,1
7c67a4611.jpg,0,0,0,0,0
998d686d8.jpg,0,0,0,0,0
2ca3581f8.jpg,0,0,1,0,1
2b61e04e6.jpg,0,0,1,0,1
8313b4e90.jpg,0,0,1,0,1
8d2e8b456.jpg,0,0,1,1,1
3598309b5.jpg,0,0,1,0,1
94c746443.jpg,0,0,1,0,1
229906ed1.jpg,0,0,1,0,1
66a7b82b6.jpg,0,0,1,0,1
a4e819837.jpg,0,0,0,0,0
027b280f4.jpg,0,0,0,0,0
9483f74ad.jpg,0,0,0,0,0
c2bce72b1.jpg,0,0,1,0,1
ae765c316.jpg,0,0,0,0,0
bb0f9bfcf.jpg,0,0,0,0,0
ba5e54030.jpg,0,0,0,0,0
9bf863558.jpg,1,0,0,0,1
86b32c0d5.jpg,0,0,0,0,0
1d13e99fc.jpg,0,0,0,0,0
eeae0a244.jpg,0,0,1,0,1
67d475776.jpg,0,0,1,0,1
e3497bffb.jpg,0,0,0,0,0
67e32351d.jpg,0,0,0,0,0
b3ce6af86.jpg,0,0,0,0,0
a6195e2d6.jpg,0,0,0,1,1
3158e73b2.jpg,0,0,1,0,1
43438f903.jpg,0,0,0,0,0
ac7b3fdd1.jpg,1,0,0,0,1
5d162a1fb.jpg,0,0,0,0,0
67a5a06f1.jpg,0,0,1,0,1
6ef0c216a.jpg,0,0,0,0,0
890787f71.jpg,0,0,0,0,0
4787645e5.jpg,0,0,1,0,1
11e51739f.jpg,0,0,0,0,0
b7a1d89ae.jpg,0,0,1,0,1
01b237ab8.jpg,0,0,0,0,0
0ea1e5d1a.jpg,0,0,0,0,0
1379aba8d.jpg,0,0,1,0,1
4ebff3a81.jpg,0,0,1,0,1
abc73ae71.jpg,0,0,1,0,1
54c05f0ac.jpg,0,0,0,0,0
3fa9e021e.jpg,0,0,0,0,0
1b4642fd5.jpg,0,0,1,0,1
6f26ba943.jpg,0,0,1,0,1
90054535f.jpg,0,0,0,0,0
c1583e292.jpg,0,0,1,0,1
a61636c13.jpg,0,0,1,0,1
331c4771c.jpg,0,0,0,0,0
3b7ef7095.jpg,0,0,0,0,0
e9ccf81cf.jpg,1,0,0,0,1
159b43d49.jpg,0,0,1,0,1
ca82d646f.jpg,0,0,1,0,1
421b31b75.jpg,0,0,0,0,0
754c97c4e.jpg,0,0,1,0,1
36bf3ef01.jpg,0,0,0,0,0
1e7a089c5.jpg,0,0,0,0,0
d9acdf5cd.jpg,0,0,1,0,1
bdafa8bf2.jpg,0,0,0,0,0
351936382.jpg,0,0,1,0,1
d2291de5c.jpg,1,1,0,0,1
b682bfafd.jpg,0,0,0,1,1
ae562552d.jpg,0,0,0,0,0
f60b4d359.jpg,0,0,0,1,1
51d7bdfc2.jpg,0,0,1,0,1
43758a8d2.jpg,0,0,0,0,0
e3e1bb16a.jpg,0,0,1,0,1
ea17260aa.jpg,0,0,0,0,0
b48564b41.jpg,0,0,0,0,0
612c0d930.jpg,0,0,1,0,1
5da101f18.jpg,0,0,0,0,0
39b24ba40.jpg,0,0,0,0,0
81398fac4.jpg,0,0,0,0,0
dc636ab48.jpg,0,1,0,0,1
5d37118aa.jpg,0,0,0,0,0
5dbe61887.jpg,0,0,0,0,0
a8a7216e4.jpg,0,0,0,0,0
d8dbdc59e.jpg,0,0,0,1,1
0b95d9ca5.jpg,0,0,0,0,0
d7fc606cd.jpg,0,0,0,0,0
246b05513.jpg,0,0,0,0,0
49828a82f.jpg,0,0,0,0,0
2915687ca.jpg,0,0,0,0,0
d1dc95b58.jpg,0,0,1,0,1
2e55a1149.jpg,0,0,1,0,1
ce330fd8a.jpg,0,0,0,0,0
4874f19dd.jpg,0,0,1,0,1
cdef07364.jpg,1,0,0,0,1
8266cca81.jpg,0,0,1,0,1
dd3efb748.jpg,0,0,1,0,1
099465815.jpg,0,0,0,0,0
4b624bfdf.jpg,0,0,1,0,1
e15a18c3e.jpg,0,0,1,0,1
2059da9eb.jpg,0,0,0,0,0
6c62c50e3.jpg,1,0,0,0,1
379e98755.jpg,0,0,1,0,1
7eacbdb66.jpg,0,0,1,0,1
8c45db9c2.jpg,0,0,0,0,0
a10fb7849.jpg,1,0,0,0,1
344054b93.jpg,0,0,0,0,0
b4d0843ed.jpg,0,0,0,0,0
a9914e83b.jpg,0,0,1,1,1
2f54e2c00.jpg,0,0,0,1,1
b5f7a1627.jpg,0,0,0,0,0
8a7f75f86.jpg,0,0,1,0,1
0ce9fcb62.jpg,0,0,0,0,0
463145f22.jpg,0,0,0,0,0
efa879d07.jpg,0,0,0,0,0
7207d1be6.jpg,0,0,0,0,0
c992477d4.jpg,1,0,1,0,1
d3a0a3378.jpg,0,0,0,0,0
45f984c71.jpg,0,0,0,0,0
c18a0f128.jpg,0,0,0,0,0
409dc8edf.jpg,0,0,0,0,0
a2befa67f.jpg,0,0,0,0,0
2f50cb21c.jpg,0,0,0,0,0
fa3a68a38.jpg,1,1,0,0,1
2f3277628.jpg,0,0,0,1,1
dd4364aa4.jpg,0,0,0,0,0
46df1500e.jpg,0,0,0,0,0
bc72a7548.jpg,0,0,1,0,1
b66e31dfb.jpg,1,0,0,0,1
a3eab84cd.jpg,0,0,0,0,0
fa71602c6.jpg,0,0,1,0,1
0046839bd.jpg,0,0,1,0,1
3c0c5f80a.jpg,0,0,0,0,0
f2aaef344.jpg,0,0,0,0,0
35fdf5c15.jpg,0,0,1,0,1
e529500db.jpg,0,0,0,0,0
93c5acf9d.jpg,0,0,0,0,0
cd835f121.jpg,0,0,1,0,1
5a6a8196b.jpg,0,0,1,0,1
c51011137.jpg,0,0,1,0,1
31716f6ae.jpg,0,0,1,0,1
d8a8fed32.jpg,0,0,1,0,1
dffdd2aba.jpg,0,0,0,0,0
1b4b41b81.jpg,0,0,0,0,0
f2370bcfb.jpg,0,0,0,0,0
4992fae6f.jpg,1,0,0,0,1
78c34b020.jpg,0,0,1,0,1
8beef62a7.jpg,0,0,1,0,1
ef25cc709.jpg,0,0,0,0,0
619f5dc9c.jpg,0,0,0,0,0
6cf49f691.jpg,0,0,0,0,0
9b57cbc21.jpg,0,1,0,0,1
a3217ee57.jpg,0,0,1,0,1
9207ba274.jpg,0,0,0,0,0
8ccb9bbc9.jpg,1,0,0,0,1
70be92f18.jpg,0,0,0,1,1
092f2587c.jpg,0,0,0,0,0
0e6f5e694.jpg,0,0,0,0,0
56de9f0d1.jpg,1,0,0,0,1
1a0fbd2f0.jpg,0,0,0,0,0
bf28ecdb5.jpg,0,0,0,0,0
a7d470272.jpg,0,0,1,0,1
7734ac61d.jpg,0,0,0,0,0
905404a9e.jpg,0,0,1,0,1
9efb4b561.jpg,0,0,0,0,0
386a3b711.jpg,0,0,0,0,0
034b387c3.jpg,0,0,0,0,0
9e2ecb1bc.jpg,0,0,0,0,0
9a72fd89e.jpg,0,0,0,0,0
f2991ba3c.jpg,0,0,1,0,1
a63f10d77.jpg,0,0,0,0,0
a9e7b571e.jpg,0,0,0,1,1
6f2c9e945.jpg,0,0,1,1,1
27c8a46af.jpg,0,0,0,0,0
527d11e5a.jpg,1,0,0,0,1
8981bc1ff.jpg,0,0,0,0,0
49d6875d0.jpg,0,0,0,0,0
04a06d744.jpg,0,0,1,0,1
207633776.jpg,0,0,0,0,0
8369f54aa.jpg,0,0,0,0,0
e0b3e7b3f.jpg,0,0,1,1,1
690afc09e.jpg,1,0,0,0,1
c45c92aa2.jpg,0,0,1,0,1
6a3645f29.jpg,0,0,0,0,0
f210c637e.jpg,0,0,1,0,1
13c1d516a.jpg,0,0,1,0,1
2fbe62c04.jpg,0,0,0,0,0
94dd36776.jpg,0,0,0,0,0
af21f49bb.jpg,0,0,0,0,0
a9b327adb.jpg,0,0,1,0,1
5aadb38a5.jpg,0,0,0,0,0
5a752f8cd.jpg,0,0,1,0,1
6cba5b38a.jpg,0,0,0,0,0
c87ca8539.jpg,0,0,1,0,1
69b01f980.jpg,0,0,0,0,0
0401d67aa.jpg,0,0,0,0,0
4f64d3b50.jpg,0,0,1,0,1
3a7f1857b.jpg,0,0,0,0,0
45a4c0a58.jpg,0,0,1,0,1
9fac588ab.jpg,0,0,1,0,1
aec250881.jpg,0,1,0,0,1
a4d22b821.jpg,0,0,0,1,1
e4454f42e.jpg,0,0,1,0,1
09b2001b6.jpg,0,0,0,0,0
362970934.jpg,0,0,0,0,0
b46c4d64b.jpg,0,0,0,0,0
20de0d323.jpg,0,0,0,0,0
b8f684e65.jpg,0,0,1,0,1
5971c43c9.jpg,0,0,0,0,0
59bc9997f.jpg,0,0,1,0,1
00031f466.jpg,0,0,0,0,0
0bee4edeb.jpg,0,0,1,0,1
f9668c7cd.jpg,0,1,1,0,1
e1eaea5df.jpg,0,0,0,0,0
560a3e98a.jpg,1,0,0,0,1
692989ec2.jpg,0,0,0,0,0
0e479a15f.jpg,0,0,0,0,0
b1c892c12.jpg,0,0,1,0,1
54c3ce6f0.jpg,0,0,1,0,1
bfaf69bd5.jpg,0,0,1,0,1
fac3481a4.jpg,0,0,0,0,0
12dd3899c.jpg,0,0,1,0,1
b98f3f3b7.jpg,0,0,1,0,1
dbac90dc5.jpg,0,1,0,0,1
0ed6dadbd.jpg,0,0,1,0,1
f4818a932.jpg,0,0,0,0,0
774a5df0a.jpg,0,0,0,0,0
36a804181.jpg,0,0,1,0,1
c446fae7d.jpg,0,0,0,0,0
d0ab4f210.jpg,0,0,0,0,0
237a50f6f.jpg,0,0,0,0,0
dff0b1993.jpg,0,0,0,0,0
ddc1ce35c.jpg,0,0,0,0,0
e667de6f9.jpg,1,0,0,0,1
48842c265.jpg,0,0,0,0,0
136d519e9.jpg,0,0,0,0,0
d6f8c31a2.jpg,0,0,0,0,0
7424ab9af.jpg,0,0,1,0,1
5ad537934.jpg,0,0,1,0,1
2c8451aeb.jpg,0,0,0,0,0
9087518f1.jpg,0,0,0,1,1
8417eb22d.jpg,0,0,1,0,1
8516fcc92.jpg,0,0,1,0,1
4abec5e22.jpg,0,0,1,0,1
49aba8b85.jpg,1,0,0,0,1
58499efc0.jpg,0,0,0,0,0
37333b84a.jpg,0,0,1,0,1
a3e0c4e52.jpg,0,0,0,0,0
2ad931637.jpg,0,0,0,0,0
4dcb6f67a.jpg,0,0,1,0,1
87f6e3eeb.jpg,1,0,0,0,1
1395f831c.jpg,0,0,0,0,0
1917c9f34.jpg,0,0,1,0,1
c26f189f5.jpg,0,0,0,0,0
629f417ee.jpg,0,0,0,0,0
0808a098b.jpg,0,0,1,0,1
cc69501eb.jpg,0,0,1,0,1
ea7a4f8ca.jpg,0,0,0,0,0
2b5d93909.jpg,0,0,0,0,0
b24896622.jpg,0,0,0,0,0
7077989cc.jpg,0,0,0,0,0
0ce5ead68.jpg,0,0,1,0,1
ae2fd4efe.jpg,0,0,0,0,0
19a3acdeb.jpg,0,0,1,0,1
9eed09712.jpg,1,0,1,0,1
c38f307dd.jpg,0,0,1,0,1
16b7dc417.jpg,1,0,1,0,1
8f64891a6.jpg,0,0,0,1,1
e430d4f76.jpg,0,0,0,0,0
9211ac1a1.jpg,0,0,0,0,0
7b3566fb9.jpg,1,0,0,0,1
6fe28003f.jpg,0,0,0,0,0
f27526824.jpg,0,0,0,0,0
bc21fab1b.jpg,0,0,0,0,0
7ae224d96.jpg,0,0,0,0,0
eaf7443a7.jpg,0,0,1,0,1
6ad67f690.jpg,0,0,1,0,1
fbce992e6.jpg,0,0,0,0,0
3ee680a42.jpg,0,0,1,0,1
b9dbbf8ac.jpg,0,0,1,0,1
1d7f89efa.jpg,0,0,1,1,1
e1811b98f.jpg,0,0,0,0,0
8e49af649.jpg,0,0,1,0,1
59a5ac86a.jpg,0,0,0,0,0
76d19dd8b.jpg,0,0,0,0,0
d9038cc42.jpg,0,0,0,0,0
21a8354ac.jpg,0,0,0,0,0
3116edfe6.jpg,0,0,1,0,1
c448a41ee.jpg,1,0,1,0,1
6336c7ef4.jpg,0,0,1,0,1
34176656b.jpg,0,0,0,0,0
f7c4aaaad.jpg,1,0,0,0,1
73e50bb81.jpg,0,0,0,0,0
d525bc38a.jpg,0,0,0,0,0
caad490a5.jpg,0,0,1,0,1
b7fd1f63b.jpg,1,0,0,0,1
47aae4725.jpg,0,0,1,0,1
4ec252808.jpg,0,0,0,1,1
a6ecee828.jpg,0,0,1,0,1
50874143a.jpg,0,0,0,0,0
4fb9f5229.jpg,0,0,0,0,0
3711ecc93.jpg,0,0,1,0,1
a96ddfce2.jpg,0,0,0,0,0
c5094dee9.jpg,0,0,0,0,0
ac9947293.jpg,0,0,0,0,0
000418bfc.jpg,0,0,0,0,0
bd0e26062.jpg,0,0,1,0,1
df8e56f94.jpg,0,0,1,0,1
4bbbd8112.jpg,0,0,0,0,0
97afbb897.jpg,0,0,0,0,0
f7955d77f.jpg,0,0,0,0,0
8ab887d08.jpg,0,0,0,0,0
f65c33996.jpg,0,0,0,0,0
6846b82fa.jpg,0,0,1,0,1
c2760fc1a.jpg,0,0,1,1,1
63541b5aa.jpg,0,0,0,0,0
cf86d1632.jpg,0,0,0,0,0
9085aef37.jpg,0,1,0,0,1
050edacec.jpg,0,0,0,0,0
162de780e.jpg,0,0,1,0,1
0d2a8b196.jpg,0,0,0,0,0
070037b64.jpg,0,0,0,0,0
6b7b04599.jpg,0,0,1,0,1
47e3185de.jpg,0,0,0,0,0
dbd7ba010.jpg,0,0,1,0,1
d111e8715.jpg,0,0,0,0,0
68a4ef23c.jpg,0,0,0,0,0
ce0b7102f.jpg,1,0,0,0,1
8d4e680c6.jpg,0,0,1,0,1
3cb1c14c8.jpg,0,0,1,0,1
00c24a74c.jpg,0,0,0,0,0
bdae6df7b.jpg,0,0,0,0,0
787270b82.jpg,0,0,0,0,0
d5b2ba152.jpg,0,0,1,0,1
d1890b5e7.jpg,0,0,0,0,0
ed9f593a2.jpg,0,1,0,0,1
845935465.jpg,0,0,1,0,1
94a109703.jpg,0,0,0,0,0
9eaaf83d7.jpg,0,0,1,0,1
1b92a1b6d.jpg,0,0,0,0,0
d283f3744.jpg,0,0,1,0,1
039577d49.jpg,0,0,1,0,1
967802d76.jpg,0,0,1,0,1
8f0795458.jpg,0,0,1,0,1
5bd81b380.jpg,0,0,0,0,0
b3ac3189c.jpg,0,0,1,0,1
7b31f4a6e.jpg,0,0,0,0,0
d836aca54.jpg,0,0,0,0,0
767755f3e.jpg,0,0,0,0,0
61e56bfc1.jpg,0,0,0,0,0
6df12620f.jpg,0,0,0,0,0
e7e8fd526.jpg,0,0,0,0,0
905328741.jpg,0,0,1,0,1
f14f39ad8.jpg,0,0,0,0,0
2bdb48c91.jpg,1,0,0,0,1
9c81f6e2e.jpg,0,0,0,0,0
3151a23ab.jpg,0,0,0,0,0
921de27f7.jpg,0,0,0,0,0
3146ce8bb.jpg,0,0,0,0,0
301601620.jpg,1,0,0,0,1
64061cda4.jpg,0,0,0,0,0
0d9d01f2e.jpg,0,0,0,0,0
50e60febd.jpg,0,0,0,0,0
2ef6ad027.jpg,0,0,1,0,1
9fbd05c12.jpg,0,0,0,0,0
77a034db9.jpg,0,0,0,0,0
ecb2bea37.jpg,0,0,0,0,0
7c98d8010.jpg,0,0,1,0,1
63066e3a7.jpg,0,0,0,0,0
8bf955276.jpg,0,0,0,0,0
09c4ca5ef.jpg,0,0,0,0,0
47a26bb25.jpg,0,0,0,0,0
f4a8adfd2.jpg,0,0,0,0,0
93f37037d.jpg,0,0,1,0,1
63d67f57b.jpg,1,0,0,0,1
d5b6bb4bb.jpg,0,0,0,0,0
6241f88fd.jpg,0,0,0,0,0
9c14e3f70.jpg,0,0,1,0,1
2debaa43a.jpg,0,0,1,0,1
3a619ce77.jpg,0,0,0,0,0
32eca38d5.jpg,0,0,1,0,1
a68dcc7d2.jpg,0,0,1,0,1
1524a6e4f.jpg,0,0,1,0,1
ca19b9c48.jpg,0,0,0,0,0
bb830bb4a.jpg,0,0,0,0,0
933a9dc8b.jpg,1,0,0,0,1
202838a14.jpg,0,0,0,1,1
b34e9a47e.jpg,0,0,1,0,1
a985a9c7c.jpg,1,0,0,0,1
2bed8342d.jpg,0,0,0,1,1
7497d8113.jpg,0,0,0,0,0
af3414f93.jpg,0,0,0,0,0
0c607c9a3.jpg,0,0,0,0,0
2cc9a3573.jpg,0,0,0,0,0
a10a35f4f.jpg,0,0,1,0,1
d4aeee4c8.jpg,0,0,1,0,1
8b4863f6a.jpg,0,0,0,0,0
6fe73c77e.jpg,0,0,0,0,0
739a0aa20.jpg,0,1,0,0,1
74472e481.jpg,0,0,1,0,1
ba6e09636.jpg,0,0,0,0,0
07732248e.jpg,0,0,1,1,1
aacd660b3.jpg,0,0,0,0,0
2be0229b6.jpg,0,0,1,0,1
2e84c0c34.jpg,0,0,1,0,1
5994c3b58.jpg,1,0,0,0,1
e59a4b5cb.jpg,0,1,0,0,1
51f4e04c6.jpg,0,0,0,0,0
32578d3e5.jpg,0,0,1,0,1
3325e2266.jpg,1,0,0,0,1
b5d029fdf.jpg,0,0,0,0,0
85294cff9.jpg,1,1,0,0,1
643eac906.jpg,0,0,0,0,0
4a38d7ed7.jpg,0,0,1,0,1
9417bd5b3.jpg,0,0,0,0,0
a42dee222.jpg,0,0,0,1,1
536f5bd1b.jpg,0,0,0,0,0
8d9ec6e09.jpg,0,0,0,0,0
101648543.jpg,0,1,1,0,1
fd2f7b4f4.jpg,0,0,0,0,0
e9ccfe4b5.jpg,0,0,0,0,0
f415f1afc.jpg,0,0,0,0,0
3a33a149c.jpg,0,0,0,0,0
870de47b5.jpg,0,0,0,0,0
26221a880.jpg,0,0,0,0,0
6500a95e7.jpg,0,0,0,0,0
c44c93192.jpg,0,0,1,0,1
385295005.jpg,0,0,0,0,0
a259c1a4d.jpg,0,0,0,0,0
786980ab9.jpg,0,0,1,0,1
08a8ed239.jpg,1,0,0,0,1
715561f42.jpg,0,0,1,0,1
ae79304b2.jpg,0,0,1,0,1
cfe40128c.jpg,0,0,1,0,1
017c828a1.jpg,1,0,0,0,1
1ee966a3e.jpg,0,0,0,0,0
09f598cb6.jpg,0,0,0,0,0
1a9654c65.jpg,0,0,1,0,1
1c3bfb4ab.jpg,0,0,0,0,0
8399a4300.jpg,0,0,1,0,1
d484c6454.jpg,0,0,0,0,0
b1019292f.jpg,0,0,0,0,0
e90bfe49b.jpg,0,0,0,0,0
cf0641053.jpg,0,0,1,1,1
9cfa7be25.jpg,0,0,1,0,1
bf541d182.jpg,0,0,0,0,0
13de5ec74.jpg,0,0,0,0,0
e49407f6c.jpg,0,0,1,0,1
1ff3214db.jpg,0,0,1,0,1
6e598cb86.jpg,0,0,0,0,0
5a6aca360.jpg,0,0,0,0,0
62bf70fee.jpg,0,1,0,0,1
b695035c7.jpg,0,0,0,0,0
434d03372.jpg,0,0,1,0,1
2365be47a.jpg,0,0,1,0,1
81fa665da.jpg,0,0,1,0,1
6c428eb65.jpg,0,0,1,0,1
409ebd086.jpg,0,0,1,0,1
5ba431673.jpg,0,0,0,0,0
9eb8c84bd.jpg,0,0,0,0,0
252952efa.jpg,0,0,0,0,0
f2f69d7a4.jpg,0,0,0,0,0
2a07798b5.jpg,0,0,1,0,1
4cb4d7b60.jpg,0,0,0,0,0
e2512d5f4.jpg,0,0,1,0,1
87f2a67af.jpg,0,0,1,0,1
22553cebc.jpg,0,0,1,0,1
39233a360.jpg,0,0,0,0,0
cba8dc603.jpg,0,0,0,0,0
6da4236e0.jpg,0,0,1,0,1
7f281a162.jpg,0,0,1,0,1
9822aabfc.jpg,0,0,1,0,1
8f2f64ae9.jpg,0,0,0,0,0
e06ffc6cb.jpg,0,0,0,0,0
117759a83.jpg,0,0,1,0,1
640174345.jpg,0,0,0,0,0
1b7d7eec6.jpg,0,0,0,0,0
0519989b3.jpg,0,0,0,0,0
1a70268d4.jpg,1,0,0,0,1
320557243.jpg,1,0,0,0,1
0e15479f7.jpg,0,0,0,0,0
618f0ff16.jpg,0,0,1,0,1
4f9c1e0ee.jpg,0,0,0,0,0
d96a243a2.jpg,0,0,0,0,0
29c39b183.jpg,1,0,1,0,1
1695e6e06.jpg,0,0,0,0,0
c4f5ebbb2.jpg,0,0,0,1,1
3965fd210.jpg,0,0,0,0,0
c91c7b0ad.jpg,0,0,0,0,0
bd9e49b45.jpg,0,0,0,0,0
a7bedd82e.jpg,0,0,0,0,0
bd794618f.jpg,0,0,1,0,1
b862a5d9f.jpg,0,0,0,0,0
6ab70e8cb.jpg,0,0,1,0,1
1dae4f59b.jpg,0,0,0,0,0
9fda4f231.jpg,0,0,1,0,1
5852e61b5.jpg,0,0,1,0,1
6d291e247.jpg,0,1,0,0,1
1f151ee84.jpg,0,0,0,0,0
ce32285f5.jpg,0,0,1,0,1
16d0b11ff.jpg,1,1,0,0,1
1a947561f.jpg,0,0,0,0,0
d67f4b258.jpg,0,0,1,0,1
325af1d38.jpg,0,0,0,0,0
b67f8e63f.jpg,0,0,0,0,0
6ede55a0d.jpg,0,0,0,0,0
895c92dd5.jpg,0,0,1,0,1
0aafd7471.jpg,1,0,0,0,1
a3a790c8f.jpg,0,0,0,0,0
08f0b26ac.jpg,0,0,1,0,1
1821dcbf1.jpg,0,0,0,1,1
acbe1e2c1.jpg,0,0,1,1,1
3e63fb99b.jpg,0,0,1,0,1
fbf282a60.jpg,0,0,1,0,1
192557d24.jpg,0,0,0,0,0
5809fc14b.jpg,0,0,0,0,0
32f8b72ec.jpg,0,0,0,0,0
a30fe9da2.jpg,0,0,1,0,1
250107a1b.jpg,0,0,1,0,1
79679dd6a.jpg,0,0,0,1,1
223e550cc.jpg,0,0,0,0,0
c04aa9618.jpg,0,0,0,0,0
ecc0bf094.jpg,0,0,1,0,1
474c5f34e.jpg,0,0,1,0,1
a70b5d0c5.jpg,1,0,1,0,1
e9b0ea466.jpg,0,0,0,0,0
144fa75bf.jpg,0,0,0,0,0
f03d88c73.jpg,0,0,0,1,1
204949166.jpg,1,0,0,0,1
3fd0abc7e.jpg,0,0,0,0,0
822c360e8.jpg,0,0,0,0,0
b7f1eee15.jpg,0,0,0,0,0
90b45e095.jpg,0,0,0,0,0
72aaba8ad.jpg,0,0,0,1,1
477a186bc.jpg,0,0,1,0,1
a56c8f958.jpg,1,0,1,0,1
b54038841.jpg,0,0,1,0,1
7f98f8f6c.jpg,0,0,0,0,0
9531c4b99.jpg,0,0,1,0,1
04e15fdc1.jpg,0,0,0,0,0
6add08a01.jpg,0,0,0,0,0
b46dafae2.jpg,0,0,1,0,1
4cd17e5b9.jpg,0,0,1,0,1
dcc2e4f93.jpg,0,0,1,0,1
135a6d6ef.jpg,0,0,0,0,0
4e9b147fa.jpg,0,0,1,0,1
86226216f.jpg,0,0,1,0,1
2dea5ac10.jpg,0,0,0,0,0
80842d229.jpg,0,0,0,1,1
65f1d83fb.jpg,0,0,1,0,1
166d7ab80.jpg,0,0,0,0,0
78c413eb4.jpg,0,0,0,0,0
046282f58.jpg,0,0,1,0,1
a130c38e0.jpg,0,0,0,0,0
8fd5f880e.jpg,0,0,0,0,0
dcc794850.jpg,0,0,0,0,0
4e91ec662.jpg,0,0,0,0,0
ce8da6d72.jpg,1,0,0,0,1
248585a26.jpg,0,0,1,1,1
eb630c931.jpg,1,0,0,0,1
7971e089f.jpg,0,0,1,0,1
dff14f87b.jpg,0,0,0,1,1
3b2b465b0.jpg,0,0,0,0,0
e479a2e88.jpg,1,0,0,0,1
02d3ca489.jpg,0,0,0,0,0
3155bc129.jpg,0,0,1,0,1
e482bf630.jpg,0,0,1,0,1
0a536b3c5.jpg,0,0,0,0,0
5148cb009.jpg,0,0,0,0,0
df8db80e1.jpg,0,0,0,0,0
37d48f05d.jpg,1,0,0,0,1
f3a589343.jpg,0,0,0,0,0
522885da1.jpg,0,0,0,0,0
057b89dd5.jpg,0,0,1,0,1
422003263.jpg,0,0,0,0,0
9efbf2ac6.jpg,0,0,1,0,1
d160b5de3.jpg,0,0,1,0,1
15ca7ce7c.jpg,0,0,0,0,0
0b202a5ad.jpg,0,0,0,0,0
6d6469a35.jpg,0,0,0,0,0
375260eb6.jpg,0,0,0,0,0
376d2291e.jpg,0,0,1,0,1
e8814afd2.jpg,0,0,0,1,1
7ffa84870.jpg,0,0,0,0,0
63fde7ae0.jpg,0,0,1,0,1
af3bec1f0.jpg,0,0,0,0,0
bb6c5d50f.jpg,0,0,1,0,1
42d65967f.jpg,0,0,1,0,1
27116d428.jpg,0,0,0,0,0
3a9967d61.jpg,0,0,0,0,0
e0cc2a416.jpg,0,0,1,0,1
0ce3a145f.jpg,0,0,1,0,1
989eff877.jpg,0,0,0,0,0
a37853f39.jpg,0,0,0,0,0
14423e60c.jpg,0,0,0,0,0
0bd6da716.jpg,1,0,0,0,1
9557969ee.jpg,0,0,1,0,1
1a17a1f15.jpg,0,0,1,1,1
4d693ffaa.jpg,0,0,0,0,0
c0be19adf.jpg,0,0,1,0,1
6ccde604d.jpg,0,0,1,0,1
d767630fe.jpg,0,0,0,0,0
f47f238a3.jpg,0,0,1,0,1
dd1683e7b.jpg,0,0,1,0,1
a5b53e614.jpg,0,0,1,0,1
b9ca7f9f9.jpg,0,0,0,0,0
338d3b828.jpg,1,1,0,0,1
7a7d2b822.jpg,0,0,0,0,0
bd4957b80.jpg,0,0,0,1,1
2dc3dd0a6.jpg,1,0,0,0,1
c4c5b8e2a.jpg,0,0,1,0,1
663abe741.jpg,0,0,0,0,0
9e3840cd6.jpg,0,0,0,0,0
37d1f8b36.jpg,0,0,0,1,1
edb3ff5b5.jpg,0,0,1,0,1
39bec5e5e.jpg,1,0,0,0,1
e1b97f71c.jpg,0,0,0,0,0
03faf7462.jpg,0,0,1,0,1
0095cd374.jpg,0,0,1,0,1
23d529481.jpg,0,0,0,0,0
1ebd7aba5.jpg,0,0,1,0,1
419dc2472.jpg,0,0,1,0,1
d246ea324.jpg,0,0,1,0,1
e5ea04944.jpg,0,0,1,0,1
213b0d05f.jpg,0,0,0,0,0
0b77d4ddf.jpg,0,0,1,0,1
be1e1cb10.jpg,1,0,0,0,1
feebccc73.jpg,0,0,0,0,0
3ae560b21.jpg,0,0,0,0,0
4b5a7abdc.jpg,0,0,0,0,0
6a503e352.jpg,0,0,0,0,0
917607322.jpg,0,0,1,0,1
607105dac.jpg,1,0,0,0,1
3329a8a7a.jpg,0,0,0,0,0
fd184c14c.jpg,0,0,1,0,1
e21fd95ad.jpg,0,0,0,1,1
181d5197b.jpg,0,0,1,0,1
0602f0520.jpg,0,0,1,0,1
b845ef149.jpg,0,0,1,0,1
21bf9d854.jpg,1,0,0,0,1
c9358e43f.jpg,0,0,1,0,1
786faedc1.jpg,0,0,1,0,1
03da79fda.jpg,1,0,0,0,1
47f02f32b.jpg,0,0,0,0,0
982193e49.jpg,0,0,1,1,1
3fdbbf305.jpg,0,0,1,0,1
16585993c.jpg,0,0,0,0,0
6a9ff8fdd.jpg,0,0,0,0,0
e3b9a7b07.jpg,0,0,1,1,1
3b4c484d0.jpg,0,0,1,0,1
30d00096d.jpg,0,0,1,0,1
c94f78afa.jpg,0,0,1,0,1
40c3e418e.jpg,0,0,0,0,0
332c2f40a.jpg,0,0,0,0,0
cdc4a0cf8.jpg,0,0,0,0,0
2b62b9cb1.jpg,0,0,0,0,0
67a047923.jpg,0,0,1,0,1
bbf5db291.jpg,0,0,0,0,0
12e0fb251.jpg,0,0,0,0,0
c61f973ba.jpg,0,0,0,0,0
48c7eaaea.jpg,0,0,0,0,0
3ff8946e0.jpg,0,0,1,0,1
a2e96800f.jpg,0,0,0,1,1
f539d7bea.jpg,0,0,1,0,1
376f54c5f.jpg,0,0,0,0,0
4a5beea32.jpg,0,0,1,0,1
f85515b8b.jpg,0,0,1,0,1
db3d85bc9.jpg,0,0,1,0,1
927c96c9c.jpg,0,0,0,0,0
61228a49c.jpg,0,0,1,0,1
624a6daf6.jpg,0,0,0,0,0
51c35e519.jpg,0,0,1,0,1
82f4c0b69.jpg,0,0,1,0,1
0d324f7bd.jpg,0,0,0,0,0
b0f641041.jpg,0,0,0,0,0
a470f2761.jpg,1,0,0,0,1
75c290dc0.jpg,0,0,0,0,0
298329e69.jpg,0,0,0,0,0
2f08f1780.jpg,0,0,0,0,0
b14b855e6.jpg,0,0,0,0,0
4bb7baa20.jpg,0,0,1,0,1
d178d246a.jpg,0,0,1,0,1
1bb1e1055.jpg,0,0,1,0,1
f80b4e4e4.jpg,0,0,1,0,1
517b242ce.jpg,0,0,0,0,0
f806ebb39.jpg,0,0,0,0,0
d57d0d3d1.jpg,0,0,0,0,0
002fc4e19.jpg,1,1,0,0,1
104e612c2.jpg,0,0,1,0,1
33226811d.jpg,0,0,1,0,1
5ee800985.jpg,0,0,0,0,0
622086df1.jpg,0,0,1,0,1
463108c67.jpg,1,0,0,0,1
250f61fb3.jpg,0,0,0,0,0
8fecff476.jpg,0,0,0,0,0
976a6c529.jpg,0,0,1,0,1
4e33d6324.jpg,0,0,0,1,1
a59ed020a.jpg,0,0,0,0,0
82e11b4e4.jpg,0,0,1,0,1
bb5b38c31.jpg,0,0,0,0,0
23109ddf4.jpg,0,0,0,0,0
65903909a.jpg,0,0,1,0,1
1be0f63b4.jpg,0,0,0,0,0
e717b8fb9.jpg,0,0,0,0,0
e8fefd824.jpg,0,0,1,0,1
e75d92916.jpg,0,0,0,0,0
71e7c350b.jpg,0,0,0,0,0
ff5590fbe.jpg,0,0,1,0,1
2b1630571.jpg,0,0,0,0,0
fe90516f3.jpg,0,0,1,0,1
8c732ade1.jpg,0,0,1,0,1
d51288846.jpg,0,0,0,0,0
08c2fc120.jpg,0,0,1,0,1
801d299ac.jpg,0,0,1,0,1
c7a631017.jpg,0,0,0,0,0
43e99cd80.jpg,0,0,0,0,0
504e47cce.jpg,0,0,1,0,1
e4d934562.jpg,0,0,0,0,0
34ada39f2.jpg,0,0,0,0,0
8cc65d1f7.jpg,0,1,0,0,1
eeaccd41b.jpg,0,0,0,0,0
a39b0ef7e.jpg,0,0,1,0,1
6088b253e.jpg,0,0,0,0,0
1dc8a43ce.jpg,0,0,1,0,1
f42768e5d.jpg,0,0,0,0,0
b1e9c469c.jpg,0,0,1,0,1
bf02703ff.jpg,0,0,0,0,0
81c37d5f1.jpg,1,0,0,0,1
0c5c5644b.jpg,0,0,1,0,1
19e9bfbf2.jpg,0,0,0,0,0
edc0d2bf8.jpg,1,0,0,0,1
32ed255a4.jpg,0,0,1,0,1
f5b46c3c1.jpg,0,0,1,0,1
ab312df89.jpg,0,0,1,0,1
bca4ae758.jpg,1,0,0,0,1
02bb80457.jpg,0,0,0,0,0
2b91b6d20.jpg,0,0,0,0,0
88ab9068d.jpg,0,0,0,0,0
9c005a770.jpg,0,0,1,0,1
fc6cbd71b.jpg,0,0,0,0,0
74bb2c5ff.jpg,1,0,0,0,1
9e450923e.jpg,0,0,0,1,1
605ed0050.jpg,0,1,0,0,1
d1cfa9327.jpg,0,0,0,0,0
c2d2af726.jpg,0,0,0,0,0
fde8b6a20.jpg,0,0,0,0,0
f07399cf6.jpg,0,0,0,0,0
497d0a057.jpg,0,0,1,0,1
7b857d874.jpg,0,0,0,1,1
3b4749f2c.jpg,0,0,0,0,0
8a993359d.jpg,0,0,1,0,1
2261e0f9c.jpg,0,0,1,0,1
1ab604624.jpg,0,0,0,0,0
756aa78a1.jpg,0,0,0,0,0
b1c6e8959.jpg,0,0,0,0,0
1534debad.jpg,0,0,0,0,0
448c5b1b1.jpg,0,0,0,0,0
4b159f1b8.jpg,0,0,0,0,0
3846a8c0c.jpg,0,0,1,0,1
571f22cde.jpg,0,0,1,0,1
bf6be1910.jpg,0,0,1,0,1
746863c8f.jpg,0,0,1,0,1
65dabbb96.jpg,0,0,0,0,0
2c956317b.jpg,1,0,0,0,1
178490b45.jpg,0,0,1,0,1
831fd3914.jpg,0,0,0,0,0
5d8690cf6.jpg,0,0,1,0,1
f67d160b0.jpg,0,0,0,0,0
097eaf94c.jpg,0,0,1,1,1
804caac5a.jpg,0,0,0,0,0
f65f02fdb.jpg,1,0,0,0,1
74aedfa3c.jpg,0,1,0,0,1
c927281da.jpg,0,0,1,0,1
ec3f302f2.jpg,0,0,1,0,1
b69f4f03c.jpg,0,0,0,0,0
4b1d2a283.jpg,0,0,1,0,1
70639811b.jpg,0,0,1,0,1
1c6625114.jpg,0,0,1,0,1
7550adc12.jpg,0,0,0,0,0
38fc3c6f5.jpg,0,0,0,0,0
c8cf3e9bf.jpg,0,0,0,0,0
b9071870c.jpg,0,0,0,0,0
479ec009a.jpg,0,0,0,1,1
57c752901.jpg,1,1,0,0,1
adf68e54a.jpg,0,0,1,0,1
cc21f2f40.jpg,0,0,0,1,1
51905a4bc.jpg,0,0,0,0,0
88365b4b0.jpg,0,0,1,0,1
d0557935f.jpg,0,0,0,0,0
ff1020719.jpg,0,0,1,0,1
74048991c.jpg,0,0,1,0,1
2453b68e2.jpg,0,0,1,0,1
51fd0e994.jpg,0,0,0,0,0
d501fc917.jpg,0,0,0,0,0
3b0fc5e05.jpg,0,0,0,0,0
e4a964382.jpg,0,0,1,0,1
a61727238.jpg,0,0,0,0,0
99cbebcec.jpg,0,0,0,0,0
164ed8257.jpg,0,0,0,0,0
bdf2e7b93.jpg,0,0,0,0,0
df983abed.jpg,0,0,1,0,1
b613acfb7.jpg,0,0,1,0,1
9661e7677.jpg,0,0,1,0,1
9ddc8a514.jpg,0,0,1,0,1
06d3a99cb.jpg,0,0,1,0,1
201560907.jpg,0,0,1,0,1
b1096a78f.jpg,0,0,0,0,0
45f3d518d.jpg,0,0,0,0,0
de79fa864.jpg,0,0,1,0,1
cc0df4327.jpg,0,0,0,0,0
24754bd08.jpg,0,0,0,0,0
140e59cff.jpg,1,0,1,0,1
9307b3de8.jpg,0,0,1,0,1
e3f979ef5.jpg,0,0,1,0,1
578fc1bb8.jpg,0,0,0,0,0
4913bc8ce.jpg,0,0,0,0,0
eb5a90623.jpg,0,0,0,0,0
7c1bcd3f1.jpg,0,0,1,0,1
1a382baf6.jpg,0,0,0,1,1
89158744a.jpg,0,0,1,1,1
19d892dd9.jpg,0,0,0,1,1
37f4c573f.jpg,0,0,1,0,1
ee036e6f9.jpg,0,0,0,0,0
a705b49f9.jpg,0,0,0,0,0
fb18f4f82.jpg,0,0,1,0,1
df6e8da02.jpg,0,0,1,0,1
740dac02b.jpg,0,0,1,0,1
127504e0f.jpg,0,0,1,0,1
9d57d9095.jpg,1,0,1,0,1
cc5bae861.jpg,1,0,0,0,1
d5425f5f5.jpg,0,0,1,0,1
256f19e24.jpg,0,0,0,0,0
a37447f04.jpg,0,0,1,1,1
ac077ad0e.jpg,0,0,0,0,0
77128fb28.jpg,0,0,0,0,0
348a12ffb.jpg,0,0,0,0,0
c528593e7.jpg,0,0,0,0,0
35a8b85a8.jpg,0,0,0,1,1
cb0ac6c6f.jpg,0,0,1,1,1
94a97adc8.jpg,0,0,1,0,1
42e3f99f6.jpg,0,0,0,0,0
37ea06e86.jpg,0,0,0,1,1
58b7be0f6.jpg,0,0,0,0,0
2dd360833.jpg,0,0,1,0,1
df7597610.jpg,0,0,0,0,0
e1a9e7c49.jpg,0,0,0,1,1
d8a7f9cab.jpg,0,0,0,1,1
b2cdd1c41.jpg,0,0,0,0,0
e6d66fce2.jpg,0,0,0,0,0
ab3fed191.jpg,0,0,1,0,1
8e5a5ca0f.jpg,0,0,1,0,1
ad50e3e3a.jpg,0,0,0,0,0
45c1cce45.jpg,0,0,1,0,1
a82b34c33.jpg,0,0,1,0,1
506826fc6.jpg,0,0,1,0,1
066b9220c.jpg,0,0,0,0,0
5af757935.jpg,0,0,1,0,1
f7f1db72c.jpg,0,0,0,0,0
5e6815274.jpg,0,0,0,0,0
5ed98fbe2.jpg,0,0,1,0,1
a33d86440.jpg,1,0,0,0,1
cc82046b0.jpg,0,0,0,0,0
8e1fb6f5a.jpg,0,0,1,0,1
831de6ce2.jpg,0,0,0,0,0
005b92582.jpg,0,0,0,0,0
351077c4c.jpg,0,0,0,0,0
f3f8f84d8.jpg,0,0,0,0,0
a3432d804.jpg,0,0,0,0,0
a3a66a86a.jpg,0,0,1,0,1
9e130c0b6.jpg,0,0,1,0,1
deca512a1.jpg,0,0,0,0,0
6d8835463.jpg,0,0,1,1,1
879427020.jpg,0,0,0,0,0
f32bb5699.jpg,0,0,1,0,1
008b9acf5.jpg,0,0,0,0,0
d0efba2d6.jpg,0,0,0,0,0
6de4051c7.jpg,0,0,0,0,0
8847458a0.jpg,0,0,1,0,1
2a74520ed.jpg,0,0,1,0,1
ee1a3dcd6.jpg,0,0,0,0,0
7d0ee3cd7.jpg,0,0,1,0,1
a2a8ba02d.jpg,0,0,0,0,0
d250196f8.jpg,0,0,0,0,0
8ed6b8054.jpg,0,1,0,0,1
1f9f854f3.jpg,0,0,0,0,0
fb3a54000.jpg,0,0,1,0,1
7ba0bbe30.jpg,0,0,1,0,1
4783eb121.jpg,0,0,1,0,1
eef2cc092.jpg,0,0,1,0,1
8df12e874.jpg,0,0,1,0,1
c709f2ca6.jpg,0,0,0,0,0
79a1e26f6.jpg,0,0,0,0,0
fac91988f.jpg,0,0,1,0,1
b799d56cd.jpg,0,0,1,0,1
970da5bb9.jpg,0,0,0,0,0
61a0d669a.jpg,0,0,1,0,1
bdb24ff3b.jpg,0,0,1,0,1
f18461ad5.jpg,0,0,0,0,0
47ac2a18c.jpg,0,0,0,0,0
c61d682a4.jpg,0,0,0,0,0
65d8eae69.jpg,0,0,0,0,0
8838f2e8d.jpg,0,0,0,0,0
6fe1343fb.jpg,0,0,0,0,0
f0fe4df29.jpg,0,0,1,0,1
b8eadd5bf.jpg,0,0,1,0,1
5d8c2d90e.jpg,0,0,1,0,1
1f7e9363d.jpg,0,0,1,0,1
534991d20.jpg,1,0,0,0,1
cdc267505.jpg,0,1,0,0,1
e7016d2fe.jpg,0,0,0,0,0
1c8053366.jpg,0,0,0,0,0
1ecd0214c.jpg,0,0,1,0,1
19c3a9c48.jpg,0,0,1,0,1
aeaa1deef.jpg,1,0,0,0,1
f9d912044.jpg,0,0,1,0,1
4f92a9f7a.jpg,0,0,0,0,0
ce61b565b.jpg,0,0,0,0,0
6f90ada6e.jpg,0,0,0,0,0
759075283.jpg,0,0,1,0,1
194cce1be.jpg,1,0,0,0,1
84865746c.jpg,0,0,1,1,1
e4645dffc.jpg,0,0,1,0,1
e8340339d.jpg,0,0,1,0,1
e461fe709.jpg,0,0,0,1,1
29936b461.jpg,1,0,0,0,1
bacb738d3.jpg,0,0,1,0,1
8aaf23412.jpg,0,0,1,0,1
af7ca17d0.jpg,0,0,1,0,1
5350e17c2.jpg,0,0,1,0,1
228a7a896.jpg,0,0,0,0,0
0999e53af.jpg,1,0,0,0,1
6cb1e08e1.jpg,0,1,0,0,1
dc94faafc.jpg,0,0,0,1,1
3ecde7d24.jpg,0,0,0,0,0
3ceb53d44.jpg,0,0,0,0,0
9ed73526a.jpg,0,0,0,0,0
8a7121b61.jpg,0,0,1,0,1
a763e8b83.jpg,0,0,0,1,1
6092ccb86.jpg,0,0,0,0,0
e690329c1.jpg,0,0,1,0,1
c39185609.jpg,0,0,0,0,0
b9acd9a0f.jpg,0,0,0,0,0
2749c24a9.jpg,0,0,0,1,1
198252b95.jpg,0,0,1,0,1
3b936b2b9.jpg,0,0,1,0,1
d251e9992.jpg,0,0,0,0,0
4bbf28a86.jpg,0,0,0,0,0
75878cb48.jpg,0,0,1,0,1
b266f6742.jpg,0,0,0,0,0
2c57742c3.jpg,0,0,0,0,0
0a8fddf7a.jpg,0,0,0,0,0
3294c9bd1.jpg,1,0,1,0,1
858213368.jpg,0,0,0,1,1
bbc220ad9.jpg,0,0,1,0,1
d7af729ba.jpg,0,0,0,0,0
436cc0226.jpg,0,0,0,0,0
4e5aabaae.jpg,0,0,1,0,1
b147f0f0f.jpg,0,0,1,0,1
20bee9bda.jpg,0,0,1,0,1
3b1d31523.jpg,0,0,0,0,0
9eed4fc7c.jpg,0,0,1,0,1
a4a648cf6.jpg,0,0,0,1,1
bd8e1d238.jpg,0,0,0,0,0
3a773f5e3.jpg,0,0,1,0,1
1c8802c08.jpg,0,0,0,1,1
34ed22913.jpg,0,0,0,0,0
60a90c7d3.jpg,0,0,0,0,0
a9bc755fe.jpg,0,0,0,0,0
86f7a8b1d.jpg,0,0,0,0,0
049fb17a1.jpg,0,0,0,0,0
99bc6c5c2.jpg,0,0,1,0,1
193eeae52.jpg,0,0,1,0,1
6d1467855.jpg,0,0,1,0,1
1c4018f02.jpg,0,0,0,0,0
66574a641.jpg,0,0,1,0,1
64fdc1a7a.jpg,0,0,1,0,1
83eb528df.jpg,0,0,0,0,0
a1d39efe0.jpg,0,0,0,0,0
8aaebf6ec.jpg,0,0,1,0,1
1eedf2f95.jpg,0,0,0,0,0
739033fb5.jpg,0,0,0,0,0
d2fd4e0d5.jpg,1,0,0,0,1
d97ec0357.jpg,0,0,0,0,0
ccd94dc85.jpg,0,0,1,0,1
2e97e0251.jpg,0,0,1,0,1
d4ce2a21d.jpg,0,0,1,0,1
bd5aeaa60.jpg,0,0,0,0,0
e5ccbb1b8.jpg,0,0,0,0,0
f53e75337.jpg,1,0,0,0,1
87f74731f.jpg,0,0,1,0,1
f06b3cff2.jpg,0,0,0,0,0
921096816.jpg,0,0,0,0,0
edcf5abf7.jpg,1,0,0,0,1
d38a0784b.jpg,1,0,0,0,1
84b1b2c23.jpg,0,0,0,0,0
c5b08d4e3.jpg,0,0,1,1,1
16020674e.jpg,0,0,0,0,0
e32bba07f.jpg,0,0,1,0,1
9d415d2b1.jpg,0,0,1,0,1
17af615e5.jpg,0,0,0,0,0
b4efad45e.jpg,0,0,1,0,1
d0274160d.jpg,0,0,0,0,0
175a25522.jpg,0,0,0,0,0
23783382d.jpg,0,0,1,0,1
63f58e5d6.jpg,0,0,0,0,0
70279ce5b.jpg,0,0,1,0,1
0b56da4ff.jpg,0,0,0,1,1
d98592ff2.jpg,0,0,0,0,0
6c6b4fb36.jpg,0,0,1,0,1
0774ee747.jpg,0,0,0,0,0
2eb516639.jpg,0,0,0,0,0
c5615e977.jpg,0,0,1,0,1
5a188bcf6.jpg,0,0,1,0,1
204ad9b3b.jpg,0,0,0,0,0
41632c229.jpg,0,0,1,0,1
fb6ed1e5a.jpg,0,0,0,0,0
d70e75dca.jpg,1,0,0,0,1
5213b418b.jpg,0,0,0,0,0
4018384ba.jpg,0,0,0,0,0
d9a3af776.jpg,0,0,0,0,0
d7ae2c9be.jpg,0,0,1,0,1
59b20349b.jpg,0,0,1,0,1
c03aa5c4a.jpg,0,0,0,0,0
154e7e802.jpg,1,0,0,0,1
a27d1d567.jpg,0,0,0,0,0
fa6567637.jpg,0,0,0,1,1
2f8559032.jpg,0,0,0,1,1
751db247d.jpg,0,1,0,0,1
80ed788e8.jpg,0,0,0,0,0
f34262e93.jpg,0,0,0,0,0
f46e63337.jpg,0,0,1,0,1
ae35b6067.jpg,0,0,1,0,1
ff8c44174.jpg,0,0,0,0,0
e04be8eca.jpg,0,0,1,0,1
c6632541a.jpg,0,0,0,0,0
cd4a71d17.jpg,0,0,0,0,0
c22accc84.jpg,1,0,0,0,1
80d60d687.jpg,0,0,1,0,1
0386ce84b.jpg,0,0,1,0,1
a49edb718.jpg,0,0,1,0,1
f9d0f27a0.jpg,0,0,1,1,1
df233f70a.jpg,0,0,0,0,0
bc67d17de.jpg,0,0,1,0,1
d2391cadf.jpg,0,0,0,0,0
9c98c13cc.jpg,0,0,0,0,0
f1691b37f.jpg,0,0,0,0,0
a5e0a4b23.jpg,0,0,0,0,0
7bda138f2.jpg,0,0,0,0,0
0fd52bd83.jpg,0,0,0,0,0
4af9e9b53.jpg,0,0,1,0,1
83f88d92e.jpg,0,0,1,1,1
b83d7659f.jpg,0,0,0,0,0
9883f9819.jpg,0,0,1,0,1
3b168b16e.jpg,0,0,0,0,0
ca850ca04.jpg,0,0,1,0,1
bc746015b.jpg,0,0,0,0,0
285781401.jpg,1,0,0,0,1
51d092947.jpg,1,0,0,0,1
196e624f5.jpg,0,0,1,0,1
73afc8798.jpg,1,0,0,0,1
534dacff6.jpg,0,0,1,0,1
4ee039478.jpg,0,0,0,0,0
dbb8a1051.jpg,0,0,0,0,0
dc815052a.jpg,0,0,0,0,0
832cb20cc.jpg,0,0,0,0,0
a4d75754c.jpg,0,0,0,0,0
b6d6d52ac.jpg,0,0,1,0,1
16b00d4ef.jpg,0,0,0,0,0
5d16d5e52.jpg,0,0,0,0,0
1e351863b.jpg,0,0,0,0,0
512065925.jpg,0,0,0,0,0
c4042c9f4.jpg,0,0,0,0,0
5c801ba0c.jpg,0,0,1,0,1
6137b0b89.jpg,0,0,0,0,0
d0d818b7d.jpg,0,1,0,0,1
879faadd1.jpg,0,0,0,0,0
46582cff8.jpg,0,0,1,0,1
3d6fc6cb2.jpg,0,0,0,0,0
29c3aaed7.jpg,0,0,0,0,0
8611deb61.jpg,0,0,1,0,1
98605cc93.jpg,0,0,0,0,0
294adfb02.jpg,0,0,0,0,0
007f28bba.jpg,0,0,0,0,0
5c7613c97.jpg,0,0,0,1,1
9aa301f3e.jpg,0,0,1,0,1
1561eb657.jpg,0,1,0,0,1
b833028fe.jpg,0,0,0,0,0
9bba9fd75.jpg,0,0,1,0,1
a2bde42d4.jpg,0,0,0,0,0
bf9b21859.jpg,0,0,1,0,1
0da6615e7.jpg,0,0,0,0,0
3e22efa89.jpg,0,0,1,0,1
4729288ed.jpg,0,0,0,0,0
3ba5b066f.jpg,0,0,1,0,1
a909833f5.jpg,0,0,1,0,1
90b268acf.jpg,0,0,0,0,0
dfe79ed0f.jpg,0,0,1,0,1
cfcd8a44e.jpg,0,0,0,0,0
205e05371.jpg,0,0,1,0,1
8071db7b3.jpg,0,0,1,0,1
0beadf0e6.jpg,0,0,0,0,0
2ab6eed56.jpg,0,0,0,0,0
537d5882a.jpg,0,0,0,0,0
16acf1ed9.jpg,0,0,1,0,1
be65d7bb7.jpg,0,0,1,0,1
bfa17327e.jpg,0,0,1,0,1
1a603f8dd.jpg,0,0,1,0,1
faa053217.jpg,0,0,0,0,0
dc3959c7b.jpg,0,0,0,0,0
26bcc93ff.jpg,0,0,0,0,0
33e32bbf2.jpg,1,0,0,0,1
49d28224c.jpg,0,0,1,0,1
63da8f810.jpg,0,0,1,0,1
a471d7877.jpg,0,0,1,0,1
f63112dc2.jpg,0,0,0,0,0
88b4105df.jpg,0,0,0,0,0
869a36ad5.jpg,0,0,0,0,0
fb37207e8.jpg,0,0,0,0,0
35def034c.jpg,0,0,0,0,0
0e71cd651.jpg,0,0,1,1,1
ea1e42b6a.jpg,0,0,1,0,1
511570622.jpg,0,0,0,1,1
ac172af5a.jpg,0,0,1,0,1
836ccf3b0.jpg,0,0,1,0,1
e2f601a45.jpg,0,0,0,0,0
18db4975b.jpg,0,0,0,0,0
b7be0627c.jpg,0,0,0,0,0
cd4cd2c97.jpg,0,0,1,0,1
35271f898.jpg,0,0,1,0,1
822ccb565.jpg,0,0,1,0,1
611966559.jpg,0,0,0,0,0
3f400c81f.jpg,0,0,0,0,0
a083a8cbc.jpg,1,0,0,0,1
d43c06a93.jpg,0,0,0,1,1
f1396bc02.jpg,0,0,0,0,0
3e3f8a077.jpg,0,0,1,0,1
c9415c620.jpg,0,0,1,0,1
0be9bad7b.jpg,0,0,1,1,1
1f8ea6702.jpg,0,0,1,0,1
3ade75b6e.jpg,0,0,1,0,1
62b0efabd.jpg,0,0,0,0,0
f22da130b.jpg,0,0,0,1,1
1082cfe08.jpg,0,0,0,1,1
98e2146e9.jpg,0,0,1,0,1
2454d3770.jpg,0,0,0,0,0
deb855665.jpg,0,0,0,0,0
e573261f9.jpg,0,0,0,0,0
746b3a357.jpg,0,0,0,0,0
5c238e376.jpg,0,0,1,0,1
5fd74daee.jpg,1,0,0,0,1
4b4bbf418.jpg,0,0,1,0,1
358e87349.jpg,0,0,0,0,0
53d16f700.jpg,0,0,0,0,0
d4a504f7c.jpg,0,0,0,0,0
41ab65e3f.jpg,0,0,0,0,0
1966c0598.jpg,0,0,0,0,0
539be6ba4.jpg,0,0,1,0,1
dcc3c7a50.jpg,0,0,1,0,1
30c2d753f.jpg,0,0,1,0,1
49d1ff5e2.jpg,0,0,1,0,1
673099a5e.jpg,0,0,0,0,0
110e63bfa.jpg,0,0,0,0,0
3b4c8b9a4.jpg,0,0,1,1,1
8a642f9d3.jpg,1,0,1,0,1
3b2ad5e0b.jpg,0,0,0,0,0
1f3092136.jpg,0,0,0,0,0
a9378655a.jpg,1,0,0,0,1
68150e7ff.jpg,0,0,1,0,1
03ab4e3ea.jpg,0,0,1,0,1
b35a7ff2e.jpg,0,0,1,0,1
9574104d6.jpg,0,0,1,0,1
750235a63.jpg,0,0,0,0,0
8f7a6532b.jpg,1,0,0,0,1
817c6c7a8.jpg,0,0,1,0,1
83c431c22.jpg,0,0,1,0,1
5c48d6e80.jpg,0,0,0,0,0
3f536622f.jpg,0,1,0,0,1
6110a6c5f.jpg,0,0,0,0,0
5d070ece7.jpg,0,0,0,0,0
4f19a907e.jpg,0,0,0,0,0
ccd5a9004.jpg,0,0,0,0,0
61a06d797.jpg,0,0,1,0,1
1dd76fb74.jpg,0,0,1,0,1
e6fd24165.jpg,0,0,1,0,1
7f67ad59d.jpg,0,0,1,0,1
68cc04a14.jpg,0,1,0,0,1
daf0cb98c.jpg,0,0,0,0,0
55d87ed7a.jpg,0,0,1,0,1
7689b3227.jpg,0,0,0,0,0
f8fe4e3d9.jpg,0,0,0,0,0
39b2dbb9b.jpg,0,0,1,0,1
ef24da2ba.jpg,1,1,1,0,1
e2d64c010.jpg,1,0,1,0,1
82583cd1d.jpg,0,0,0,0,0
a0709a1e6.jpg,0,0,1,0,1
4bb7b1660.jpg,0,0,0,0,0
3f36e2d85.jpg,1,0,0,0,1
65a93d127.jpg,0,0,0,0,0
6c73bb975.jpg,0,0,1,0,1
62b6e4d5d.jpg,0,0,0,0,0
afcf048de.jpg,0,0,0,0,0
9d77811eb.jpg,0,0,1,0,1
d28e2e457.jpg,0,0,0,0,0
2e531b831.jpg,0,0,0,0,0
7af37ebf9.jpg,0,0,0,0,0
9f2871e90.jpg,0,0,1,0,1
dd1088aa8.jpg,0,0,0,0,0
44415ab00.jpg,0,1,0,0,1
166944188.jpg,0,0,0,0,0
3f3b0ba51.jpg,0,0,0,1,1
7c7f040ca.jpg,0,0,1,0,1
bd697eec9.jpg,0,0,0,0,0
f4a852272.jpg,0,0,0,0,0
6afb926ab.jpg,0,0,0,0,0
5be411059.jpg,0,0,0,0,0
7378f1d94.jpg,0,0,1,0,1
b941eeaa7.jpg,0,0,1,0,1
4f798b970.jpg,0,0,0,0,0
8d86c3edb.jpg,0,0,0,0,0
59e91f935.jpg,0,1,0,0,1
b68b9258c.jpg,0,0,1,0,1
fb2c208eb.jpg,0,0,0,0,0
aa96b12e7.jpg,0,0,0,0,0
8e7477968.jpg,0,0,1,0,1
b19fbab56.jpg,1,0,0,0,1
f0fdd6b7f.jpg,0,0,1,0,1
528470bcc.jpg,0,0,0,0,0
e65c374a9.jpg,0,0,0,0,0
81aed13bf.jpg,1,0,1,0,1
0a058fcb6.jpg,0,0,0,0,0
258890040.jpg,0,0,0,0,0
8f295e1a6.jpg,0,0,0,0,0
78a194558.jpg,0,0,0,0,0
fb714819e.jpg,0,0,0,0,0
707534bdb.jpg,0,0,1,0,1
96ad2b246.jpg,0,0,1,0,1
d482f0159.jpg,0,0,0,1,1
3ce4ece71.jpg,0,0,1,0,1
b3ff830e0.jpg,0,0,1,0,1
1bd3a1f4c.jpg,0,0,1,0,1
6ee3fd98e.jpg,0,0,0,0,0
6fdd5f4ac.jpg,0,0,1,0,1
45041352a.jpg,0,0,0,0,0
665a8347a.jpg,0,0,0,0,0
9f8f010ab.jpg,0,0,0,0,0
57239737a.jpg,1,0,0,0,1
1346c8ba2.jpg,0,0,1,0,1
2ec4f0fa4.jpg,0,0,0,0,0
eab9d667f.jpg,0,0,1,0,1
268f0fa63.jpg,1,0,1,0,1
ebe4ba4f4.jpg,0,0,0,0,0
bc623fb4e.jpg,0,0,0,0,0
c199d741a.jpg,0,1,0,0,1
6f96a0814.jpg,0,1,0,0,1
81f75d1b5.jpg,0,0,1,0,1
991e0dfdf.jpg,0,0,1,0,1
8248c9b1d.jpg,0,0,1,1,1
7e25a3973.jpg,0,0,0,1,1
d7b0f2130.jpg,0,0,1,0,1
a9eed3b01.jpg,0,0,1,0,1
3beb63791.jpg,1,0,0,0,1
3bc4693c1.jpg,0,0,0,0,0
c2562fab2.jpg,0,0,0,0,0
55475eb9b.jpg,0,0,0,0,0
0281aba7b.jpg,0,0,1,0,1
280dbbace.jpg,0,0,0,1,1
d1e9e969f.jpg,0,0,1,0,1
1eb8aaa15.jpg,0,0,0,0,0
e6c67a7f2.jpg,0,0,0,0,0
e4d59620c.jpg,0,0,0,0,0
d444fedff.jpg,0,0,0,0,0
8c6138a1d.jpg,0,0,0,0,0
825a8ea8f.jpg,1,0,1,0,1
24aa8d834.jpg,0,0,0,0,0
7b08e8584.jpg,0,0,1,1,1
a0b425852.jpg,0,0,0,0,0
4c2198026.jpg,0,0,1,0,1
bf295a8e9.jpg,0,0,1,0,1
5013e5c9d.jpg,0,0,1,0,1
2f4bcb852.jpg,0,0,0,0,0
feebe80d4.jpg,0,0,1,0,1
61204ded5.jpg,0,0,1,0,1
3c7a4b9bf.jpg,0,0,0,0,0
841c1f67e.jpg,0,0,1,0,1
7150719e7.jpg,0,0,1,0,1
10c190f20.jpg,0,0,1,0,1
99224c3d5.jpg,0,0,0,1,1
6160e3483.jpg,0,0,0,0,0
c924ce298.jpg,0,0,0,1,1
ac6b3e4bc.jpg,0,0,0,0,0
799e73fb7.jpg,0,0,0,0,0
0d7943344.jpg,0,0,0,0,0
d6d71b8ec.jpg,0,0,1,0,1
a1570342b.jpg,0,0,0,0,0
599251689.jpg,0,1,0,0,1
23120f506.jpg,0,0,1,0,1
008ef3d74.jpg,1,1,0,0,1
b941e37d2.jpg,0,0,0,1,1
3b6f87aed.jpg,0,0,1,0,1
d3478f166.jpg,0,0,0,0,0
0d1ada935.jpg,0,0,0,0,0
1f06bd0a5.jpg,1,0,0,0,1
9c707885a.jpg,0,0,0,0,0
4155f56f9.jpg,0,0,0,0,0
418e47222.jpg,0,0,1,0,1
356a85fab.jpg,0,0,0,0,0
4a3349094.jpg,0,0,0,0,0
175d95f92.jpg,0,0,0,0,0
318921a5a.jpg,0,0,0,0,0
6bb4797fb.jpg,0,0,0,0,0
08b99532a.jpg,0,0,0,0,0
f79e8cbcb.jpg,0,0,1,0,1
36a39e435.jpg,0,0,0,1,1
bd99469d2.jpg,0,0,1,0,1
635c14be4.jpg,0,0,0,0,0
8821b2e2c.jpg,0,0,1,0,1
2741274d7.jpg,0,0,1,0,1
1d32009ed.jpg,0,0,1,0,1
2e4da1fd1.jpg,0,0,1,0,1
0148e9891.jpg,0,0,1,0,1
09ee01161.jpg,0,0,1,0,1
429cbaa59.jpg,0,0,0,0,0
6668e50d0.jpg,0,0,1,0,1
97eb88e35.jpg,0,0,1,0,1
7c95cddba.jpg,0,0,1,0,1
3c8b6c978.jpg,0,0,1,0,1
e1727840b.jpg,0,0,0,0,0
5c030bf0c.jpg,0,0,0,0,0
ffc9fdf70.jpg,0,0,1,0,1
931c4b9aa.jpg,0,0,1,0,1
ed30f8ba4.jpg,0,0,0,0,0
65bb052e9.jpg,0,0,1,0,1
d74c7c967.jpg,0,0,1,0,1
69a826bd5.jpg,0,0,0,1,1
26eecdd24.jpg,0,0,0,0,0
7e9c06c77.jpg,0,0,0,0,0
813be2643.jpg,0,0,0,0,0
85f49a396.jpg,0,0,0,0,0
000789191.jpg,0,0,0,0,0
9ce9f9c78.jpg,0,0,0,0,0
fce971b43.jpg,0,0,1,0,1
930fe8fc7.jpg,0,0,1,0,1
f23c857a4.jpg,0,0,1,0,1
fcddbcbc0.jpg,1,0,0,0,1
4a4f274d1.jpg,0,0,1,0,1
80be3bfdc.jpg,0,0,0,0,0
867f080f0.jpg,0,0,1,0,1
353e60eef.jpg,0,0,1,0,1
84a30b719.jpg,0,0,0,0,0
51103c2eb.jpg,0,0,0,0,0
ba61430df.jpg,0,0,0,0,0
3505dd9f3.jpg,0,0,1,0,1
1e6878c5e.jpg,0,0,0,0,0
55979505e.jpg,0,0,1,0,1
b2866fa08.jpg,0,0,0,0,0
6b2fa8dea.jpg,0,0,0,0,0
624b76e5c.jpg,1,0,0,0,1
a9c5e9f1e.jpg,0,0,1,0,1
5b6f98ba8.jpg,0,0,1,0,1
3c4cc1168.jpg,0,0,1,0,1
de3e52e11.jpg,0,0,1,0,1
052cc2a0f.jpg,0,0,0,1,1
04ae7853c.jpg,0,0,1,0,1
19dd323a9.jpg,0,0,0,0,0
3e150b43f.jpg,0,0,0,0,0
9323bd21d.jpg,0,0,1,0,1
a79e9a769.jpg,0,0,1,0,1
1396b6e88.jpg,0,0,1,0,1
3d1ad610d.jpg,0,0,0,0,0
6f405f1e3.jpg,0,0,1,0,1
23299a0bd.jpg,0,0,0,0,0
7d8dde8af.jpg,0,0,0,0,0
c5cf9f24e.jpg,0,0,0,0,0
1e75373b2.jpg,1,0,0,0,1
fff0295e1.jpg,0,0,0,0,0
5956f0975.jpg,1,0,0,0,1
4adc459d5.jpg,0,0,1,0,1
b24d691a6.jpg,0,0,1,1,1
2b09e0923.jpg,0,0,0,0,0
50c8a63b1.jpg,0,0,1,0,1
6b6fce7c2.jpg,0,0,0,0,0
7dfa03913.jpg,0,0,0,0,0
41a3062a9.jpg,0,0,0,0,0
781542bfc.jpg,1,0,0,0,1
7f08f6d42.jpg,0,0,1,0,1
fc23f981b.jpg,0,0,0,0,0
bb1c6efac.jpg,0,0,1,0,1
a0ce98154.jpg,1,0,1,0,1
848713301.jpg,1,0,0,0,1
d99f9f7ac.jpg,0,0,1,1,1
37e464678.jpg,0,0,0,0,0
99eee45f5.jpg,0,0,0,0,0
6a8d360f7.jpg,0,0,1,0,1
3a4a2014a.jpg,0,0,0,0,0
ab573218d.jpg,0,0,0,0,0
dedd68ca3.jpg,0,0,0,0,0
d4f7f47eb.jpg,0,0,0,0,0
878154db9.jpg,0,0,0,0,0
e66f146bd.jpg,0,0,0,0,0
58f11e1cb.jpg,0,0,1,0,1
0ef4bff49.jpg,0,0,0,0,0
c8216657a.jpg,0,0,1,0,1
bdac05a8c.jpg,0,0,0,0,0
26e034336.jpg,0,0,0,0,0
eff908342.jpg,0,0,0,0,0
4ab570f98.jpg,0,0,0,0,0
3fb78d513.jpg,0,0,1,0,1
012a4581b.jpg,0,0,0,0,0
7af34faaf.jpg,0,0,0,1,1
454d794dc.jpg,0,0,1,1,1
086739d4f.jpg,0,0,0,0,0
2d5e1b155.jpg,0,0,0,0,0
8a3de2473.jpg,0,0,1,0,1
403a0cb2e.jpg,0,0,1,0,1
9b2298962.jpg,0,0,0,0,0
8b502495c.jpg,0,0,0,0,0
83476e834.jpg,1,0,0,0,1
614e8523d.jpg,0,0,1,0,1
9406cb49a.jpg,0,0,1,0,1
4f8570f4c.jpg,0,0,0,0,0
3071e65a5.jpg,0,0,1,0,1
b303bf6e5.jpg,0,0,1,0,1
ac912ddc4.jpg,0,0,1,0,1
9a7b427b4.jpg,0,0,0,0,0
1d69915c8.jpg,0,0,0,0,0
bcef3582e.jpg,0,0,1,0,1
bb43fd55f.jpg,0,0,0,0,0
c2798319f.jpg,0,0,0,0,0
985c8ac4f.jpg,0,0,0,0,0
8e11e6dff.jpg,0,0,1,0,1
54fd0b997.jpg,0,0,0,0,0
d9a63b372.jpg,0,0,0,1,1
84ba31d0a.jpg,1,0,0,0,1
c74abe00a.jpg,0,0,1,0,1
07ba66beb.jpg,1,0,0,0,1
64e49facc.jpg,0,0,0,0,0
36a630d2a.jpg,0,0,0,0,0
fb6666769.jpg,0,0,1,0,1
623c8ea1a.jpg,0,0,0,0,0
b58132808.jpg,0,0,1,0,1
e7ced5b76.jpg,0,0,1,0,1
589dfc4f8.jpg,0,0,0,0,0
45f4acb24.jpg,0,0,0,0,0
167ae556b.jpg,0,0,1,0,1
53c1aba83.jpg,0,0,0,0,0
3d0fc6499.jpg,0,0,1,0,1
ba9f5bb00.jpg,0,0,0,0,0
6e785e50c.jpg,0,0,1,0,1
8ab80ae38.jpg,0,0,0,0,0
d849d7a48.jpg,0,0,1,0,1
2f48dbf0f.jpg,0,0,0,0,0
de7eb4006.jpg,0,0,0,0,0
4af60d51c.jpg,0,0,0,0,0
57e6b1bcd.jpg,1,0,0,0,1
84beeb839.jpg,0,0,1,0,1
2dc31340a.jpg,0,0,1,0,1
37da29373.jpg,0,0,1,0,1
15aab6627.jpg,0,0,0,0,0
d451b5308.jpg,0,0,0,0,0
12ee58841.jpg,0,0,1,0,1
6c936a770.jpg,0,0,0,0,0
a36c9a89e.jpg,0,0,0,0,0
80d40cc9c.jpg,0,0,1,0,1
06b384e78.jpg,0,0,1,0,1
d43062a18.jpg,0,0,0,0,0
3604dfc38.jpg,0,0,1,0,1
ec1ffc4eb.jpg,0,0,1,0,1
7bcd7a3c4.jpg,0,0,0,0,0
c5c88f5ee.jpg,0,0,0,0,0
4d5108fe6.jpg,0,0,0,0,0
4c429755c.jpg,0,0,0,0,0
3ab4ca44c.jpg,0,0,1,0,1
55b0d9d23.jpg,0,0,0,0,0
6febbeb1e.jpg,0,0,0,0,0
4d93e9c21.jpg,0,0,1,0,1
7220aba6c.jpg,0,0,1,0,1
35665c5b9.jpg,0,0,1,0,1
52786ae5b.jpg,0,0,0,0,0
51ee8ec48.jpg,0,0,1,0,1
5210ac609.jpg,0,0,1,0,1
383793f65.jpg,0,0,0,0,0
fe335d9b8.jpg,0,0,1,0,1
09e75817a.jpg,0,0,1,0,1
8ece18d8a.jpg,0,0,0,0,0
15ece0447.jpg,0,0,1,0,1
e0a29a9da.jpg,0,0,0,0,0
f2cc60a91.jpg,0,0,0,0,0
9cc9355cd.jpg,0,0,0,0,0
5a4af1a28.jpg,0,0,0,0,0
86e80375f.jpg,1,0,0,0,1
e72dc1d19.jpg,0,0,1,0,1
6c0433718.jpg,0,0,0,0,0
96588d8eb.jpg,0,0,0,0,0
080906d34.jpg,0,0,0,0,0
56011ad29.jpg,0,0,0,1,1
cc9006402.jpg,0,0,1,0,1
bc64a47ef.jpg,0,0,0,0,0
19656c148.jpg,0,0,1,0,1
e4329f291.jpg,0,0,0,0,0
76f6fd3df.jpg,0,0,0,0,0
475f45f13.jpg,0,0,0,0,0
4dc35083b.jpg,0,0,1,0,1
49b83d8fa.jpg,0,0,1,0,1
da691bc2e.jpg,0,0,1,0,1
f3f049f32.jpg,0,0,0,0,0
31579309c.jpg,0,0,1,0,1
9d0c9812c.jpg,0,0,0,0,0
0e9356159.jpg,1,0,0,0,1
b658e6c9f.jpg,0,0,1,0,1
bc138a5ee.jpg,0,0,0,0,0
f50ff910b.jpg,0,0,0,0,0
9ffe5113f.jpg,0,0,0,0,0
fdd592bf5.jpg,0,0,0,0,0
0e0f0a99e.jpg,0,0,0,0,0
284fa3b23.jpg,0,0,0,0,0
8f0a7e8af.jpg,1,0,1,0,1
64945c8c0.jpg,0,0,0,0,0
16f5ada73.jpg,0,0,0,0,0
5b58a64b9.jpg,0,0,0,0,0
f30cde286.jpg,0,0,0,0,0
a13c52c08.jpg,1,0,0,0,1
a4082ae09.jpg,0,0,0,0,0
2555226ad.jpg,0,0,0,0,0
0b475b419.jpg,0,0,1,0,1
5b9f92d00.jpg,0,0,1,0,1
5b73c33d7.jpg,1,0,1,0,1
8c3539cdd.jpg,1,0,0,0,1
3f2610dfe.jpg,0,0,0,0,0
ea48b3962.jpg,0,0,0,0,0
7f25edc7a.jpg,0,0,1,0,1
4c10454f2.jpg,0,0,0,0,0
d335a12b1.jpg,0,0,1,1,1
09bb26d69.jpg,0,0,0,0,0
d3705e767.jpg,0,0,0,0,0
7ba45f594.jpg,0,0,0,0,0
b28263013.jpg,0,0,0,0,0
08658acdf.jpg,0,0,0,0,0
0fcafcb3b.jpg,0,0,1,0,1
f61bac8e3.jpg,0,0,0,0,0
9ad1ad629.jpg,0,0,1,0,1
dd7ddd0a8.jpg,0,0,1,0,1
7420f27c9.jpg,0,0,1,0,1
c1e29d626.jpg,0,0,0,0,0
f5cfc6f9c.jpg,0,0,1,0,1
b001f0e9b.jpg,0,0,1,0,1
5457b2b87.jpg,0,0,0,0,0
29df0834a.jpg,0,0,1,0,1
b97e53bb3.jpg,0,0,0,0,0
a9f605949.jpg,0,0,1,0,1
9a016fe15.jpg,0,0,0,0,0
fc5e5979c.jpg,0,0,1,0,1
2f473296b.jpg,0,0,0,0,0
8c80c8059.jpg,0,0,0,0,0
c5af9872c.jpg,0,0,1,0,1
1013a0b6e.jpg,0,0,1,0,1
6d3986d43.jpg,0,0,0,0,0
ed73c3216.jpg,0,0,0,0,0
57f9b3eae.jpg,0,0,1,0,1
3f46ed8d5.jpg,0,0,0,0,0
4895e51ff.jpg,0,0,0,0,0
2f3187c74.jpg,0,0,0,0,0
81557b8cd.jpg,0,0,0,0,0
7549c90b1.jpg,0,0,1,0,1
43dac5ad5.jpg,0,0,1,0,1
0b8575001.jpg,0,0,1,0,1
d5a8b7ba4.jpg,0,0,0,1,1
ed2d06ff7.jpg,1,0,0,0,1
c27abfe11.jpg,0,0,0,0,0
0821136d7.jpg,0,0,0,0,0
2f03dc294.jpg,0,0,0,0,0
bff6601a3.jpg,0,0,0,0,0
d490180a3.jpg,1,0,0,0,1
01a1027ce.jpg,0,0,1,0,1
c83361e9d.jpg,0,1,0,0,1
756390c3a.jpg,0,0,1,0,1
61cbb3c15.jpg,0,0,1,0,1
fdd63753f.jpg,0,0,0,0,0
774f60117.jpg,0,0,0,0,0
9019c0e1e.jpg,0,0,1,0,1
ce72a126f.jpg,0,0,0,1,1
a7391743c.jpg,1,0,0,0,1
ac85ff364.jpg,0,0,0,0,0
a115aabc4.jpg,0,1,1,0,1
f56a760ba.jpg,0,0,0,0,0
9766ccf1b.jpg,0,0,0,0,0
39e4216eb.jpg,0,0,1,0,1
722df0394.jpg,0,0,1,0,1
c802d3e11.jpg,0,0,1,0,1
d8fe48b12.jpg,0,0,0,0,0
d3053d477.jpg,0,0,1,0,1
7c7883593.jpg,0,0,0,0,0
c51fb3d88.jpg,0,0,1,0,1
38e697d3f.jpg,0,0,0,0,0
d0da68d07.jpg,0,0,0,0,0
e2c203a0f.jpg,0,0,1,0,1
89ef83ab7.jpg,0,0,1,1,1
ca492d6f1.jpg,0,0,1,0,1
a3d5e7319.jpg,0,0,1,0,1
e93bfa412.jpg,0,0,1,1,1
627fef214.jpg,0,0,1,0,1
dc845f534.jpg,0,0,0,0,0
db62a970a.jpg,0,0,0,1,1
204bcfc88.jpg,1,0,0,0,1
816a3d605.jpg,0,0,1,1,1
761bdd88d.jpg,0,0,0,0,0
fb49750e4.jpg,0,0,0,0,0
3452f2319.jpg,0,0,0,0,0
34349ea9e.jpg,0,0,0,1,1
c3206fb3c.jpg,0,0,1,1,1
edd793914.jpg,0,0,0,0,0
b9bef4fe1.jpg,0,0,1,0,1
ebd992f54.jpg,0,0,0,0,0
a2e328f50.jpg,0,0,1,0,1
241cd2982.jpg,0,0,1,0,1
e24be9ec4.jpg,0,0,0,0,0
d1ac060b3.jpg,0,0,0,0,0
6ebf30a7b.jpg,0,0,0,0,0
fb0434dea.jpg,1,0,0,0,1
421c3f368.jpg,0,0,1,0,1
865286d6d.jpg,0,0,0,0,0
13cf44f8d.jpg,0,0,0,0,0
9438d5eef.jpg,0,0,1,0,1
92932546c.jpg,0,0,1,1,1
d665abf9d.jpg,0,0,1,0,1
87e6e09c4.jpg,0,0,0,0,0
c27f43f5c.jpg,0,0,0,0,0
efa1000e0.jpg,0,0,0,0,0
5e4546504.jpg,0,0,0,0,0
fbf7ac43e.jpg,0,0,1,0,1
13a5ae893.jpg,0,0,0,0,0
02431211b.jpg,0,0,1,0,1
6d5fae19b.jpg,0,0,1,0,1
6195c3cf0.jpg,0,0,0,0,0
8e2d247c4.jpg,0,0,1,0,1
6bedba903.jpg,0,0,1,0,1
66110a5d2.jpg,0,0,0,0,0
a1eb6b356.jpg,0,0,0,0,0
2d332f374.jpg,0,0,0,0,0
209e34a89.jpg,0,0,1,0,1
49c24c9a8.jpg,1,0,0,0,1
b9ca31b9c.jpg,0,0,0,0,0
20edbd1a8.jpg,0,0,1,1,1
508c739d1.jpg,0,0,1,0,1
a239718e1.jpg,0,0,1,0,1
eff2074df.jpg,0,0,1,0,1
6978ec041.jpg,0,0,0,0,0
65f40b75f.jpg,1,0,0,0,1
0fd87a6a9.jpg,0,0,0,0,0
0e0f06208.jpg,0,0,1,0,1
d137859d1.jpg,0,0,0,0,0
674be7ddd.jpg,1,0,0,0,1
123a05e48.jpg,0,0,0,0,0
d1ed49385.jpg,0,0,1,0,1
6276bd13c.jpg,0,0,1,0,1
4f89dd316.jpg,0,0,1,0,1
bce9bf82d.jpg,0,0,1,0,1
88683b031.jpg,0,0,0,0,0
44011d351.jpg,1,0,0,0,1
3c684f93f.jpg,0,0,0,0,0
9ef683a79.jpg,0,0,1,0,1
b1ba60ced.jpg,0,0,0,0,0
02b6b9f29.jpg,0,0,0,0,0
d6f5d9247.jpg,0,0,1,0,1
290990afb.jpg,0,0,0,0,0
cdbbb1967.jpg,0,0,1,0,1
7ff50bb90.jpg,0,0,1,0,1
c1b035207.jpg,0,0,0,0,0
7aa11e186.jpg,0,0,1,0,1
53e3ddbab.jpg,0,0,0,0,0
7f30a2a1e.jpg,0,0,1,0,1
35ce31284.jpg,0,0,1,0,1
8578375b5.jpg,0,0,0,0,0
aa53582ee.jpg,1,0,0,0,1
18f057e52.jpg,0,0,1,0,1
d66b6be33.jpg,0,0,0,0,0
bd894f161.jpg,0,0,0,0,0
7c00478a3.jpg,0,0,1,0,1
c4dd4b18b.jpg,0,0,0,0,0
8b9fdd8b6.jpg,0,0,0,0,0
caf3be05f.jpg,0,0,0,0,0
4945a40e6.jpg,0,0,0,0,0
818614bea.jpg,0,0,0,0,0
69cd30414.jpg,0,0,0,0,0
ea3af526f.jpg,0,0,0,0,0
94d76b2cc.jpg,0,0,0,0,0
bdbf5535f.jpg,0,0,1,0,1
bc68e0820.jpg,0,0,0,0,0
08cb2b899.jpg,0,0,0,0,0
940dd7878.jpg,0,0,0,0,0
8f3044c4f.jpg,0,0,1,0,1
75ab0593e.jpg,0,0,1,0,1
a053e52ca.jpg,0,0,1,0,1
9bf9dcf53.jpg,0,0,0,0,0
f96003fac.jpg,0,0,0,0,0
6b36665ef.jpg,0,0,1,0,1
5bb141102.jpg,0,0,0,0,0
c31982371.jpg,0,0,0,0,0
922939d64.jpg,0,0,1,0,1
a6ba6acf0.jpg,0,0,1,0,1
dde1f8ad2.jpg,0,0,0,0,0
ce8a0a234.jpg,0,0,0,0,0
472407235.jpg,0,0,1,0,1
f84697b80.jpg,0,0,1,0,1
d4fc42b43.jpg,0,0,0,0,0
6686b6b23.jpg,0,0,1,0,1
b895d1213.jpg,0,0,1,0,1
b50c7a02c.jpg,0,0,0,0,0
af36d22ab.jpg,0,0,0,0,0
48fee593e.jpg,0,0,0,0,0
c2759d94e.jpg,1,0,0,0,1
12939a330.jpg,0,0,0,0,0
348bfe68e.jpg,0,0,0,0,0
ced4439da.jpg,0,0,1,0,1
07e68173c.jpg,0,0,0,0,0
47dc31ace.jpg,0,0,1,0,1
4cb193d84.jpg,0,0,0,0,0
a69fb48e2.jpg,0,0,1,0,1
d23d243cc.jpg,0,0,1,0,1
3ca2ba71b.jpg,0,0,1,1,1
a77af14dd.jpg,1,0,0,0,1
9b1abd245.jpg,0,0,1,1,1
201f7cd69.jpg,1,0,0,0,1
daacde94c.jpg,0,0,1,0,1
22f4a9477.jpg,0,0,0,0,0
44bdd7c49.jpg,0,0,1,0,1
e8ea20f7f.jpg,0,0,1,0,1
542fed55c.jpg,1,0,1,0,1
09d4ee8a5.jpg,0,0,1,0,1
ab6f35523.jpg,0,0,0,0,0
aff405a28.jpg,0,0,1,0,1
bc12102b8.jpg,0,0,0,0,0
c4d5657bc.jpg,0,0,1,0,1
7f5d1da76.jpg,0,0,1,0,1
99972b00f.jpg,0,0,0,0,0
47ffb18d5.jpg,0,0,0,0,0
2cf487578.jpg,0,0,1,0,1
12d1056a2.jpg,0,0,0,0,0
cf37ed7ca.jpg,0,0,0,0,0
14a77cc6f.jpg,0,0,1,0,1
9bc663aae.jpg,0,0,0,0,0
0e7a45695.jpg,1,0,0,0,1
85adaa491.jpg,1,0,0,0,1
b442ff31d.jpg,0,0,1,0,1
8af6db1f9.jpg,0,0,0,0,0
c23ef14ee.jpg,0,0,1,0,1
206bb4788.jpg,0,0,0,0,0
2511b18de.jpg,0,0,0,0,0
47c2607ee.jpg,0,0,0,0,0
bd02a666e.jpg,0,0,0,0,0
d802b10c5.jpg,0,0,1,0,1
5831b5e6b.jpg,0,0,0,0,0
c08bdfa3c.jpg,0,0,0,0,0
7d5e8edf0.jpg,0,0,0,0,0
7145a831a.jpg,0,0,0,0,0
6bcfe3b99.jpg,0,0,0,0,0
1d56ccf70.jpg,0,0,1,0,1
04505c6df.jpg,0,0,0,0,0
8f7426e6d.jpg,0,0,1,0,1
c0a428ebb.jpg,0,0,0,0,0
8480792ef.jpg,0,0,0,0,0
848b66095.jpg,0,0,1,0,1
016efe618.jpg,0,0,0,1,1
0e1925eb6.jpg,0,0,1,0,1
c210d2e08.jpg,0,1,0,0,1
3a222ca8a.jpg,0,0,1,0,1
c56baaa61.jpg,0,0,1,0,1
fbdc2daae.jpg,0,1,0,0,1
0fac62a3e.jpg,0,0,0,0,0
d0f88f6d2.jpg,0,0,0,0,0
acce2ad4e.jpg,0,0,0,0,0
97047587f.jpg,0,0,0,1,1
148da3675.jpg,0,0,0,0,0
f928cdeea.jpg,0,0,0,0,0
2c581b76f.jpg,0,0,0,0,0
cd5b14850.jpg,1,1,0,0,1
eaa65effb.jpg,0,0,0,1,1
d7f6f26c4.jpg,0,0,0,0,0
9e5b91357.jpg,0,0,0,0,0
dba57b15f.jpg,0,0,0,0,0
79730ecdc.jpg,0,0,0,1,1
163ff3547.jpg,0,1,0,0,1
c80be4ee4.jpg,0,0,1,0,1
3e1f5caa8.jpg,0,0,0,1,1
690f160a5.jpg,0,0,0,0,0
85e44e158.jpg,0,0,1,0,1
5227eaed2.jpg,0,0,1,0,1
901e8ea73.jpg,0,0,0,0,0
eebc69ef5.jpg,0,0,0,0,0
b0038b54c.jpg,1,1,0,0,1
5c90de9a0.jpg,0,0,0,0,0
7e8dfabba.jpg,0,0,1,0,1
b6fc52f4e.jpg,0,0,1,0,1
8b9c035ec.jpg,0,1,0,0,1
af1debfe3.jpg,0,0,1,0,1
9546b5abe.jpg,0,0,1,0,1
bfc087920.jpg,0,0,0,0,0
0391d44d6.jpg,0,0,1,1,1
436ab2c1e.jpg,0,0,0,0,0
fb227f89f.jpg,0,0,0,0,0
9ed47c324.jpg,0,0,1,0,1
b556cffd3.jpg,0,0,0,0,0
e7f6f95c4.jpg,0,0,0,0,0
84edf7afb.jpg,0,0,1,0,1
61f93524d.jpg,0,0,1,1,1
554710095.jpg,0,0,1,0,1
bc136ed5c.jpg,0,0,1,0,1
d56eec590.jpg,0,0,1,0,1
f6c97e5e7.jpg,0,0,1,0,1
3b1d69c21.jpg,0,0,0,0,0
22f984bc6.jpg,0,0,0,0,0
39ac947b9.jpg,0,0,0,0,0
7d582e90d.jpg,0,0,1,0,1
62b560fca.jpg,0,0,0,0,0
21ab6a3b2.jpg,1,0,1,0,1
9a5f7a855.jpg,0,0,0,0,0
3223ad6e6.jpg,0,0,0,0,0
6b53b62be.jpg,0,1,0,0,1
33279f0c5.jpg,0,0,0,0,0
117a02fa5.jpg,0,0,0,0,0
9789423c2.jpg,0,0,1,0,1
c78564801.jpg,0,0,0,0,0
06f52f4dd.jpg,0,0,1,0,1
f58e82c13.jpg,0,0,0,0,0
3fb1d9448.jpg,0,0,0,1,1
5f5e1e310.jpg,0,0,1,0,1
75fe9024a.jpg,0,0,1,0,1
ffa8210a1.jpg,0,0,0,0,0
fd6208bbc.jpg,1,0,0,0,1
94353a55a.jpg,0,0,0,0,0
aa61a5c9f.jpg,0,0,1,0,1
0794e9e24.jpg,0,0,0,0,0
a5ac1a50b.jpg,0,0,1,0,1
809282641.jpg,0,0,0,0,0
7da0c4484.jpg,0,0,0,0,0
746417f50.jpg,0,0,1,0,1
0b4a68676.jpg,0,0,1,0,1
0fd63823c.jpg,1,0,0,0,1
2b29157fe.jpg,0,0,0,0,0
d762461d5.jpg,0,0,1,0,1
d9285f64c.jpg,0,0,0,0,0
ee0f815a0.jpg,0,0,1,0,1
6c1118c1b.jpg,0,0,1,0,1
7e62bc462.jpg,0,0,1,0,1
ff5483763.jpg,0,0,1,0,1
7c3930f4d.jpg,1,0,0,0,1
5787b6262.jpg,0,0,1,0,1
3a7d9b5c1.jpg,0,1,0,0,1
2a7dd397d.jpg,0,0,0,0,0
41f5ea1f2.jpg,0,1,1,0,1
21318dbb2.jpg,0,0,0,0,0
4422bc417.jpg,0,0,1,1,1
fe9f07422.jpg,0,0,0,0,0
99743b154.jpg,0,0,1,0,1
89dcbb574.jpg,0,0,1,0,1
7b700a1c8.jpg,0,0,0,0,0
ac1a64a23.jpg,0,0,0,0,0
8aa3af3da.jpg,0,0,1,0,1
5e5f3ea95.jpg,0,0,1,1,1
cdbc4d8ec.jpg,0,0,1,0,1
b724e0d0e.jpg,0,0,0,0,0
5e3c6bfd8.jpg,0,0,0,0,0
aa1645714.jpg,0,0,1,0,1
8b119716b.jpg,0,0,0,0,0
4c40deb9a.jpg,0,0,0,0,0
b949db636.jpg,0,0,1,0,1
990431713.jpg,0,0,1,0,1
39fe944cc.jpg,0,0,0,0,0
78556368f.jpg,0,0,1,0,1
2588f15b8.jpg,0,0,0,0,0
36b8651aa.jpg,0,0,1,0,1
c515ddabf.jpg,0,0,1,0,1
3bd0fd84d.jpg,0,0,1,0,1
1fd098a38.jpg,1,0,0,0,1
e036add44.jpg,0,0,1,0,1
0603c2340.jpg,1,0,0,0,1
066bed8c1.jpg,0,0,0,0,0
c94938299.jpg,0,0,0,0,0
4d967fdb0.jpg,0,0,1,0,1
b17fcb164.jpg,0,0,1,0,1
ac0bec1fa.jpg,0,0,1,0,1
f6e140d3c.jpg,0,0,0,0,0
7149874c8.jpg,0,0,1,0,1
da730ca91.jpg,0,0,0,0,0
a0d7cf4d8.jpg,0,0,0,0,0
9341d848d.jpg,0,0,1,0,1
47111332b.jpg,0,0,1,0,1
c7b4afcee.jpg,0,0,0,0,0
a99fdaaab.jpg,0,0,0,0,0
725d2e3da.jpg,0,0,0,0,0
1f2c14ca8.jpg,0,0,0,0,0
6c209695d.jpg,0,0,0,1,1
803789913.jpg,0,0,0,0,0
3ee9a7e10.jpg,0,0,0,0,0
7e65bb413.jpg,0,0,1,0,1
7a835f759.jpg,0,0,0,0,0
a8fc850dc.jpg,0,0,0,0,0
e65e78f68.jpg,0,0,0,0,0
94b398cb1.jpg,0,0,1,0,1
b9d8a4502.jpg,0,0,0,0,0
864e176f3.jpg,0,0,0,0,0
037fca267.jpg,0,0,1,0,1
a634d3a24.jpg,0,0,1,0,1
a9a69d683.jpg,0,0,0,0,0
ec58aa10d.jpg,0,0,1,0,1
882e71082.jpg,0,0,0,0,0
de144dd49.jpg,0,0,1,0,1
6b9bed01e.jpg,0,0,1,0,1
5ba141d56.jpg,1,0,0,0,1
54dd95d41.jpg,0,0,1,0,1
33754aa9b.jpg,0,0,1,0,1
9728351cd.jpg,0,0,0,0,0
c487b1ce1.jpg,0,0,1,0,1
cc0113d2c.jpg,0,0,0,0,0
b6fdc1d5e.jpg,0,0,1,0,1
2e5dab72b.jpg,0,0,1,0,1
3fcd061fc.jpg,1,1,0,0,1
8d23e30d7.jpg,0,0,1,0,1
1717ef156.jpg,0,0,1,0,1
3b2b910c7.jpg,0,0,1,0,1
31179375a.jpg,0,0,0,0,0
10a3cfbce.jpg,0,0,1,0,1
294c646fd.jpg,0,0,1,0,1
2e4308ede.jpg,0,0,0,0,0
a9e1fc1bc.jpg,0,0,1,0,1
985d33724.jpg,0,0,0,0,0
3256b55d4.jpg,0,0,0,0,0
9eb76f829.jpg,0,1,0,0,1
78c446574.jpg,0,0,0,0,0
dbe2d92ec.jpg,0,0,1,0,1
a467f34e0.jpg,0,0,0,0,0
1eb697fe5.jpg,1,0,0,0,1
f41aa7979.jpg,0,0,0,0,0
f36729b47.jpg,0,0,0,0,0
dd3306311.jpg,0,0,0,0,0
22031aa8f.jpg,0,0,1,0,1
ce8c0267e.jpg,0,0,0,0,0
91f059953.jpg,0,0,1,0,1
d2c14891a.jpg,0,0,1,0,1
81effb9b8.jpg,0,0,0,0,0
2752d4d1d.jpg,0,0,0,0,0
ec6d6e7ea.jpg,0,0,0,0,0
a36d791ee.jpg,0,0,0,0,0
3a4f825e7.jpg,0,0,1,0,1
a6b56df05.jpg,0,0,1,0,1
2c4b101db.jpg,0,0,1,1,1
b68a9259a.jpg,0,0,1,1,1
50b542cdd.jpg,0,0,1,0,1
1015a389a.jpg,0,0,0,0,0
d6d2ca6e1.jpg,0,1,1,0,1
e81ee8548.jpg,0,0,1,0,1
1e037a937.jpg,0,0,0,0,0
98ed0f752.jpg,0,0,1,0,1
d13688eac.jpg,0,0,1,0,1
5b202c6f5.jpg,0,0,1,1,1
f6d99d582.jpg,1,0,0,0,1
c2eb19445.jpg,0,0,1,0,1
4fe777e50.jpg,0,0,1,0,1
5f2a4bf0b.jpg,0,0,0,0,0
ce44910a4.jpg,0,0,1,0,1
afb3e0467.jpg,0,0,1,0,1
86cbb2d1f.jpg,1,0,0,0,1
948f9558f.jpg,0,0,1,0,1
8ce96e6e8.jpg,0,0,0,0,0
140e212df.jpg,1,0,0,0,1
cd3c9a39d.jpg,0,0,0,0,0
2849ca6b8.jpg,0,0,0,0,0
15550e6b7.jpg,0,0,0,0,0
e72f4f080.jpg,0,0,0,0,0
13fa1d70d.jpg,0,0,1,1,1
f91d56c49.jpg,0,0,0,0,0
b3139b9a1.jpg,0,0,1,0,1
ada844648.jpg,0,0,1,1,1
a21bfa25a.jpg,0,0,1,0,1
2b56830b9.jpg,0,0,0,0,0
1bed9264f.jpg,0,1,0,0,1
718c48feb.jpg,0,0,0,0,0
31deb6516.jpg,1,0,0,0,1
6df4d30d8.jpg,0,0,0,0,0
2283f2183.jpg,0,0,1,0,1
aea1eb689.jpg,0,0,1,0,1
b881357b7.jpg,0,0,1,0,1
18c141479.jpg,0,0,1,0,1
7018e55f6.jpg,0,0,0,0,0
77670e4c6.jpg,0,0,0,0,0
3668d5804.jpg,0,0,0,0,0
b5e275395.jpg,0,0,0,0,0
1bad143b0.jpg,0,0,0,0,0
1d5f3ecb8.jpg,0,0,1,0,1
3a432ebe9.jpg,0,0,0,0,0
a01bc9da8.jpg,0,0,1,0,1
018ccdfed.jpg,0,0,0,1,1
9d685a825.jpg,0,0,1,0,1
a0256a733.jpg,0,0,1,0,1
83a4b8a34.jpg,0,0,0,0,0
2fa4df2ed.jpg,0,0,1,0,1
ecd8fc5e7.jpg,0,0,0,0,0
402c5369d.jpg,0,0,1,0,1
9d9020e1d.jpg,0,0,1,0,1
e46526f80.jpg,0,0,0,0,0
9426ce32a.jpg,0,0,1,0,1
875d01c22.jpg,0,0,1,0,1
277e3727f.jpg,0,0,1,0,1
162f17999.jpg,0,0,1,0,1
0bb37f2aa.jpg,0,0,1,0,1
5bf66cfa5.jpg,0,0,0,0,0
45e10836b.jpg,0,0,1,0,1
1a4039711.jpg,1,0,0,0,1
de90cb5f1.jpg,0,0,1,0,1
724dd91a0.jpg,0,1,0,0,1
1abb621ee.jpg,1,0,0,0,1
352774634.jpg,0,0,0,0,0
09bb99140.jpg,0,0,0,0,0
5125e4ad6.jpg,0,0,0,0,0
7db619168.jpg,0,0,0,0,0
9e09a89da.jpg,0,0,0,0,0
13432fa74.jpg,0,0,0,0,0
14cc1c6b0.jpg,0,0,0,1,1
431234941.jpg,0,0,1,0,1
10de4f401.jpg,0,0,0,0,0
2c64d5644.jpg,0,0,1,0,1
75361926d.jpg,0,0,0,1,1
7bb3640ce.jpg,1,0,0,0,1
ce34adc8c.jpg,0,0,1,0,1
71fd2d0cc.jpg,0,0,1,0,1
d47e33408.jpg,0,0,0,0,0
885ca98f3.jpg,0,0,0,0,0
fd8e2675c.jpg,0,0,0,0,0
3125e8106.jpg,0,0,0,0,0
10fd19005.jpg,0,0,0,0,0
0606395c5.jpg,0,0,1,0,1
bbe1b1724.jpg,0,0,0,0,0
5e5515e05.jpg,0,0,0,0,0
9d34d1ed3.jpg,0,0,1,0,1
38a63550b.jpg,0,0,0,1,1
c795455ba.jpg,0,0,1,0,1
35619a8ec.jpg,0,0,0,0,0
1b91eb9cb.jpg,0,0,0,0,0
096465b41.jpg,0,0,1,0,1
d41b69a83.jpg,0,0,1,0,1
610a6d546.jpg,0,0,0,0,0
ebfa0cc57.jpg,0,0,0,0,0
bfc38d5ba.jpg,0,0,0,0,0
794ab5277.jpg,0,0,1,0,1
552b86fba.jpg,0,0,0,0,0
bfbdc381c.jpg,0,0,0,0,0
6b513db3b.jpg,0,0,1,1,1
dbed55a94.jpg,0,0,0,0,0
c8a11db96.jpg,0,0,0,0,0
2f2cd264e.jpg,0,0,0,0,0
b418b6f8f.jpg,0,0,0,0,0
402208ee2.jpg,0,0,0,0,0
c74b2baa5.jpg,0,0,0,0,0
f88cdab63.jpg,0,0,0,0,0
17856c79c.jpg,0,0,0,0,0
cb3155db9.jpg,0,0,0,0,0
a7b1e00e6.jpg,0,0,0,0,0
d708fbaa0.jpg,0,0,0,0,0
a4a328b6f.jpg,0,0,0,0,0
0088260da.jpg,0,0,1,0,1
2c37ea89f.jpg,1,0,1,0,1
686579cd4.jpg,0,0,1,0,1
e564abf31.jpg,0,0,0,0,0
b5b5e513b.jpg,0,0,1,0,1
6233c9643.jpg,0,0,1,0,1
c2ee826a9.jpg,0,0,0,0,0
e58764ee5.jpg,0,0,1,0,1
b90f74ebe.jpg,0,0,1,0,1
db4867ee8.jpg,1,1,1,0,1
75f92b24f.jpg,0,0,1,0,1
d51a45df9.jpg,0,0,1,0,1
535970659.jpg,0,0,1,0,1
6207b71f1.jpg,0,0,0,0,0
b0b0ca485.jpg,0,0,0,0,0
6b8389e9b.jpg,0,0,0,0,0
cf48232c6.jpg,0,0,1,1,1
e47ea998e.jpg,0,0,1,0,1
b78ea8d16.jpg,0,0,0,0,0
16aabaf79.jpg,1,0,0,0,1
224e979b5.jpg,0,0,0,0,0
c94bd179c.jpg,0,0,1,0,1
38a1d7aab.jpg,0,0,0,1,1
6d5d698e0.jpg,1,0,0,0,1
679f4601f.jpg,1,0,0,0,1
db3531bcf.jpg,0,0,0,0,0
e5dfaf632.jpg,0,0,1,0,1
ddf1692c2.jpg,0,0,0,1,1
96be77390.jpg,0,0,1,0,1
279b82aaf.jpg,0,0,1,0,1
303f1cb4c.jpg,0,0,0,0,0
d7e693160.jpg,0,0,0,1,1
84df99a15.jpg,0,0,1,0,1
7ed538f87.jpg,0,0,0,0,0
8bf2250f0.jpg,0,0,0,0,0
29348cadb.jpg,0,0,0,0,0
ce817d720.jpg,0,0,0,0,0
4d68a7a1a.jpg,0,0,0,0,0
dc6028399.jpg,0,0,1,0,1
d4f486ee1.jpg,0,0,1,0,1
feec56162.jpg,0,0,0,1,1
ee57ddb83.jpg,0,0,1,0,1
ee44ebd2f.jpg,0,0,0,1,1
da0262fcf.jpg,0,0,1,0,1
e007cfe77.jpg,0,0,1,0,1
bee2f16b2.jpg,0,1,0,0,1
6d6537ae4.jpg,0,0,1,0,1
1aa2ba1b5.jpg,0,0,1,0,1
d1aaada08.jpg,1,0,0,0,1
da515d6df.jpg,0,0,0,0,0
21a0c7160.jpg,0,0,1,0,1
eb2008abd.jpg,0,0,1,0,1
3afb8f1bc.jpg,0,0,1,0,1
974171041.jpg,0,0,0,0,0
2a8a9529b.jpg,0,0,0,0,0
7982045ad.jpg,0,0,1,1,1
cc979e0ef.jpg,0,0,0,0,0
f801dd10b.jpg,0,0,0,0,0
9589d49ee.jpg,0,0,1,0,1
1e893e86c.jpg,0,0,1,0,1
e5875ecbd.jpg,0,0,0,0,0
7612f0d6c.jpg,0,0,1,0,1
cede14189.jpg,0,0,1,0,1
a28a7b7be.jpg,1,0,1,0,1
9202ebeb6.jpg,1,0,0,0,1
20cddf709.jpg,0,0,0,0,0
9ce68c10a.jpg,1,0,1,0,1
7ac177df0.jpg,0,0,1,0,1
3a0dd769b.jpg,0,0,0,0,0
9bc5a31d9.jpg,0,0,0,0,0
54f7648a5.jpg,1,0,0,0,1
37782387c.jpg,0,0,1,0,1
1aa2e159a.jpg,0,0,0,0,0
1c484802f.jpg,0,0,0,0,0
1f7b64701.jpg,1,0,0,0,1
1e963d7f6.jpg,0,0,1,0,1
a0de93374.jpg,1,0,0,0,1
1b2c029b8.jpg,0,0,1,0,1
4ff2ec64b.jpg,0,0,0,0,0
0888e6a84.jpg,0,0,1,1,1
b38f593fd.jpg,0,0,0,1,1
a2d35199d.jpg,0,0,0,0,0
a5e7b9502.jpg,0,0,1,0,1
fcdec6c2f.jpg,0,0,0,0,0
83674f503.jpg,0,0,0,0,0
f8952d06e.jpg,0,0,0,0,0
a4c928e9d.jpg,0,0,0,0,0
467ba206c.jpg,0,0,0,0,0
fe7b99496.jpg,0,0,1,0,1
921dc8805.jpg,0,0,0,0,0
6f5fbfb88.jpg,0,0,0,0,0
a008ffb41.jpg,0,0,0,0,0
4dbe12a7b.jpg,0,0,1,0,1
53e277621.jpg,0,0,0,0,0
f7cf4e28e.jpg,0,0,0,0,0
90246e919.jpg,0,0,0,1,1
9856e7969.jpg,0,0,0,0,0
260928695.jpg,0,0,0,0,0
624ff10c3.jpg,0,0,0,0,0
a34704ab8.jpg,0,0,0,0,0
4c3afd528.jpg,0,0,1,0,1
5a8644849.jpg,0,0,0,0,0
313a8c602.jpg,0,0,0,0,0
c0ceecd96.jpg,0,0,1,0,1
ac4ba5c1a.jpg,0,0,1,0,1
385f291af.jpg,0,0,0,0,0
7365300fe.jpg,0,0,1,0,1
363eb9fdc.jpg,0,0,1,0,1
8ee3a6508.jpg,0,0,0,0,0
ad8d59858.jpg,0,0,1,0,1
8b9649f99.jpg,0,0,0,0,0
1a5f1097f.jpg,0,0,0,0,0
c6458c18b.jpg,0,0,0,0,0
2b53843e0.jpg,0,0,1,0,1
8ac4ba80d.jpg,0,0,0,1,1
7579146ed.jpg,0,1,0,0,1
b3cea5fb4.jpg,0,0,1,0,1
0f9227faf.jpg,0,0,0,0,0
d2945fc9f.jpg,0,0,0,1,1
040de71ca.jpg,0,0,0,0,0
437c133a4.jpg,0,0,0,0,0
5952d06e5.jpg,0,0,0,1,1
329de935b.jpg,0,0,1,0,1
c92de07ea.jpg,0,0,0,0,0
b537ab3ce.jpg,0,0,1,0,1
663248e1d.jpg,0,0,0,0,0
f98ddb64d.jpg,0,0,0,1,1
4613bc12c.jpg,0,0,1,0,1
9ef6d3730.jpg,0,0,0,0,0
ad43f6c96.jpg,0,0,0,0,0
5b0da4889.jpg,0,0,1,0,1
ae5cdf4ea.jpg,0,0,0,0,0
a0058b3fe.jpg,0,0,1,0,1
d68f45dc5.jpg,0,0,1,0,1
e401b6539.jpg,1,0,0,0,1
fbb44ab31.jpg,0,0,1,0,1
404259a55.jpg,0,0,1,0,1
40bd1a5f1.jpg,0,0,1,0,1
93a72a8b6.jpg,0,0,0,0,0
6c011fc34.jpg,1,0,1,0,1
23c9c6cba.jpg,0,0,1,0,1
caf1289d0.jpg,0,0,1,0,1
73458deb4.jpg,0,0,0,0,0
d62bdbfa6.jpg,0,0,0,0,0
02b2d3aa4.jpg,1,0,0,0,1
08605c0eb.jpg,0,0,1,0,1
ee329c310.jpg,0,0,0,0,0
37c100270.jpg,0,0,0,0,0
8d9b43515.jpg,0,0,0,1,1
eda5114ee.jpg,0,0,1,0,1
9d3f69524.jpg,0,0,1,0,1
9c624a8d9.jpg,0,0,0,0,0
3ef68aafe.jpg,0,0,0,0,0
000f6bf48.jpg,0,0,0,1,1
4ba512c11.jpg,0,0,0,0,0
5125317c7.jpg,0,0,1,0,1
79c106c42.jpg,0,0,0,1,1
faa1000af.jpg,0,0,1,0,1
f8bf12de0.jpg,0,0,1,0,1
ff933e271.jpg,0,0,1,0,1
07b627cb9.jpg,0,0,1,0,1
34913b58d.jpg,1,0,0,0,1
eb27105ee.jpg,0,0,0,0,0
b8a9fb7d0.jpg,0,0,1,0,1
1988d45c4.jpg,0,0,1,0,1
c27bf0c0e.jpg,0,0,0,0,0
2e5127c3c.jpg,0,0,0,0,0
54b425e17.jpg,0,0,0,0,0
14003a7d9.jpg,0,0,0,0,0
ae09481ab.jpg,0,0,0,0,0
602a29dac.jpg,0,0,0,0,0
80d43cd25.jpg,0,0,0,0,0
4e2c9230d.jpg,0,0,1,1,1
a10226cb3.jpg,0,0,0,0,0
a6521a8d9.jpg,0,0,0,0,0
01fd320c9.jpg,0,0,1,0,1
ceccb1eef.jpg,1,0,0,0,1
57e4c23bb.jpg,0,0,0,0,0
2b1d39d53.jpg,0,0,1,0,1
a6de0caa4.jpg,0,0,0,0,0
1e1f0b7b0.jpg,0,0,1,0,1
426581acf.jpg,0,0,1,0,1
97bbf0668.jpg,0,0,1,0,1
7e12848ac.jpg,0,0,0,0,0
12baa6dc4.jpg,0,0,0,0,0
4243c7476.jpg,0,0,1,0,1
2fe5addf2.jpg,0,0,0,0,0
da800944b.jpg,0,0,0,0,0
